split,row_index,center,label
train,0,0,1
train,1,0,2
train,2,0,1
train,3,0,3
train,4,0,1
train,5,0,1
train,6,0,3
train,7,0,0
train,8,0,0
train,9,0,0
train,10,0,1
train,11,0,4
train,12,0,2
train,13,0,0
train,14,0,4
train,15,0,1
train,16,0,6
train,17,0,7
train,18,0,1
train,19,0,1
train,20,0,7
train,21,0,1
train,22,0,4
train,23,0,1
train,24,0,0
train,25,0,1
train,26,0,1
train,27,0,2
train,28,0,4
train,29,0,2
train,30,0,1
train,31,0,1
train,32,0,1
train,33,0,1
train,34,0,1
train,35,0,1
train,36,0,0
train,37,0,0
train,38,0,3
train,39,0,1
train,40,0,1
train,41,0,1
train,42,0,0
train,43,0,7
train,44,0,1
train,45,0,1
train,46,0,2
train,47,0,3
train,48,0,0
train,49,0,0
train,50,0,0
train,51,0,2
train,52,0,0
train,53,0,1
train,54,0,4
train,55,0,6
train,56,0,1
train,57,0,4
train,58,0,0
train,59,0,1
train,60,0,1
train,61,0,1
train,62,0,1
train,63,0,1
train,64,0,4
train,65,0,2
train,66,0,1
train,67,0,0
train,68,0,0
train,69,0,1
train,70,0,0
train,71,0,2
train,72,0,1
train,73,0,0
train,74,0,2
train,75,0,3
train,76,0,2
train,77,0,2
train,78,0,0
train,79,0,0
train,80,0,0
train,81,0,1
train,82,0,2
train,83,0,0
train,84,0,1
train,85,0,1
train,86,0,2
train,87,0,2
train,88,0,0
train,89,0,2
train,90,0,1
train,91,0,0
train,92,0,1
train,93,0,7
train,94,0,1
train,95,0,3
train,96,0,1
train,97,0,0
train,98,0,1
train,99,0,4
train,100,0,0
train,101,0,0
train,102,0,2
train,103,0,0
train,104,0,3
train,105,0,3
train,106,0,1
train,107,0,4
train,108,0,4
train,109,0,2
train,110,0,1
train,111,0,0
train,112,0,1
train,113,0,1
train,114,0,1
train,115,0,1
train,116,0,1
train,117,0,3
train,118,0,1
train,119,0,2
train,120,0,1
train,121,0,2
train,122,0,1
train,123,0,7
train,124,0,0
train,125,0,0
train,126,0,0
train,127,0,2
train,128,0,3
train,129,0,3
train,130,0,4
train,131,0,1
train,132,0,0
train,133,0,1
train,134,0,7
train,135,0,0
train,136,0,2
train,137,0,2
train,138,0,1
train,139,0,1
train,140,0,1
train,141,0,1
train,142,0,0
train,143,0,0
train,144,0,2
train,145,0,0
train,146,0,5
train,147,0,2
train,148,0,1
train,149,0,2
train,150,0,0
train,151,0,3
train,152,0,0
train,153,0,1
train,154,0,2
train,155,0,3
train,156,0,2
train,157,0,3
train,158,0,1
train,159,0,4
train,160,0,1
train,161,0,1
train,162,0,2
train,163,0,0
train,164,0,3
train,165,0,0
train,166,0,0
train,167,0,2
train,168,0,2
train,169,0,1
train,170,0,0
train,171,0,1
train,172,0,1
train,173,0,0
train,174,0,3
train,175,0,2
train,176,0,1
train,177,0,0
train,178,0,4
train,179,0,0
train,180,0,0
train,181,0,3
train,182,0,1
train,183,0,1
train,184,0,0
train,185,0,1
train,186,0,2
train,187,0,3
train,188,0,2
train,189,0,1
train,190,0,4
train,191,0,2
train,192,0,4
train,193,0,2
train,194,0,4
train,195,0,0
train,196,0,2
train,197,0,0
train,198,0,1
train,199,0,1
train,200,0,1
train,201,0,0
train,202,0,0
train,203,0,2
train,204,0,2
train,205,0,2
train,206,0,1
train,207,0,2
train,208,0,4
train,209,0,1
train,210,0,0
train,211,0,0
train,212,0,2
train,213,0,2
train,214,0,2
train,215,0,4
train,216,0,0
train,217,0,2
train,218,0,3
train,219,0,4
train,220,0,0
train,221,0,0
train,222,0,2
train,223,0,1
train,224,0,1
train,225,0,2
train,226,0,3
train,227,0,1
train,228,0,2
train,229,0,0
train,230,0,0
train,231,0,3
train,232,0,0
train,233,0,2
train,234,0,0
train,235,0,3
train,236,0,1
train,237,0,5
train,238,0,2
train,239,0,1
train,240,0,1
train,241,0,2
train,242,0,4
train,243,0,4
train,244,0,0
train,245,0,2
train,246,0,1
train,247,0,0
train,248,0,1
train,249,0,1
train,250,0,3
train,251,0,1
train,252,0,1
train,253,0,0
train,254,0,0
train,255,0,2
train,256,0,0
train,257,0,2
train,258,0,3
train,259,0,2
train,260,0,2
train,261,0,0
train,262,0,4
train,263,0,0
train,264,0,1
train,265,0,1
train,266,0,1
train,267,0,2
train,268,0,5
train,269,0,2
train,270,0,0
train,271,0,0
train,272,0,0
train,273,0,2
train,274,0,7
train,275,0,1
train,276,0,3
train,277,0,3
train,278,0,1
train,279,0,1
train,280,0,4
train,281,0,4
train,282,0,1
train,283,0,3
train,284,0,4
train,285,0,4
train,286,0,1
train,287,0,1
train,288,0,1
train,289,0,7
train,290,0,3
train,291,0,0
train,292,0,2
train,293,0,1
train,294,0,0
train,295,0,1
train,296,0,1
train,297,0,0
train,298,0,3
train,299,0,2
train,300,0,1
train,301,0,0
train,302,0,4
train,303,0,2
train,304,0,0
train,305,0,2
train,306,0,0
train,307,0,2
train,308,0,2
train,309,0,0
train,310,0,3
train,311,0,1
train,312,0,4
train,313,0,4
train,314,0,4
train,315,0,4
train,316,0,2
train,317,0,2
train,318,0,2
train,319,0,4
train,320,0,4
train,321,0,1
train,322,0,1
train,323,0,0
train,324,0,1
train,325,0,1
train,326,0,2
train,327,0,0
train,328,0,0
train,329,0,1
train,330,0,1
train,331,0,1
train,332,0,2
train,333,0,0
train,334,0,2
train,335,0,0
train,336,0,4
train,337,0,1
train,338,0,1
train,339,0,1
train,340,0,1
train,341,0,1
train,342,0,2
train,343,0,1
train,344,0,2
train,345,0,1
train,346,0,4
train,347,0,0
train,348,0,1
train,349,0,3
train,350,0,0
train,351,0,2
train,352,0,1
train,353,0,0
train,354,0,4
train,355,0,3
train,356,0,3
train,357,0,2
train,358,0,7
train,359,0,7
train,360,0,0
train,361,0,0
train,362,0,3
train,363,0,0
train,364,0,3
train,365,0,2
train,366,0,0
train,367,0,1
train,368,0,4
train,369,0,0
train,370,0,4
train,371,0,3
train,372,0,1
train,373,0,2
train,374,0,2
train,375,0,0
train,376,0,1
train,377,0,3
train,378,0,1
train,379,0,2
train,380,0,2
train,381,0,1
train,382,0,1
train,383,0,0
train,384,0,0
train,385,0,0
train,386,0,1
train,387,0,1
train,388,0,7
train,389,0,0
train,390,0,2
train,391,0,0
train,392,0,4
train,393,0,0
train,394,0,1
train,395,0,1
train,396,0,3
train,397,0,1
train,398,0,0
train,399,0,1
train,400,0,1
train,401,0,0
train,402,0,0
train,403,0,2
train,404,0,0
train,405,0,0
train,406,0,1
train,407,0,0
train,408,0,4
train,409,0,4
train,410,0,1
train,411,0,0
train,412,0,0
train,413,0,0
train,414,0,7
train,415,0,0
train,416,0,1
train,417,0,2
train,418,0,1
train,419,0,5
train,420,0,0
train,421,0,2
train,422,0,2
train,423,0,0
train,424,0,4
train,425,0,0
train,426,0,0
train,427,0,1
train,428,0,2
train,429,0,1
train,430,0,1
train,431,0,1
train,432,0,1
train,433,0,1
train,434,0,3
train,435,0,0
train,436,0,0
train,437,0,2
train,438,0,0
train,439,0,2
train,440,0,0
train,441,0,4
train,442,0,2
train,443,0,1
train,444,0,0
train,445,0,1
train,446,0,1
train,447,0,2
train,448,0,0
train,449,0,3
train,450,0,2
train,451,0,4
train,452,0,4
train,453,0,2
train,454,0,2
train,455,0,1
train,456,0,0
train,457,0,2
train,458,0,5
train,459,0,2
train,460,0,4
train,461,0,2
train,462,0,2
train,463,0,3
train,464,0,0
train,465,0,3
train,466,0,3
train,467,0,2
train,468,0,2
train,469,0,0
train,470,0,0
train,471,0,2
train,472,0,0
train,473,0,0
train,474,0,2
train,475,0,2
train,476,0,1
train,477,0,4
train,478,0,0
train,479,0,1
train,480,0,0
train,481,0,1
train,482,0,1
train,483,0,0
train,484,0,0
train,485,0,1
train,486,0,2
train,487,0,3
train,488,0,1
train,489,0,0
train,490,0,1
train,491,0,1
train,492,0,4
train,493,0,0
train,494,0,2
train,495,0,0
train,496,0,1
train,497,0,2
train,498,0,0
train,499,0,0
train,500,0,2
train,501,0,4
train,502,0,1
train,503,0,3
train,504,0,2
train,505,0,2
train,506,0,1
train,507,0,1
train,508,0,4
train,509,0,2
train,510,0,0
train,511,0,1
train,512,0,3
train,513,0,0
train,514,0,1
train,515,0,1
train,516,0,2
train,517,0,2
train,518,0,2
train,519,0,1
train,520,0,4
train,521,0,0
train,522,0,0
train,523,0,3
train,524,0,7
train,525,0,1
train,526,0,4
train,527,0,1
train,528,0,2
train,529,0,2
train,530,0,3
train,531,0,1
train,532,0,3
train,533,0,1
train,534,0,2
train,535,0,4
train,536,0,0
train,537,0,0
train,538,0,1
train,539,0,0
train,540,0,0
train,541,0,1
train,542,0,1
train,543,0,0
train,544,0,2
train,545,0,0
train,546,0,1
train,547,0,1
train,548,0,2
train,549,0,2
train,550,0,0
train,551,0,0
train,552,0,4
train,553,0,2
train,554,0,0
train,555,0,2
train,556,0,0
train,557,0,4
train,558,0,1
train,559,0,1
train,560,0,2
train,561,0,1
train,562,0,1
train,563,0,0
train,564,0,0
train,565,0,0
train,566,0,5
train,567,0,2
train,568,0,7
train,569,0,1
train,570,0,1
train,571,0,1
train,572,0,0
train,573,0,3
train,574,0,7
train,575,0,0
train,576,0,2
train,577,0,4
train,578,0,2
train,579,0,2
train,580,0,7
train,581,0,1
train,582,0,1
train,583,0,0
train,584,0,2
train,585,0,0
train,586,0,0
train,587,0,1
train,588,0,2
train,589,0,0
train,590,0,0
train,591,0,2
train,592,0,0
train,593,0,2
train,594,0,2
train,595,0,1
train,596,0,0
train,597,0,1
train,598,0,1
train,599,0,7
train,600,0,1
train,601,0,0
train,602,0,4
train,603,0,0
train,604,0,5
train,605,0,1
train,606,0,1
train,607,0,1
train,608,0,4
train,609,0,2
train,610,0,0
train,611,0,4
train,612,0,0
train,613,0,4
train,614,0,2
train,615,0,4
train,616,0,0
train,617,0,0
train,618,0,0
train,619,0,1
train,620,0,0
train,621,0,5
train,622,0,4
train,623,0,0
train,624,0,3
train,625,0,3
train,626,0,1
train,627,0,4
train,628,0,1
train,629,0,0
train,630,0,0
train,631,0,0
train,632,0,0
train,633,0,2
train,634,0,2
train,635,0,0
train,636,0,4
train,637,0,1
train,638,0,1
train,639,0,1
train,640,0,2
train,641,0,2
train,642,0,0
train,643,0,2
train,644,0,1
train,645,0,7
train,646,0,3
train,647,0,1
train,648,0,1
train,649,0,0
train,650,0,0
train,651,0,1
train,652,0,1
train,653,0,2
train,654,0,1
train,655,0,1
train,656,0,4
train,657,0,0
train,658,0,0
train,659,0,0
train,660,0,1
train,661,0,1
train,662,0,1
train,663,0,3
train,664,0,2
train,665,0,0
train,666,0,3
train,667,0,0
train,668,0,1
train,669,0,2
train,670,0,0
train,671,0,0
train,672,0,0
train,673,0,1
train,674,0,2
train,675,0,1
train,676,0,0
train,677,0,4
train,678,0,0
train,679,0,0
train,680,0,0
train,681,0,0
train,682,0,1
train,683,0,4
train,684,0,1
train,685,0,1
train,686,0,1
train,687,0,4
train,688,0,0
train,689,0,4
train,690,0,1
train,691,0,0
train,692,0,0
train,693,0,2
train,694,0,3
train,695,0,1
train,696,0,1
train,697,0,0
train,698,0,1
train,699,0,1
train,700,0,4
train,701,0,2
train,702,0,1
train,703,0,2
train,704,0,1
train,705,0,1
train,706,0,0
train,707,0,3
train,708,0,1
train,709,0,1
train,710,0,1
train,711,0,1
train,712,0,1
train,713,0,1
train,714,0,1
train,715,0,4
train,716,0,1
train,717,0,2
train,718,0,4
train,719,0,2
train,720,0,3
train,721,0,5
train,722,0,0
train,723,0,1
train,724,0,4
train,725,0,0
train,726,0,4
train,727,0,1
train,728,0,2
train,729,0,2
train,730,0,7
train,731,0,2
train,732,0,1
train,733,0,1
train,734,0,2
train,735,0,2
train,736,0,1
train,737,0,6
train,738,0,1
train,739,0,2
train,740,0,0
train,741,0,2
train,742,0,2
train,743,0,1
train,744,0,0
train,745,0,0
train,746,0,2
train,747,0,3
train,748,0,1
train,749,0,1
train,750,0,0
train,751,0,0
train,752,0,0
train,753,0,1
train,754,0,1
train,755,0,0
train,756,0,4
train,757,0,0
train,758,0,1
train,759,0,2
train,760,0,0
train,761,0,3
train,762,0,2
train,763,0,0
train,764,0,0
train,765,0,1
train,766,0,1
train,767,0,0
train,768,0,2
train,769,0,0
train,770,0,2
train,771,0,3
train,772,0,0
train,773,0,0
train,774,0,4
train,775,0,1
train,776,0,2
train,777,0,2
train,778,0,2
train,779,0,3
train,780,0,3
train,781,0,1
train,782,0,0
train,783,0,2
train,784,0,4
train,785,0,0
train,786,0,0
train,787,0,0
train,788,0,1
train,789,0,0
train,790,0,7
train,791,0,4
train,792,0,0
train,793,0,0
train,794,0,4
train,795,0,5
train,796,0,1
train,797,0,0
train,798,0,0
train,799,0,0
train,800,0,4
train,801,0,0
train,802,0,2
train,803,0,2
train,804,0,2
train,805,0,1
train,806,0,2
train,807,0,0
train,808,0,1
train,809,0,2
train,810,0,2
train,811,0,0
train,812,0,1
train,813,0,4
train,814,0,0
train,815,0,0
train,816,0,1
train,817,0,4
train,818,0,1
train,819,0,1
train,820,0,2
train,821,0,4
train,822,0,0
train,823,0,0
train,824,0,0
train,825,0,1
train,826,0,1
train,827,0,2
train,828,0,0
train,829,0,0
train,830,0,3
train,831,0,3
train,832,0,1
train,833,0,4
train,834,0,2
train,835,0,1
train,836,0,2
train,837,0,0
train,838,0,0
train,839,0,0
train,840,0,2
train,841,0,1
train,842,0,0
train,843,0,0
train,844,0,2
train,845,0,2
train,846,0,0
train,847,0,1
train,848,0,3
train,849,0,0
train,850,0,1
train,851,0,2
train,852,0,1
train,853,0,0
train,854,0,0
train,855,0,2
train,856,0,0
train,857,0,1
train,858,0,7
train,859,0,2
train,860,0,1
train,861,0,0
train,862,0,4
train,863,0,2
train,864,0,1
train,865,0,1
train,866,0,4
train,867,0,4
train,868,0,1
train,869,0,0
train,870,0,1
train,871,0,2
train,872,0,2
train,873,0,0
train,874,0,1
train,875,0,3
train,876,0,1
train,877,0,0
train,878,0,1
train,879,0,2
train,880,0,1
train,881,0,2
train,882,0,1
train,883,0,3
train,884,0,4
train,885,0,2
train,886,0,2
train,887,0,1
train,888,0,1
train,889,0,3
train,890,0,1
train,891,0,3
train,892,0,1
train,893,0,1
train,894,0,2
train,895,0,5
train,896,0,0
train,897,0,1
train,898,0,0
train,899,0,1
train,900,0,1
train,901,0,2
train,902,0,1
train,903,0,7
train,904,0,1
train,905,0,2
train,906,0,7
train,907,0,2
train,908,0,2
train,909,0,1
train,910,0,1
train,911,0,4
train,912,0,4
train,913,0,1
train,914,0,1
train,915,0,2
train,916,0,0
train,917,0,4
train,918,0,4
train,919,0,2
train,920,0,0
train,921,0,4
train,922,0,0
train,923,0,1
train,924,0,7
train,925,0,1
train,926,0,7
train,927,0,1
train,928,0,7
train,929,0,2
train,930,0,1
train,931,0,4
train,932,0,1
train,933,0,1
train,934,0,1
train,935,0,2
train,936,0,0
train,937,0,1
train,938,0,0
train,939,0,3
train,940,0,1
train,941,0,1
train,942,0,0
train,943,0,2
train,944,0,0
train,945,0,1
train,946,0,1
train,947,0,2
train,948,0,4
train,949,0,2
train,950,0,7
train,951,0,0
train,952,0,1
train,953,0,4
train,954,0,0
train,955,0,1
train,956,0,0
train,957,0,1
train,958,0,1
train,959,0,4
train,960,0,1
train,961,0,1
train,962,0,1
train,963,0,1
train,964,0,1
train,965,0,1
train,966,0,1
train,967,0,3
train,968,0,1
train,969,0,0
train,970,0,1
train,971,0,1
train,972,0,3
train,973,0,1
train,974,0,4
train,975,0,1
train,976,0,2
train,977,0,0
train,978,0,7
train,979,0,1
train,980,0,2
train,981,0,2
train,982,0,2
train,983,0,3
train,984,0,0
train,985,0,2
train,986,0,4
train,987,0,0
train,988,0,5
train,989,0,1
train,990,0,3
train,991,0,1
train,992,0,2
train,993,0,0
train,994,0,7
train,995,0,1
train,996,0,1
train,997,0,2
train,998,0,0
train,999,0,1
train,1000,0,7
train,1001,0,1
train,1002,0,2
train,1003,0,0
train,1004,0,1
train,1005,0,2
train,1006,0,2
train,1007,0,3
train,1008,0,0
train,1009,0,1
train,1010,0,2
train,1011,0,1
train,1012,0,1
train,1013,0,0
train,1014,0,3
train,1015,0,3
train,1016,0,1
train,1017,0,4
train,1018,0,2
train,1019,0,4
train,1020,0,0
train,1021,0,1
train,1022,0,2
train,1023,0,1
train,1024,0,0
train,1025,0,0
train,1026,0,7
train,1027,0,4
train,1028,0,1
train,1029,0,0
train,1030,0,0
train,1031,0,1
train,1032,0,7
train,1033,0,0
train,1034,0,2
train,1035,0,2
train,1036,0,4
train,1037,0,0
train,1038,0,2
train,1039,0,4
train,1040,0,1
train,1041,0,1
train,1042,0,1
train,1043,0,7
train,1044,0,6
train,1045,0,4
train,1046,0,2
train,1047,0,0
train,1048,0,0
train,1049,0,1
train,1050,0,1
train,1051,0,0
train,1052,0,1
train,1053,0,1
train,1054,0,0
train,1055,0,1
train,1056,0,0
train,1057,0,1
train,1058,0,1
train,1059,0,1
train,1060,0,4
train,1061,0,1
train,1062,0,2
train,1063,0,0
train,1064,0,0
train,1065,0,0
train,1066,0,1
train,1067,0,1
train,1068,0,3
train,1069,0,5
train,1070,0,0
train,1071,0,3
train,1072,0,7
train,1073,0,4
train,1074,0,0
train,1075,0,2
train,1076,0,0
train,1077,0,2
train,1078,0,1
train,1079,0,4
train,1080,0,0
train,1081,0,2
train,1082,0,0
train,1083,0,0
train,1084,0,5
train,1085,0,4
train,1086,0,1
train,1087,0,1
train,1088,0,1
train,1089,0,3
train,1090,0,0
train,1091,0,1
train,1092,0,2
train,1093,0,7
train,1094,0,1
train,1095,0,1
train,1096,0,2
train,1097,0,1
train,1098,0,2
train,1099,0,6
train,1100,0,1
train,1101,0,4
train,1102,0,1
train,1103,0,1
train,1104,0,0
train,1105,0,4
train,1106,0,7
train,1107,0,2
train,1108,0,1
train,1109,0,0
train,1110,0,1
train,1111,0,4
train,1112,0,0
train,1113,0,2
train,1114,0,2
train,1115,0,2
train,1116,0,4
train,1117,0,4
train,1118,0,2
train,1119,0,1
train,1120,0,0
train,1121,0,6
train,1122,0,2
train,1123,0,1
train,1124,0,1
train,1125,0,2
train,1126,0,2
train,1127,0,3
train,1128,0,4
train,1129,0,4
train,1130,0,1
train,1131,0,1
train,1132,0,2
train,1133,0,4
train,1134,0,1
train,1135,0,4
train,1136,0,2
train,1137,0,0
train,1138,0,2
train,1139,0,3
train,1140,0,2
train,1141,0,1
train,1142,0,1
train,1143,0,1
train,1144,0,1
train,1145,0,4
train,1146,0,0
train,1147,0,0
train,1148,0,1
train,1149,0,0
train,1150,0,7
train,1151,0,4
train,1152,0,7
train,1153,0,0
train,1154,0,1
train,1155,0,0
train,1156,0,2
train,1157,0,1
train,1158,0,0
train,1159,0,1
train,1160,0,0
train,1161,0,1
train,1162,0,4
train,1163,0,2
train,1164,0,1
train,1165,0,1
train,1166,0,2
train,1167,0,7
train,1168,0,0
train,1169,0,0
train,1170,0,4
train,1171,0,1
train,1172,0,2
train,1173,0,1
train,1174,0,7
train,1175,0,1
train,1176,0,0
train,1177,0,1
train,1178,0,0
train,1179,0,0
train,1180,0,0
train,1181,0,1
train,1182,0,1
train,1183,0,1
train,1184,0,7
train,1185,0,1
train,1186,0,0
train,1187,0,1
train,1188,0,2
train,1189,0,1
train,1190,0,0
train,1191,0,4
train,1192,0,4
train,1193,0,2
train,1194,0,4
train,1195,0,0
train,1196,0,2
train,1197,0,0
train,1198,0,1
train,1199,0,0
train,1200,0,2
train,1201,0,1
train,1202,0,0
train,1203,0,1
train,1204,0,1
train,1205,0,2
train,1206,0,2
train,1207,0,1
train,1208,0,2
train,1209,0,2
train,1210,0,1
train,1211,0,4
train,1212,0,3
train,1213,0,7
train,1214,0,4
train,1215,0,1
train,1216,0,1
train,1217,0,0
train,1218,0,3
train,1219,0,0
train,1220,0,3
train,1221,0,4
train,1222,0,3
train,1223,0,0
train,1224,0,2
train,1225,0,4
train,1226,0,1
train,1227,0,3
train,1228,0,1
train,1229,0,2
train,1230,0,1
train,1231,0,0
train,1232,0,0
train,1233,0,1
train,1234,0,0
train,1235,0,1
train,1236,0,1
train,1237,0,1
train,1238,0,0
train,1239,0,0
train,1240,0,4
train,1241,0,1
train,1242,0,2
train,1243,0,0
train,1244,0,3
train,1245,0,1
train,1246,0,6
train,1247,0,2
train,1248,0,2
train,1249,0,1
train,1250,0,2
train,1251,0,1
train,1252,0,4
train,1253,0,2
train,1254,0,3
train,1255,0,2
train,1256,0,3
train,1257,0,3
train,1258,0,0
train,1259,0,0
train,1260,0,4
train,1261,0,0
train,1262,0,1
train,1263,0,2
train,1264,0,2
train,1265,0,0
train,1266,0,1
train,1267,0,2
train,1268,0,1
train,1269,0,4
train,1270,0,1
train,1271,0,2
train,1272,0,1
train,1273,0,2
train,1274,0,1
train,1275,0,0
train,1276,0,2
train,1277,0,2
train,1278,0,4
train,1279,0,4
train,1280,0,1
train,1281,0,0
train,1282,0,1
train,1283,0,3
train,1284,0,2
train,1285,0,1
train,1286,0,1
train,1287,0,7
train,1288,0,1
train,1289,0,1
train,1290,0,1
train,1291,0,3
train,1292,0,1
train,1293,0,2
train,1294,0,0
train,1295,0,1
train,1296,0,2
train,1297,0,0
train,1298,0,4
train,1299,0,0
train,1300,0,0
train,1301,0,4
train,1302,0,7
train,1303,0,0
train,1304,0,0
train,1305,0,2
train,1306,0,2
train,1307,0,4
train,1308,0,2
train,1309,0,1
train,1310,0,1
train,1311,0,1
train,1312,0,0
train,1313,0,0
train,1314,0,3
train,1315,0,0
train,1316,0,2
train,1317,0,1
train,1318,0,0
train,1319,0,3
train,1320,0,2
train,1321,0,0
train,1322,0,1
train,1323,0,1
train,1324,0,2
train,1325,0,2
train,1326,0,7
train,1327,0,7
train,1328,0,1
train,1329,0,1
train,1330,0,1
train,1331,0,4
train,1332,0,0
train,1333,0,4
train,1334,0,1
train,1335,0,2
train,1336,0,4
train,1337,0,3
train,1338,0,0
train,1339,0,4
train,1340,0,1
train,1341,0,3
train,1342,0,0
train,1343,0,1
train,1344,0,2
train,1345,0,1
train,1346,0,0
train,1347,0,1
train,1348,0,0
train,1349,0,0
train,1350,0,1
train,1351,0,0
train,1352,0,2
train,1353,0,1
train,1354,0,0
train,1355,0,3
train,1356,0,2
train,1357,0,1
train,1358,0,1
train,1359,0,1
train,1360,0,2
train,1361,0,4
train,1362,0,2
train,1363,0,2
train,1364,0,0
train,1365,0,1
train,1366,0,5
train,1367,0,2
train,1368,0,2
train,1369,0,7
train,1370,0,1
train,1371,0,2
train,1372,0,1
train,1373,0,2
train,1374,0,1
train,1375,0,1
train,1376,0,2
train,1377,0,0
train,1378,0,1
train,1379,0,2
train,1380,0,1
train,1381,0,6
train,1382,0,1
train,1383,0,0
train,1384,0,0
train,1385,0,4
train,1386,0,2
train,1387,0,0
train,1388,0,0
train,1389,0,2
train,1390,0,0
train,1391,0,2
train,1392,0,0
train,1393,0,2
train,1394,0,1
train,1395,0,2
train,1396,0,2
train,1397,0,7
train,1398,0,1
train,1399,0,2
train,1400,0,2
train,1401,0,1
train,1402,0,1
train,1403,0,2
train,1404,0,4
train,1405,0,2
train,1406,0,0
train,1407,0,2
train,1408,0,2
train,1409,0,2
train,1410,0,1
train,1411,0,1
train,1412,0,0
train,1413,0,4
train,1414,0,2
train,1415,0,1
train,1416,0,0
train,1417,0,2
train,1418,0,1
train,1419,0,2
train,1420,0,0
train,1421,0,0
train,1422,0,3
train,1423,0,1
train,1424,0,1
train,1425,0,1
train,1426,0,4
train,1427,0,3
train,1428,0,1
train,1429,0,0
train,1430,0,2
train,1431,0,1
train,1432,0,1
train,1433,0,1
train,1434,0,2
train,1435,0,0
train,1436,0,1
train,1437,0,0
train,1438,0,4
train,1439,0,2
train,1440,0,1
train,1441,0,2
train,1442,0,0
train,1443,0,1
train,1444,0,1
train,1445,0,0
train,1446,0,0
train,1447,0,2
train,1448,0,1
train,1449,0,1
train,1450,0,1
train,1451,0,3
train,1452,0,0
train,1453,0,0
train,1454,0,1
train,1455,0,0
train,1456,0,4
train,1457,0,1
train,1458,0,1
train,1459,0,4
train,1460,0,1
train,1461,0,1
train,1462,0,1
train,1463,0,1
train,1464,0,3
train,1465,0,0
train,1466,0,0
train,1467,0,1
train,1468,0,4
train,1469,0,1
train,1470,0,4
train,1471,0,1
train,1472,0,3
train,1473,0,4
train,1474,0,0
train,1475,0,1
train,1476,0,3
train,1477,0,0
train,1478,0,4
train,1479,0,4
train,1480,0,1
train,1481,0,1
train,1482,0,0
train,1483,0,1
train,1484,0,4
train,1485,0,7
train,1486,0,1
train,1487,0,2
train,1488,0,2
train,1489,0,4
train,1490,0,1
train,1491,0,1
train,1492,0,3
train,1493,0,1
train,1494,0,4
train,1495,0,2
train,1496,0,2
train,1497,0,1
train,1498,0,2
train,1499,0,1
train,1500,0,0
train,1501,0,0
train,1502,0,0
train,1503,0,4
train,1504,0,1
train,1505,0,2
train,1506,0,1
train,1507,0,1
train,1508,0,1
train,1509,0,0
train,1510,0,2
train,1511,0,1
train,1512,0,3
train,1513,0,2
train,1514,0,2
train,1515,0,0
train,1516,0,0
train,1517,0,2
train,1518,0,1
train,1519,0,4
train,1520,0,1
train,1521,0,0
train,1522,0,0
train,1523,0,2
train,1524,0,0
train,1525,0,2
train,1526,0,4
train,1527,0,2
train,1528,0,1
train,1529,0,1
train,1530,0,0
train,1531,0,0
train,1532,0,1
train,1533,0,5
train,1534,0,0
train,1535,0,2
train,1536,0,2
train,1537,0,1
train,1538,0,0
train,1539,0,0
train,1540,0,0
train,1541,0,3
train,1542,0,0
train,1543,0,1
train,1544,0,3
train,1545,0,1
train,1546,0,1
train,1547,0,1
train,1548,0,3
train,1549,0,1
train,1550,0,2
train,1551,0,7
train,1552,0,2
train,1553,0,1
train,1554,0,0
train,1555,0,2
train,1556,0,7
train,1557,0,2
train,1558,0,2
train,1559,0,4
train,1560,0,2
train,1561,0,3
train,1562,0,1
train,1563,0,3
train,1564,0,1
train,1565,0,4
train,1566,0,2
train,1567,0,2
train,1568,0,2
train,1569,0,2
train,1570,0,3
train,1571,0,0
train,1572,0,4
train,1573,0,1
train,1574,0,1
train,1575,0,2
train,1576,0,1
train,1577,0,1
train,1578,0,3
train,1579,0,1
train,1580,0,1
train,1581,0,2
train,1582,0,0
train,1583,0,0
train,1584,0,1
train,1585,0,4
train,1586,0,1
train,1587,0,2
train,1588,0,2
train,1589,0,1
train,1590,0,2
train,1591,0,2
train,1592,0,1
train,1593,0,0
train,1594,0,2
train,1595,0,0
train,1596,0,1
train,1597,0,0
train,1598,0,2
train,1599,0,2
train,1600,0,4
train,1601,0,4
train,1602,0,1
train,1603,0,3
train,1604,0,1
train,1605,0,2
train,1606,0,1
train,1607,0,0
train,1608,0,0
train,1609,0,4
train,1610,0,0
train,1611,0,5
train,1612,0,4
train,1613,0,1
train,1614,0,2
train,1615,0,1
train,1616,0,1
train,1617,0,1
train,1618,0,1
train,1619,0,3
train,1620,0,0
train,1621,0,2
train,1622,0,0
train,1623,0,0
train,1624,0,0
train,1625,0,4
train,1626,0,1
train,1627,0,1
train,1628,0,1
train,1629,0,0
train,1630,0,2
train,1631,0,0
train,1632,0,2
train,1633,0,1
train,1634,0,0
train,1635,0,0
train,1636,0,4
train,1637,0,4
train,1638,0,1
train,1639,0,4
train,1640,0,2
train,1641,0,0
train,1642,0,3
train,1643,0,0
train,1644,0,1
train,1645,0,0
train,1646,0,3
train,1647,0,0
train,1648,0,1
train,1649,0,1
train,1650,0,2
train,1651,0,2
train,1652,0,0
train,1653,0,0
train,1654,0,3
train,1655,0,4
train,1656,0,4
train,1657,0,4
train,1658,0,2
train,1659,0,1
train,1660,0,0
train,1661,0,1
train,1662,0,3
train,1663,0,2
train,1664,0,4
train,1665,0,1
train,1666,0,1
train,1667,0,7
train,1668,0,1
train,1669,0,1
train,1670,0,2
train,1671,0,0
train,1672,0,3
train,1673,0,0
train,1674,0,3
train,1675,0,0
train,1676,0,1
train,1677,0,2
train,1678,0,2
train,1679,0,1
train,1680,0,0
train,1681,0,1
train,1682,0,3
train,1683,0,1
train,1684,0,2
train,1685,0,0
train,1686,0,4
train,1687,0,2
train,1688,0,1
train,1689,0,1
train,1690,0,1
train,1691,0,2
train,1692,0,2
train,1693,0,1
train,1694,0,1
train,1695,0,0
train,1696,0,1
train,1697,0,0
train,1698,0,4
train,1699,0,1
train,1700,0,1
train,1701,0,4
train,1702,0,3
train,1703,0,1
train,1704,0,0
train,1705,0,2
train,1706,0,2
train,1707,0,1
train,1708,0,1
train,1709,0,1
train,1710,0,4
train,1711,0,1
train,1712,0,4
train,1713,0,0
train,1714,0,0
train,1715,0,1
train,1716,0,7
train,1717,0,2
train,1718,0,0
train,1719,0,1
train,1720,0,1
train,1721,0,1
train,1722,0,0
train,1723,0,2
train,1724,0,1
train,1725,0,1
train,1726,0,0
train,1727,0,7
train,1728,0,2
train,1729,0,1
train,1730,0,1
train,1731,0,0
train,1732,0,1
train,1733,0,3
train,1734,0,1
train,1735,0,4
train,1736,0,1
train,1737,0,0
train,1738,0,1
train,1739,0,2
train,1740,0,3
train,1741,0,1
train,1742,0,1
train,1743,0,2
train,1744,0,0
train,1745,0,1
train,1746,0,4
train,1747,0,4
train,1748,0,1
train,1749,0,7
train,1750,0,2
train,1751,0,0
train,1752,0,1
train,1753,0,1
train,1754,0,0
train,1755,0,7
train,1756,0,0
train,1757,0,2
train,1758,0,1
train,1759,0,1
train,1760,0,0
train,1761,0,4
train,1762,0,0
train,1763,0,0
train,1764,0,2
train,1765,0,1
train,1766,0,2
train,1767,0,1
train,1768,0,5
train,1769,0,4
train,1770,0,1
train,1771,0,1
train,1772,0,2
train,1773,0,1
train,1774,0,2
train,1775,0,1
train,1776,0,1
train,1777,0,0
train,1778,0,0
train,1779,0,1
train,1780,0,1
train,1781,0,2
train,1782,0,1
train,1783,0,1
train,1784,0,7
train,1785,0,4
train,1786,0,0
train,1787,0,2
train,1788,0,2
train,1789,0,1
train,1790,0,1
train,1791,0,2
train,1792,0,0
train,1793,0,2
train,1794,0,1
train,1795,0,1
train,1796,0,0
train,1797,0,2
train,1798,0,2
train,1799,0,0
train,1800,0,1
train,1801,0,4
train,1802,0,0
train,1803,0,1
train,1804,0,1
train,1805,0,0
train,1806,0,0
train,1807,0,0
train,1808,0,0
train,1809,0,2
train,1810,0,2
train,1811,0,2
train,1812,0,1
train,1813,0,1
train,1814,0,1
train,1815,0,0
train,1816,0,2
train,1817,0,0
train,1818,0,1
train,1819,0,1
train,1820,0,1
train,1821,0,2
train,1822,0,1
train,1823,0,0
train,1824,0,0
train,1825,0,2
train,1826,0,0
train,1827,0,4
train,1828,0,0
train,1829,0,1
train,1830,0,1
train,1831,0,0
train,1832,0,1
train,1833,0,1
train,1834,0,2
train,1835,0,2
train,1836,0,7
train,1837,0,2
train,1838,0,1
train,1839,0,1
train,1840,0,4
train,1841,0,0
train,1842,0,0
train,1843,0,2
train,1844,0,4
train,1845,0,3
train,1846,0,2
train,1847,0,1
train,1848,0,2
train,1849,0,4
train,1850,0,1
train,1851,0,4
train,1852,0,0
train,1853,0,7
train,1854,0,0
train,1855,0,1
train,1856,0,4
train,1857,0,1
train,1858,0,1
train,1859,0,2
train,1860,0,1
train,1861,0,2
train,1862,0,0
train,1863,0,0
train,1864,0,0
train,1865,0,0
train,1866,0,3
train,1867,0,0
train,1868,0,1
train,1869,0,2
train,1870,0,4
train,1871,0,1
train,1872,0,4
train,1873,0,1
train,1874,0,0
train,1875,0,2
train,1876,0,1
train,1877,0,1
train,1878,0,0
train,1879,0,0
train,1880,0,2
train,1881,0,2
train,1882,0,2
train,1883,0,0
train,1884,0,2
train,1885,0,2
train,1886,0,7
train,1887,0,1
train,1888,0,4
train,1889,0,0
train,1890,0,1
train,1891,0,1
train,1892,0,0
train,1893,0,0
train,1894,0,6
train,1895,0,3
train,1896,0,2
train,1897,0,7
train,1898,0,4
train,1899,0,3
train,1900,0,7
train,1901,0,2
train,1902,0,4
train,1903,0,3
train,1904,0,1
train,1905,0,2
train,1906,0,0
train,1907,0,2
train,1908,0,1
train,1909,0,1
train,1910,0,4
train,1911,0,0
train,1912,0,1
train,1913,0,0
train,1914,0,0
train,1915,0,0
train,1916,0,1
train,1917,0,1
train,1918,0,2
train,1919,0,1
train,1920,0,1
train,1921,0,2
train,1922,0,2
train,1923,0,0
train,1924,0,2
train,1925,0,1
train,1926,0,2
train,1927,0,0
train,1928,0,0
train,1929,0,1
train,1930,0,6
train,1931,0,2
train,1932,0,0
train,1933,0,3
train,1934,0,1
train,1935,0,1
train,1936,0,0
train,1937,0,6
train,1938,0,1
train,1939,0,1
train,1940,0,0
train,1941,0,4
train,1942,0,1
train,1943,0,2
train,1944,0,1
train,1945,0,1
train,1946,0,0
train,1947,0,2
train,1948,0,4
train,1949,0,1
train,1950,0,1
train,1951,0,1
train,1952,0,1
train,1953,0,0
train,1954,0,1
train,1955,0,2
train,1956,0,2
train,1957,0,1
train,1958,0,0
train,1959,0,3
train,1960,0,2
train,1961,0,1
train,1962,0,0
train,1963,0,0
train,1964,0,2
train,1965,0,0
train,1966,0,1
train,1967,0,1
train,1968,0,1
train,1969,0,4
train,1970,0,1
train,1971,0,1
train,1972,0,2
train,1973,0,1
train,1974,0,2
train,1975,0,2
train,1976,0,2
train,1977,0,1
train,1978,0,1
train,1979,0,0
train,1980,0,2
train,1981,0,0
train,1982,0,2
train,1983,0,1
train,1984,0,0
train,1985,0,1
train,1986,0,6
train,1987,0,0
train,1988,0,4
train,1989,0,0
train,1990,0,1
train,1991,0,1
train,1992,0,0
train,1993,0,2
train,1994,0,0
train,1995,0,0
train,1996,0,0
train,1997,0,1
train,1998,0,0
train,1999,0,4
train,2000,0,0
train,2001,0,0
train,2002,0,2
train,2003,0,1
train,2004,0,0
train,2005,0,1
train,2006,0,1
train,2007,0,0
train,2008,0,1
train,2009,0,1
train,2010,0,4
train,2011,0,1
train,2012,0,3
train,2013,0,2
train,2014,0,2
train,2015,0,0
train,2016,0,2
train,2017,0,1
train,2018,0,2
train,2019,0,1
train,2020,0,5
train,2021,0,7
train,2022,0,1
train,2023,0,2
train,2024,0,2
train,2025,0,1
train,2026,0,0
train,2027,0,1
train,2028,0,4
train,2029,0,1
train,2030,0,2
train,2031,0,1
train,2032,0,2
train,2033,0,0
train,2034,0,1
train,2035,0,0
train,2036,0,3
train,2037,0,7
train,2038,0,1
train,2039,0,0
train,2040,0,0
train,2041,0,2
train,2042,0,2
train,2043,0,5
train,2044,0,7
train,2045,0,1
train,2046,0,1
train,2047,0,2
train,2048,0,0
train,2049,0,1
train,2050,0,0
train,2051,0,0
train,2052,0,2
train,2053,0,4
train,2054,0,1
train,2055,0,2
train,2056,0,1
train,2057,0,2
train,2058,0,2
train,2059,0,4
train,2060,0,1
train,2061,0,1
train,2062,0,2
train,2063,0,2
train,2064,0,1
train,2065,0,0
train,2066,0,0
train,2067,0,3
train,2068,0,3
train,2069,0,0
train,2070,0,4
train,2071,0,1
train,2072,0,2
train,2073,0,4
train,2074,0,1
train,2075,0,1
train,2076,0,2
train,2077,0,0
train,2078,0,5
train,2079,0,2
train,2080,0,1
train,2081,0,1
train,2082,0,0
train,2083,0,3
train,2084,0,1
train,2085,0,3
train,2086,0,4
train,2087,0,1
train,2088,0,7
train,2089,0,0
train,2090,0,0
train,2091,0,1
train,2092,0,5
train,2093,0,1
train,2094,0,7
train,2095,0,2
train,2096,0,1
train,2097,0,1
train,2098,0,4
train,2099,0,2
train,2100,0,1
train,2101,0,1
train,2102,0,2
train,2103,0,2
train,2104,0,4
train,2105,0,0
train,2106,0,0
train,2107,0,1
train,2108,0,2
train,2109,0,1
train,2110,0,2
train,2111,0,2
train,2112,0,2
train,2113,0,1
train,2114,0,1
train,2115,0,3
train,2116,0,2
train,2117,0,2
train,2118,0,2
train,2119,0,4
train,2120,0,1
train,2121,0,2
train,2122,0,2
train,2123,0,1
train,2124,0,1
train,2125,0,1
train,2126,0,2
train,2127,0,1
train,2128,0,4
train,2129,0,0
train,2130,0,1
train,2131,0,3
train,2132,0,1
train,2133,0,3
train,2134,0,0
train,2135,0,2
train,2136,0,1
train,2137,0,2
train,2138,0,0
train,2139,0,7
train,2140,0,1
train,2141,0,1
train,2142,0,1
train,2143,0,1
train,2144,0,2
train,2145,0,1
train,2146,0,4
train,2147,0,1
train,2148,0,1
train,2149,0,2
train,2150,0,0
train,2151,0,3
train,2152,0,0
train,2153,0,1
train,2154,0,2
train,2155,0,0
train,2156,0,0
train,2157,0,1
train,2158,0,0
train,2159,0,5
train,2160,0,4
train,2161,0,0
train,2162,0,2
train,2163,0,1
train,2164,0,0
train,2165,0,1
train,2166,0,0
train,2167,0,4
train,2168,0,0
train,2169,0,1
train,2170,0,3
train,2171,0,0
train,2172,0,1
train,2173,0,2
train,2174,0,1
train,2175,0,1
train,2176,0,1
train,2177,0,2
train,2178,0,1
train,2179,0,1
train,2180,0,1
train,2181,0,1
train,2182,0,1
train,2183,0,3
train,2184,0,0
train,2185,0,2
train,2186,0,2
train,2187,0,0
train,2188,0,4
train,2189,0,1
train,2190,0,0
train,2191,0,0
train,2192,0,3
train,2193,0,0
train,2194,0,0
train,2195,0,0
train,2196,0,1
train,2197,0,1
train,2198,0,2
train,2199,0,2
train,2200,0,1
train,2201,0,2
train,2202,0,3
train,2203,0,3
train,2204,0,0
train,2205,0,3
train,2206,0,2
train,2207,0,6
train,2208,0,1
train,2209,0,0
train,2210,0,0
train,2211,0,3
train,2212,0,7
train,2213,0,1
train,2214,0,4
train,2215,0,2
train,2216,0,1
train,2217,0,1
train,2218,0,1
train,2219,0,2
train,2220,0,2
train,2221,0,2
train,2222,0,2
train,2223,0,6
train,2224,0,0
train,2225,0,0
train,2226,0,1
train,2227,0,0
train,2228,0,4
train,2229,0,2
train,2230,0,0
train,2231,0,1
train,2232,0,4
train,2233,0,3
train,2234,0,0
train,2235,0,2
train,2236,0,0
train,2237,0,2
train,2238,0,1
train,2239,0,4
train,2240,0,2
train,2241,0,0
train,2242,0,2
train,2243,0,1
train,2244,0,2
train,2245,0,0
train,2246,0,1
train,2247,0,0
train,2248,0,1
train,2249,0,2
train,2250,0,4
train,2251,0,1
train,2252,0,2
train,2253,0,2
train,2254,0,0
train,2255,0,0
train,2256,0,0
train,2257,0,1
train,2258,0,1
train,2259,0,1
train,2260,0,1
train,2261,0,4
train,2262,0,1
train,2263,0,4
train,2264,0,2
train,2265,0,4
train,2266,0,1
train,2267,0,2
train,2268,0,1
train,2269,0,1
train,2270,0,0
train,2271,0,2
train,2272,0,2
train,2273,0,2
train,2274,0,2
train,2275,0,3
train,2276,0,0
train,2277,0,1
train,2278,0,4
train,2279,0,0
train,2280,0,1
train,2281,0,1
train,2282,0,3
train,2283,0,4
train,2284,0,1
train,2285,0,1
train,2286,0,1
train,2287,0,2
train,2288,0,4
train,2289,0,2
train,2290,0,2
train,2291,0,2
train,2292,0,1
train,2293,0,2
train,2294,0,1
train,2295,0,1
train,2296,0,1
train,2297,0,1
train,2298,0,3
train,2299,0,2
train,2300,0,1
train,2301,0,2
train,2302,0,1
train,2303,0,1
train,2304,0,0
train,2305,0,0
train,2306,0,2
train,2307,0,1
train,2308,0,0
train,2309,0,2
train,2310,0,1
train,2311,0,1
train,2312,0,1
train,2313,0,1
train,2314,0,1
train,2315,0,0
train,2316,0,2
train,2317,0,1
train,2318,0,1
train,2319,0,1
train,2320,0,1
train,2321,0,2
train,2322,0,2
train,2323,0,1
train,2324,0,0
train,2325,0,2
train,2326,0,4
train,2327,0,2
train,2328,0,1
train,2329,0,6
train,2330,0,7
train,2331,0,4
train,2332,0,4
train,2333,0,1
train,2334,0,0
train,2335,0,2
train,2336,0,0
train,2337,0,0
train,2338,0,2
train,2339,0,1
train,2340,0,2
train,2341,0,2
train,2342,0,1
train,2343,0,2
train,2344,0,0
train,2345,0,5
train,2346,0,1
train,2347,0,1
train,2348,0,1
train,2349,0,0
train,2350,0,1
train,2351,0,1
train,2352,0,1
train,2353,0,4
train,2354,0,2
train,2355,0,1
train,2356,0,0
train,2357,0,1
train,2358,0,2
train,2359,0,7
train,2360,0,2
train,2361,0,1
train,2362,0,0
train,2363,0,1
train,2364,0,2
train,2365,0,0
train,2366,0,0
train,2367,0,1
train,2368,0,0
train,2369,0,1
train,2370,0,2
train,2371,0,5
train,2372,0,2
train,2373,0,1
train,2374,0,2
train,2375,0,0
train,2376,0,2
train,2377,0,1
train,2378,0,0
train,2379,0,1
train,2380,0,2
train,2381,0,1
train,2382,0,0
train,2383,0,2
train,2384,0,3
train,2385,0,3
train,2386,0,3
train,2387,0,0
train,2388,0,0
train,2389,0,1
train,2390,0,2
train,2391,0,3
train,2392,0,3
train,2393,0,4
train,2394,0,2
train,2395,0,1
train,2396,0,0
train,2397,0,1
train,2398,0,0
train,2399,0,1
train,2400,0,1
train,2401,0,1
train,2402,0,4
train,2403,0,3
train,2404,0,2
train,2405,0,1
train,2406,0,0
train,2407,0,7
train,2408,0,1
train,2409,0,1
train,2410,0,1
train,2411,0,7
train,2412,0,4
train,2413,0,1
train,2414,0,0
train,2415,0,2
train,2416,0,3
train,2417,0,1
train,2418,0,2
train,2419,0,2
train,2420,0,0
train,2421,0,1
train,2422,0,1
train,2423,0,7
train,2424,0,2
train,2425,0,1
train,2426,0,2
train,2427,0,3
train,2428,0,1
train,2429,0,0
train,2430,0,2
train,2431,0,0
train,2432,0,7
train,2433,0,0
train,2434,0,1
train,2435,0,1
train,2436,0,0
train,2437,0,1
train,2438,0,0
train,2439,0,7
train,2440,0,1
train,2441,0,1
train,2442,0,2
train,2443,0,2
train,2444,0,1
train,2445,0,1
train,2446,0,3
train,2447,0,1
train,2448,0,3
train,2449,0,5
train,2450,0,0
train,2451,0,1
train,2452,0,6
train,2453,0,2
train,2454,0,2
train,2455,0,4
train,2456,0,0
train,2457,0,4
train,2458,0,2
train,2459,0,2
train,2460,0,4
train,2461,0,0
train,2462,0,0
train,2463,0,3
train,2464,0,2
train,2465,0,4
train,2466,0,1
train,2467,0,7
train,2468,0,1
train,2469,0,3
train,2470,0,2
train,2471,0,1
train,2472,0,1
train,2473,0,2
train,2474,0,2
train,2475,0,0
train,2476,0,7
train,2477,0,4
train,2478,0,0
train,2479,0,1
train,2480,0,2
train,2481,0,3
train,2482,0,0
train,2483,0,7
train,2484,0,7
train,2485,0,1
train,2486,0,1
train,2487,0,2
train,2488,0,1
train,2489,0,1
train,2490,0,1
train,2491,0,2
train,2492,0,1
train,2493,0,0
train,2494,0,0
train,2495,0,1
train,2496,0,2
train,2497,0,5
train,2498,0,2
train,2499,0,4
train,2500,0,0
train,2501,0,0
train,2502,0,6
train,2503,0,0
train,2504,0,0
train,2505,0,0
train,2506,0,2
train,2507,0,2
train,2508,0,1
train,2509,0,0
train,2510,0,0
train,2511,0,4
train,2512,0,0
train,2513,0,2
train,2514,0,1
train,2515,0,1
train,2516,0,1
train,2517,0,1
train,2518,0,0
train,2519,0,0
train,2520,0,2
train,2521,0,1
train,2522,0,3
train,2523,0,4
train,2524,0,2
train,2525,0,1
train,2526,0,1
train,2527,0,1
train,2528,0,1
train,2529,0,0
train,2530,0,0
train,2531,0,7
train,2532,0,3
train,2533,0,1
train,2534,0,1
train,2535,0,1
train,2536,0,3
train,2537,0,2
train,2538,0,4
train,2539,0,1
train,2540,0,2
train,2541,0,2
train,2542,0,0
train,2543,0,4
train,2544,0,2
train,2545,0,0
train,2546,0,1
train,2547,0,1
train,2548,0,0
train,2549,0,4
train,2550,0,3
train,2551,0,3
train,2552,0,0
train,2553,0,1
train,2554,0,4
train,2555,0,2
train,2556,0,4
train,2557,0,2
train,2558,0,2
train,2559,0,3
train,2560,0,7
train,2561,0,6
train,2562,0,4
train,2563,0,5
train,2564,0,2
train,2565,0,0
train,2566,0,1
train,2567,0,0
train,2568,0,1
train,2569,0,1
train,2570,0,0
train,2571,0,4
train,2572,0,4
train,2573,0,1
train,2574,0,3
train,2575,0,1
train,2576,0,1
train,2577,0,2
train,2578,0,1
train,2579,0,0
train,2580,0,1
train,2581,0,1
train,2582,0,0
train,2583,0,1
train,2584,0,1
train,2585,0,1
train,2586,0,1
train,2587,0,2
train,2588,0,2
train,2589,0,0
train,2590,0,0
train,2591,0,3
train,2592,0,2
train,2593,0,1
train,2594,0,3
train,2595,0,1
train,2596,0,3
train,2597,0,1
train,2598,0,2
train,2599,0,3
train,2600,0,1
train,2601,0,5
train,2602,0,0
train,2603,0,0
train,2604,0,2
train,2605,0,1
train,2606,0,4
train,2607,0,2
train,2608,0,0
train,2609,0,1
train,2610,0,3
train,2611,0,0
train,2612,0,1
train,2613,0,1
train,2614,0,2
train,2615,0,0
train,2616,0,0
train,2617,0,0
train,2618,0,7
train,2619,0,4
train,2620,0,1
train,2621,0,4
train,2622,0,0
train,2623,0,1
train,2624,0,0
train,2625,0,2
train,2626,0,0
train,2627,0,1
train,2628,0,3
train,2629,0,2
train,2630,0,2
train,2631,0,1
train,2632,0,4
train,2633,0,2
train,2634,0,4
train,2635,0,1
train,2636,0,2
train,2637,0,0
train,2638,0,0
train,2639,0,2
train,2640,0,0
train,2641,0,4
train,2642,0,4
train,2643,0,0
train,2644,0,1
train,2645,0,1
train,2646,0,1
train,2647,0,1
train,2648,0,1
train,2649,0,0
train,2650,0,3
train,2651,0,2
train,2652,0,0
train,2653,0,3
train,2654,0,0
train,2655,0,0
train,2656,0,0
train,2657,0,0
train,2658,0,0
train,2659,0,1
train,2660,0,2
train,2661,0,4
train,2662,0,1
train,2663,0,2
train,2664,0,1
train,2665,0,2
train,2666,0,7
train,2667,0,1
train,2668,0,3
train,2669,0,1
train,2670,0,3
train,2671,0,1
train,2672,0,0
train,2673,0,2
train,2674,0,7
train,2675,0,0
train,2676,0,4
train,2677,0,4
train,2678,0,2
train,2679,0,1
train,2680,0,5
train,2681,0,1
train,2682,0,4
train,2683,0,1
train,2684,0,1
train,2685,0,0
train,2686,0,5
train,2687,0,3
train,2688,0,1
train,2689,0,0
train,2690,0,4
train,2691,0,2
train,2692,0,0
train,2693,0,1
train,2694,0,0
train,2695,0,2
train,2696,0,1
train,2697,0,4
train,2698,0,1
train,2699,0,1
train,2700,0,0
train,2701,0,1
train,2702,0,1
train,2703,0,1
train,2704,0,0
train,2705,0,7
train,2706,0,0
train,2707,0,0
train,2708,0,2
train,2709,0,2
train,2710,0,1
train,2711,0,1
train,2712,0,0
train,2713,0,2
train,2714,0,7
train,2715,0,2
train,2716,0,0
train,2717,0,1
train,2718,0,2
train,2719,0,1
train,2720,0,1
train,2721,0,0
train,2722,0,2
train,2723,0,2
train,2724,0,1
train,2725,0,7
train,2726,0,2
train,2727,0,1
train,2728,0,7
train,2729,0,0
train,2730,0,4
train,2731,0,0
train,2732,0,2
train,2733,0,1
train,2734,0,1
train,2735,0,0
train,2736,0,1
train,2737,0,1
train,2738,0,1
train,2739,0,2
train,2740,0,3
train,2741,0,0
train,2742,0,2
train,2743,0,0
train,2744,0,0
train,2745,0,2
train,2746,0,3
train,2747,0,1
train,2748,0,1
train,2749,0,1
train,2750,0,1
train,2751,0,0
train,2752,0,4
train,2753,0,2
train,2754,0,0
train,2755,0,0
train,2756,0,5
train,2757,0,1
train,2758,0,1
train,2759,0,0
train,2760,0,4
train,2761,0,3
train,2762,0,1
train,2763,0,2
train,2764,0,0
train,2765,0,1
train,2766,0,2
train,2767,0,1
train,2768,0,2
train,2769,0,1
train,2770,0,0
train,2771,0,5
train,2772,0,1
train,2773,0,0
train,2774,0,0
train,2775,0,2
train,2776,0,2
train,2777,0,0
train,2778,0,3
train,2779,0,0
train,2780,0,3
train,2781,0,4
train,2782,0,2
train,2783,0,0
train,2784,0,0
train,2785,0,2
train,2786,0,1
train,2787,0,3
train,2788,0,1
train,2789,0,2
train,2790,0,1
train,2791,0,0
train,2792,0,1
train,2793,0,1
train,2794,0,4
train,2795,0,0
train,2796,0,1
train,2797,0,1
train,2798,0,2
train,2799,0,0
train,2800,0,0
train,2801,0,0
train,2802,0,0
train,2803,0,3
train,2804,0,2
train,2805,0,1
train,2806,0,4
train,2807,0,2
train,2808,0,3
train,2809,0,4
train,2810,0,2
train,2811,0,1
train,2812,0,2
train,2813,0,1
train,2814,0,2
train,2815,0,0
train,2816,0,1
train,2817,0,2
train,2818,0,3
train,2819,0,1
train,2820,0,1
train,2821,0,2
train,2822,0,2
train,2823,0,0
train,2824,0,0
train,2825,0,1
train,2826,0,1
train,2827,0,4
train,2828,0,1
train,2829,0,2
train,2830,0,1
train,2831,0,1
train,2832,0,7
train,2833,0,0
train,2834,0,7
train,2835,0,0
train,2836,0,0
train,2837,0,4
train,2838,0,1
train,2839,0,4
train,2840,0,1
train,2841,0,1
train,2842,0,0
train,2843,0,0
train,2844,0,1
train,2845,0,1
train,2846,0,1
train,2847,0,1
train,2848,0,0
train,2849,0,2
train,2850,0,0
train,2851,0,5
train,2852,0,2
train,2853,0,1
train,2854,0,2
train,2855,0,1
train,2856,0,5
train,2857,0,4
train,2858,0,3
train,2859,0,0
train,2860,0,2
train,2861,0,5
train,2862,0,0
train,2863,0,0
train,2864,0,1
train,2865,0,4
train,2866,0,0
train,2867,0,6
train,2868,0,2
train,2869,0,5
train,2870,0,4
train,2871,0,2
train,2872,0,4
train,2873,0,1
train,2874,0,2
train,2875,0,0
train,2876,0,1
train,2877,0,2
train,2878,0,1
train,2879,0,4
train,2880,0,4
train,2881,0,4
train,2882,0,1
train,2883,0,2
train,2884,0,3
train,2885,0,2
train,2886,0,1
train,2887,0,2
train,2888,0,1
train,2889,0,1
train,2890,0,1
train,2891,0,0
train,2892,0,2
train,2893,0,4
train,2894,0,1
train,2895,0,0
train,2896,0,4
train,2897,0,1
train,2898,0,1
train,2899,0,0
train,2900,0,0
train,2901,0,4
train,2902,0,2
train,2903,0,2
train,2904,0,1
train,2905,0,1
train,2906,0,2
train,2907,0,1
train,2908,0,2
train,2909,0,2
train,2910,0,1
train,2911,0,1
train,2912,0,1
train,2913,0,4
train,2914,0,1
train,2915,0,1
train,2916,0,1
train,2917,0,1
train,2918,0,2
train,2919,0,0
train,2920,0,0
train,2921,0,2
train,2922,0,1
train,2923,0,2
train,2924,0,2
train,2925,0,2
train,2926,0,0
train,2927,0,4
train,2928,0,2
train,2929,0,0
train,2930,0,1
train,2931,0,3
train,2932,0,3
train,2933,0,2
train,2934,0,0
train,2935,0,4
train,2936,0,0
train,2937,0,2
train,2938,0,1
train,2939,0,1
train,2940,0,0
train,2941,0,2
train,2942,0,1
train,2943,0,2
train,2944,0,4
train,2945,0,1
train,2946,0,2
train,2947,0,3
train,2948,0,1
train,2949,0,0
train,2950,0,1
train,2951,0,3
train,2952,0,3
train,2953,0,1
train,2954,0,1
train,2955,0,1
train,2956,0,1
train,2957,0,0
train,2958,0,7
train,2959,0,0
train,2960,0,4
train,2961,0,0
train,2962,0,0
train,2963,0,2
train,2964,0,3
train,2965,0,2
train,2966,0,2
train,2967,0,3
train,2968,0,2
train,2969,0,4
train,2970,0,2
train,2971,0,4
train,2972,0,2
train,2973,0,0
train,2974,0,2
train,2975,0,1
train,2976,0,0
train,2977,0,0
train,2978,0,2
train,2979,0,1
train,2980,0,1
train,2981,0,1
train,2982,0,1
train,2983,0,1
train,2984,0,4
train,2985,0,0
train,2986,0,1
train,2987,0,2
train,2988,0,2
train,2989,0,0
train,2990,0,1
train,2991,0,1
train,2992,0,1
train,2993,0,4
train,2994,0,1
train,2995,0,2
train,2996,0,4
train,2997,0,1
train,2998,0,1
train,2999,0,1
train,3000,0,0
train,3001,0,2
train,3002,0,1
train,3003,0,4
train,3004,0,4
train,3005,0,1
train,3006,0,1
train,3007,0,3
train,3008,0,1
train,3009,0,6
train,3010,0,1
train,3011,0,0
train,3012,0,3
train,3013,0,1
train,3014,0,1
train,3015,0,3
train,3016,0,3
train,3017,0,1
train,3018,0,3
train,3019,0,1
train,3020,0,0
train,3021,0,2
train,3022,0,1
train,3023,0,0
train,3024,0,3
train,3025,0,1
train,3026,0,2
train,3027,0,0
train,3028,0,0
train,3029,0,2
train,3030,0,0
train,3031,0,0
train,3032,0,0
train,3033,0,0
train,3034,0,1
train,3035,0,0
train,3036,0,4
train,3037,0,1
train,3038,0,4
train,3039,0,1
train,3040,0,4
train,3041,0,4
train,3042,0,4
train,3043,0,0
train,3044,0,0
train,3045,0,0
train,3046,0,4
train,3047,0,0
train,3048,0,2
train,3049,0,2
train,3050,0,2
train,3051,0,1
train,3052,0,1
train,3053,0,2
train,3054,0,1
train,3055,0,1
train,3056,0,7
train,3057,0,1
train,3058,0,5
train,3059,0,1
train,3060,0,1
train,3061,0,1
train,3062,0,1
train,3063,0,4
train,3064,0,2
train,3065,0,0
train,3066,0,1
train,3067,0,2
train,3068,0,0
train,3069,0,7
train,3070,0,7
train,3071,0,0
train,3072,0,2
train,3073,0,1
train,3074,0,1
train,3075,0,1
train,3076,0,3
train,3077,0,4
train,3078,0,1
train,3079,0,3
train,3080,0,1
train,3081,0,1
train,3082,0,1
train,3083,0,1
train,3084,0,1
train,3085,0,1
train,3086,0,3
train,3087,0,1
train,3088,0,0
train,3089,0,6
train,3090,0,1
train,3091,0,1
train,3092,0,0
train,3093,0,0
train,3094,0,7
train,3095,0,1
train,3096,0,2
train,3097,0,1
train,3098,0,2
train,3099,0,0
train,3100,0,0
train,3101,0,1
train,3102,0,5
train,3103,0,0
train,3104,0,1
train,3105,0,1
train,3106,0,3
train,3107,0,1
train,3108,0,3
train,3109,0,1
train,3110,0,2
train,3111,0,4
train,3112,0,1
train,3113,0,0
train,3114,0,2
train,3115,0,3
train,3116,0,1
train,3117,0,1
train,3118,0,2
train,3119,0,4
train,3120,0,2
train,3121,0,1
train,3122,0,1
train,3123,0,0
train,3124,0,0
train,3125,0,0
train,3126,0,1
train,3127,0,0
train,3128,0,2
train,3129,0,4
train,3130,0,0
train,3131,0,1
train,3132,0,0
train,3133,0,0
train,3134,0,1
train,3135,0,1
train,3136,0,4
train,3137,0,1
train,3138,0,2
train,3139,0,4
train,3140,0,2
train,3141,0,4
train,3142,0,0
train,3143,0,1
train,3144,0,2
train,3145,0,2
train,3146,0,1
train,3147,0,4
train,3148,0,1
train,3149,0,0
train,3150,0,1
train,3151,0,4
train,3152,0,1
train,3153,0,1
train,3154,0,1
train,3155,0,3
train,3156,0,1
train,3157,0,2
train,3158,0,3
train,3159,0,1
train,3160,0,0
train,3161,0,2
train,3162,0,1
train,3163,0,4
train,3164,0,4
train,3165,0,0
train,3166,0,2
train,3167,0,0
train,3168,0,3
train,3169,0,0
train,3170,0,0
train,3171,0,2
train,3172,0,1
train,3173,0,1
train,3174,0,2
train,3175,0,1
train,3176,0,1
train,3177,0,2
train,3178,0,3
train,3179,0,2
train,3180,0,0
train,3181,0,1
train,3182,0,3
train,3183,0,0
train,3184,0,2
train,3185,0,4
train,3186,0,2
train,3187,0,4
train,3188,0,1
train,3189,0,2
train,3190,0,4
train,3191,0,1
train,3192,0,2
train,3193,0,2
train,3194,0,0
train,3195,0,2
train,3196,0,2
train,3197,0,1
train,3198,0,0
train,3199,0,1
train,3200,0,0
train,3201,0,2
train,3202,0,3
train,3203,0,1
train,3204,0,7
train,3205,0,7
train,3206,0,2
train,3207,0,2
train,3208,0,4
train,3209,0,2
train,3210,0,1
train,3211,0,2
train,3212,0,2
train,3213,0,0
train,3214,0,2
train,3215,0,1
train,3216,0,2
train,3217,0,0
train,3218,0,3
train,3219,0,0
train,3220,0,2
train,3221,0,0
train,3222,0,0
train,3223,0,0
train,3224,0,2
train,3225,0,1
train,3226,0,4
train,3227,0,2
train,3228,0,2
train,3229,0,2
train,3230,0,1
train,3231,0,2
train,3232,0,1
train,3233,0,2
train,3234,0,7
train,3235,0,1
train,3236,0,4
train,3237,0,1
train,3238,0,1
train,3239,0,0
train,3240,0,2
train,3241,0,4
train,3242,0,1
train,3243,0,1
train,3244,0,0
train,3245,0,1
train,3246,0,4
train,3247,0,4
train,3248,0,0
train,3249,0,0
train,3250,0,1
train,3251,0,1
train,3252,0,3
train,3253,0,7
train,3254,0,0
train,3255,0,2
train,3256,0,0
train,3257,0,1
train,3258,0,2
train,3259,0,1
train,3260,0,1
train,3261,0,2
train,3262,0,0
train,3263,0,0
train,3264,0,0
train,3265,0,1
train,3266,0,2
train,3267,0,1
train,3268,0,3
train,3269,0,4
train,3270,0,7
train,3271,0,1
train,3272,0,4
train,3273,0,2
train,3274,0,1
train,3275,0,1
train,3276,0,1
train,3277,0,2
train,3278,0,1
train,3279,0,3
train,3280,0,2
train,3281,0,2
train,3282,0,2
train,3283,0,0
train,3284,0,1
train,3285,0,2
train,3286,0,0
train,3287,0,1
train,3288,0,0
train,3289,0,4
train,3290,0,1
train,3291,0,1
train,3292,0,2
train,3293,0,1
train,3294,0,3
train,3295,0,2
train,3296,0,0
train,3297,0,1
train,3298,0,7
train,3299,0,1
train,3300,0,0
train,3301,0,6
train,3302,0,1
train,3303,0,2
train,3304,0,1
train,3305,0,1
train,3306,0,2
train,3307,0,2
train,3308,0,1
train,3309,0,1
train,3310,0,0
train,3311,0,1
train,3312,0,0
train,3313,0,0
train,3314,0,2
train,3315,0,0
train,3316,0,2
train,3317,0,1
train,3318,0,2
train,3319,0,0
train,3320,0,1
train,3321,0,1
train,3322,0,0
train,3323,0,1
train,3324,0,5
train,3325,0,7
train,3326,0,4
train,3327,0,0
train,3328,0,1
train,3329,0,0
train,3330,0,2
train,3331,0,0
train,3332,0,1
train,3333,0,1
train,3334,0,1
train,3335,0,0
train,3336,0,0
train,3337,0,3
train,3338,0,4
train,3339,0,1
train,3340,0,3
train,3341,0,1
train,3342,0,4
train,3343,0,0
train,3344,0,1
train,3345,0,7
train,3346,0,0
train,3347,0,1
train,3348,0,2
train,3349,0,2
train,3350,0,1
train,3351,0,1
train,3352,0,2
train,3353,0,2
train,3354,0,1
train,3355,0,1
train,3356,0,2
train,3357,0,1
train,3358,0,3
train,3359,0,7
train,3360,0,1
train,3361,0,6
train,3362,0,2
train,3363,0,1
train,3364,0,2
train,3365,0,5
train,3366,0,2
train,3367,0,1
train,3368,0,2
train,3369,0,2
train,3370,0,1
train,3371,0,3
train,3372,0,1
train,3373,0,2
train,3374,0,2
train,3375,0,2
train,3376,0,0
train,3377,0,1
train,3378,0,2
train,3379,0,1
train,3380,0,0
train,3381,0,4
train,3382,0,1
train,3383,0,4
train,3384,0,0
train,3385,0,7
train,3386,0,1
train,3387,0,2
train,3388,0,1
train,3389,0,3
train,3390,0,2
train,3391,0,0
train,3392,0,0
train,3393,0,0
train,3394,0,2
train,3395,0,2
train,3396,0,7
train,3397,0,0
train,3398,0,7
train,3399,0,2
train,3400,0,2
train,3401,0,1
train,3402,0,2
train,3403,0,0
train,3404,0,2
train,3405,0,1
train,3406,0,1
train,3407,0,1
train,3408,0,1
train,3409,0,1
train,3410,0,1
train,3411,0,1
train,3412,0,1
train,3413,0,0
train,3414,0,0
train,3415,0,1
train,3416,0,1
train,3417,0,0
train,3418,0,3
train,3419,0,1
train,3420,0,4
train,3421,0,1
train,3422,0,0
train,3423,0,1
train,3424,0,0
train,3425,0,1
train,3426,0,2
train,3427,0,2
train,3428,0,2
train,3429,0,1
train,3430,0,0
train,3431,0,2
train,3432,0,4
train,3433,0,1
train,3434,0,2
train,3435,0,0
train,3436,0,0
train,3437,0,2
train,3438,0,1
train,3439,0,0
train,3440,0,2
train,3441,0,1
train,3442,0,0
train,3443,0,0
train,3444,0,0
train,3445,0,4
train,3446,0,0
train,3447,0,2
train,3448,0,0
train,3449,0,4
train,3450,0,2
train,3451,0,2
train,3452,0,2
train,3453,0,0
train,3454,0,0
train,3455,0,1
train,3456,0,1
train,3457,0,1
train,3458,0,1
train,3459,0,2
train,3460,0,1
train,3461,0,3
train,3462,0,1
train,3463,0,2
train,3464,0,0
train,3465,0,1
train,3466,0,1
train,3467,0,3
train,3468,0,1
train,3469,0,1
train,3470,0,1
train,3471,0,0
train,3472,0,4
train,3473,0,1
train,3474,0,2
train,3475,0,0
train,3476,0,1
train,3477,0,1
train,3478,0,0
train,3479,0,1
train,3480,0,1
train,3481,0,1
train,3482,0,0
train,3483,0,2
train,3484,0,2
train,3485,0,1
train,3486,0,1
train,3487,0,0
train,3488,0,2
train,3489,0,2
train,3490,0,0
train,3491,0,1
train,3492,0,2
train,3493,0,4
train,3494,0,7
train,3495,0,0
train,3496,0,0
train,3497,0,2
train,3498,0,0
train,3499,0,4
train,3500,0,6
train,3501,0,2
train,3502,0,1
train,3503,0,0
train,3504,0,1
train,3505,0,0
train,3506,0,1
train,3507,0,0
train,3508,0,4
train,3509,0,1
train,3510,0,4
train,3511,0,0
train,3512,0,2
train,3513,0,1
train,3514,0,3
train,3515,0,3
train,3516,0,0
train,3517,0,3
train,3518,0,2
train,3519,0,2
train,3520,0,1
train,3521,0,2
train,3522,0,0
train,3523,0,2
train,3524,0,2
train,3525,0,4
train,3526,0,4
train,3527,0,2
train,3528,0,1
train,3529,0,0
train,3530,0,0
train,3531,0,0
train,3532,0,2
train,3533,0,2
train,3534,0,0
train,3535,0,2
train,3536,0,0
train,3537,0,2
train,3538,0,3
train,3539,0,1
train,3540,0,1
train,3541,0,2
train,3542,0,1
train,3543,0,1
train,3544,0,3
train,3545,0,0
train,3546,0,1
train,3547,0,2
train,3548,0,7
train,3549,0,1
train,3550,0,2
train,3551,0,1
train,3552,0,0
train,3553,0,1
train,3554,0,4
train,3555,0,2
train,3556,0,0
train,3557,0,1
train,3558,0,4
train,3559,0,0
train,3560,0,1
train,3561,0,0
train,3562,0,4
train,3563,0,1
train,3564,0,2
train,3565,0,1
train,3566,0,1
train,3567,0,1
train,3568,0,7
train,3569,0,2
train,3570,0,1
train,3571,0,3
train,3572,0,0
train,3573,0,1
train,3574,0,4
train,3575,0,6
train,3576,0,0
train,3577,0,1
train,3578,0,4
train,3579,0,1
train,3580,0,1
train,3581,0,1
train,3582,0,3
train,3583,0,0
train,3584,0,2
train,3585,0,3
train,3586,0,2
train,3587,0,0
train,3588,0,3
train,3589,0,0
train,3590,0,1
train,3591,0,1
train,3592,0,1
train,3593,0,0
train,3594,0,1
train,3595,0,0
train,3596,0,3
train,3597,0,1
train,3598,0,2
train,3599,0,2
train,3600,0,0
train,3601,0,1
train,3602,0,2
train,3603,0,7
train,3604,0,0
train,3605,0,4
train,3606,0,1
train,3607,0,2
train,3608,0,0
train,3609,0,2
train,3610,0,3
train,3611,0,6
train,3612,0,2
train,3613,0,0
train,3614,0,0
train,3615,0,3
train,3616,0,2
train,3617,0,2
train,3618,0,0
train,3619,0,2
train,3620,0,1
train,3621,0,0
train,3622,0,2
train,3623,0,1
train,3624,0,1
train,3625,0,2
train,3626,0,2
train,3627,0,1
train,3628,0,0
train,3629,0,0
train,3630,0,5
train,3631,0,1
train,3632,0,7
train,3633,0,7
train,3634,0,1
train,3635,0,2
train,3636,0,2
train,3637,0,2
train,3638,0,7
train,3639,0,4
train,3640,0,2
train,3641,0,1
train,3642,0,2
train,3643,0,0
train,3644,0,0
train,3645,0,1
train,3646,0,2
train,3647,0,2
train,3648,0,7
train,3649,0,0
train,3650,0,4
train,3651,0,0
train,3652,0,2
train,3653,0,2
train,3654,0,4
train,3655,0,0
train,3656,0,2
train,3657,0,2
train,3658,0,0
train,3659,0,1
train,3660,0,2
train,3661,0,0
train,3662,0,6
train,3663,0,2
train,3664,0,2
train,3665,0,5
train,3666,0,1
train,3667,0,2
train,3668,0,2
train,3669,0,1
train,3670,0,0
train,3671,0,0
train,3672,0,0
train,3673,0,1
train,3674,0,0
train,3675,0,2
train,3676,0,1
train,3677,0,0
train,3678,0,7
train,3679,0,0
train,3680,0,1
train,3681,0,1
train,3682,0,1
train,3683,0,3
train,3684,0,3
train,3685,0,1
train,3686,0,3
train,3687,0,1
train,3688,0,2
train,3689,0,0
train,3690,0,1
train,3691,0,1
train,3692,0,1
train,3693,0,2
train,3694,0,1
train,3695,0,2
train,3696,0,2
train,3697,0,3
train,3698,0,1
train,3699,0,1
train,3700,0,1
train,3701,0,7
train,3702,0,2
train,3703,0,2
train,3704,0,2
train,3705,0,1
train,3706,0,2
train,3707,0,1
train,3708,0,4
train,3709,0,0
train,3710,0,7
train,3711,0,0
train,3712,0,2
train,3713,0,0
train,3714,0,3
train,3715,0,2
train,3716,0,0
train,3717,0,1
train,3718,0,2
train,3719,0,7
train,3720,0,0
train,3721,0,3
train,3722,0,1
train,3723,0,1
train,3724,0,1
train,3725,0,1
train,3726,0,0
train,3727,0,2
train,3728,0,1
train,3729,0,0
train,3730,0,2
train,3731,0,1
train,3732,0,2
train,3733,0,2
train,3734,0,1
train,3735,0,2
train,3736,0,2
train,3737,0,2
train,3738,0,3
train,3739,0,0
train,3740,0,1
train,3741,0,0
train,3742,0,2
train,3743,0,1
train,3744,0,0
train,3745,0,2
train,3746,0,4
train,3747,0,0
train,3748,0,4
train,3749,0,5
train,3750,0,3
train,3751,0,1
train,3752,0,2
train,3753,0,0
train,3754,0,2
train,3755,0,0
train,3756,0,2
train,3757,0,2
train,3758,0,3
train,3759,0,2
train,3760,0,7
train,3761,0,1
train,3762,0,4
train,3763,0,7
train,3764,0,2
train,3765,0,1
train,3766,0,4
train,3767,0,1
train,3768,0,1
train,3769,0,2
train,3770,0,1
train,3771,0,4
train,3772,0,1
train,3773,0,0
train,3774,0,1
train,3775,0,1
train,3776,0,1
train,3777,0,1
train,3778,0,0
train,3779,0,1
train,3780,0,0
train,3781,0,2
train,3782,0,0
train,3783,0,4
train,3784,0,6
train,3785,0,4
train,3786,0,4
train,3787,0,7
train,3788,0,2
train,3789,0,0
train,3790,0,1
train,3791,0,1
train,3792,0,7
train,3793,0,0
train,3794,0,0
train,3795,0,0
train,3796,0,1
train,3797,0,4
train,3798,0,1
train,3799,0,1
train,3800,0,1
train,3801,0,2
train,3802,0,1
train,3803,0,3
train,3804,0,0
train,3805,0,1
train,3806,0,4
train,3807,0,2
train,3808,0,0
train,3809,0,4
train,3810,0,1
train,3811,0,1
train,3812,0,0
train,3813,0,2
train,3814,0,1
train,3815,0,0
train,3816,0,2
train,3817,0,0
train,3818,0,1
train,3819,0,0
train,3820,0,1
train,3821,0,0
train,3822,0,0
train,3823,0,2
train,3824,0,1
train,3825,0,0
train,3826,0,2
train,3827,0,2
train,3828,0,2
train,3829,0,7
train,3830,0,2
train,3831,0,0
train,3832,0,2
train,3833,0,0
train,3834,0,5
train,3835,0,1
train,3836,0,2
train,3837,0,2
train,3838,0,0
train,3839,0,1
train,3840,0,0
train,3841,0,0
train,3842,0,0
train,3843,0,1
train,3844,0,1
train,3845,0,1
train,3846,0,1
train,3847,0,4
train,3848,0,2
train,3849,0,5
train,3850,0,6
train,3851,0,1
train,3852,0,1
train,3853,0,3
train,3854,0,0
train,3855,0,2
train,3856,0,3
train,3857,0,4
train,3858,0,2
train,3859,0,6
train,3860,0,1
train,3861,0,4
train,3862,0,1
train,3863,0,3
train,3864,0,0
train,3865,0,0
train,3866,0,2
train,3867,0,2
train,3868,0,0
train,3869,0,1
train,3870,0,1
train,3871,0,0
train,3872,0,0
train,3873,0,2
train,3874,0,0
train,3875,0,2
train,3876,0,2
train,3877,0,1
train,3878,0,1
train,3879,0,2
train,3880,0,0
train,3881,0,2
train,3882,0,2
train,3883,0,0
train,3884,0,2
train,3885,0,1
train,3886,0,1
train,3887,0,1
train,3888,0,7
train,3889,0,2
train,3890,0,2
train,3891,0,5
train,3892,0,1
train,3893,0,4
train,3894,0,1
train,3895,0,3
train,3896,0,2
train,3897,0,2
train,3898,0,2
train,3899,0,2
train,3900,0,0
train,3901,0,4
train,3902,0,0
train,3903,0,1
train,3904,0,1
train,3905,0,2
train,3906,0,0
train,3907,0,2
train,3908,0,7
train,3909,0,0
train,3910,0,1
train,3911,0,0
train,3912,0,4
train,3913,0,1
train,3914,0,2
train,3915,0,4
train,3916,0,0
train,3917,0,2
train,3918,0,1
train,3919,0,2
train,3920,0,2
train,3921,0,2
train,3922,0,4
train,3923,0,0
train,3924,0,2
train,3925,0,0
train,3926,0,0
train,3927,0,3
train,3928,0,1
train,3929,0,2
train,3930,0,2
train,3931,0,0
train,3932,0,1
train,3933,0,1
train,3934,0,7
train,3935,0,1
train,3936,0,0
train,3937,0,4
train,3938,0,1
train,3939,0,1
train,3940,0,2
train,3941,0,3
train,3942,0,0
train,3943,0,0
train,3944,0,0
train,3945,0,3
train,3946,0,1
train,3947,0,1
train,3948,0,0
train,3949,0,5
train,3950,0,1
train,3951,0,1
train,3952,0,1
train,3953,0,0
train,3954,0,3
train,3955,0,1
train,3956,0,0
train,3957,0,0
train,3958,0,3
train,3959,0,4
train,3960,0,1
train,3961,0,7
train,3962,0,1
train,3963,0,1
train,3964,0,1
train,3965,0,3
train,3966,0,4
train,3967,0,1
train,3968,0,2
train,3969,0,2
train,3970,0,2
train,3971,0,1
train,3972,0,1
train,3973,0,3
train,3974,0,1
train,3975,0,1
train,3976,0,2
train,3977,0,2
train,3978,0,4
train,3979,0,0
train,3980,0,0
train,3981,0,1
train,3982,0,0
train,3983,0,0
train,3984,0,1
train,3985,0,1
train,3986,0,1
train,3987,0,2
train,3988,0,1
train,3989,0,2
train,3990,0,1
train,3991,0,2
train,3992,0,2
train,3993,0,0
train,3994,0,1
train,3995,0,0
train,3996,0,0
train,3997,0,2
train,3998,0,0
train,3999,0,6
train,4000,0,0
train,4001,0,1
train,4002,0,4
train,4003,0,0
train,4004,0,0
train,4005,0,1
train,4006,0,0
train,4007,0,7
train,4008,0,2
train,4009,0,1
train,4010,0,1
train,4011,0,7
train,4012,0,0
train,4013,0,2
train,4014,0,2
train,4015,0,1
train,4016,0,0
train,4017,0,0
train,4018,0,1
train,4019,0,1
train,4020,0,1
train,4021,0,7
train,4022,0,0
train,4023,0,1
train,4024,0,1
train,4025,0,1
train,4026,0,2
train,4027,0,1
train,4028,0,1
train,4029,0,2
train,4030,0,1
train,4031,0,0
train,4032,0,2
train,4033,0,2
train,4034,0,2
train,4035,0,1
train,4036,0,1
train,4037,0,1
train,4038,0,0
train,4039,0,0
train,4040,0,2
train,4041,0,2
train,4042,0,1
train,4043,0,1
train,4044,0,2
train,4045,0,7
train,4046,0,1
train,4047,0,2
train,4048,0,2
train,4049,0,1
train,4050,0,1
train,4051,0,7
train,4052,0,2
train,4053,0,1
train,4054,0,3
train,4055,0,1
train,4056,0,1
train,4057,0,1
train,4058,0,1
train,4059,0,1
train,4060,0,3
train,4061,0,1
train,4062,0,1
train,4063,0,0
train,4064,0,1
train,4065,0,2
train,4066,0,1
train,4067,0,1
train,4068,0,1
train,4069,0,0
train,4070,0,1
train,4071,0,5
train,4072,0,3
train,4073,0,1
train,4074,0,2
train,4075,0,2
train,4076,0,2
train,4077,0,2
train,4078,0,2
train,4079,0,2
train,4080,0,1
train,4081,0,4
train,4082,0,2
train,4083,0,2
train,4084,0,2
train,4085,0,1
train,4086,0,4
train,4087,0,4
train,4088,0,1
train,4089,0,2
train,4090,0,1
train,4091,0,2
train,4092,0,1
train,4093,0,0
train,4094,0,0
train,4095,0,6
train,4096,0,4
train,4097,0,3
train,4098,0,1
train,4099,0,2
train,4100,0,2
train,4101,0,7
train,4102,0,1
train,4103,0,0
train,4104,0,0
train,4105,0,0
train,4106,0,1
train,4107,0,2
train,4108,0,2
train,4109,0,0
train,4110,0,3
train,4111,0,1
train,4112,0,7
train,4113,0,2
train,4114,0,1
train,4115,0,2
train,4116,0,2
train,4117,0,2
train,4118,0,1
train,4119,0,2
train,4120,0,0
train,4121,0,2
train,4122,0,4
train,4123,0,1
train,4124,0,4
train,4125,0,0
train,4126,0,6
train,4127,0,0
train,4128,0,0
train,4129,0,2
train,4130,0,1
train,4131,0,0
train,4132,0,0
train,4133,0,2
train,4134,0,1
train,4135,0,2
train,4136,0,1
train,4137,0,1
train,4138,0,2
train,4139,0,1
train,4140,0,6
train,4141,0,2
train,4142,0,0
train,4143,0,0
train,4144,0,0
train,4145,0,1
train,4146,0,0
train,4147,0,0
train,4148,0,2
train,4149,0,0
train,4150,0,7
train,4151,0,2
train,4152,0,1
train,4153,0,0
train,4154,0,1
train,4155,0,4
train,4156,0,4
train,4157,0,4
train,4158,0,0
train,4159,0,7
train,4160,0,1
train,4161,0,0
train,4162,0,1
train,4163,0,2
train,4164,0,1
train,4165,0,3
train,4166,0,1
train,4167,0,2
train,4168,0,1
train,4169,0,0
train,4170,0,1
train,4171,0,7
train,4172,0,1
train,4173,0,0
train,4174,0,2
train,4175,0,0
train,4176,0,2
train,4177,0,2
train,4178,0,4
train,4179,0,1
train,4180,0,4
train,4181,0,1
train,4182,0,1
train,4183,0,0
train,4184,0,0
train,4185,0,0
train,4186,0,2
train,4187,0,1
train,4188,0,0
train,4189,0,1
train,4190,0,3
train,4191,0,2
train,4192,0,7
train,4193,0,2
train,4194,0,1
train,4195,0,2
train,4196,0,1
train,4197,0,0
train,4198,0,4
train,4199,0,2
train,4200,0,3
train,4201,0,4
train,4202,0,1
train,4203,0,0
train,4204,0,1
train,4205,0,0
train,4206,0,0
train,4207,0,1
train,4208,0,2
train,4209,0,0
train,4210,0,0
train,4211,0,4
train,4212,0,2
train,4213,0,0
train,4214,0,0
train,4215,0,1
train,4216,0,2
train,4217,0,0
train,4218,0,2
train,4219,0,1
train,4220,0,0
train,4221,0,0
train,4222,0,2
train,4223,0,0
train,4224,0,0
train,4225,0,4
train,4226,0,0
train,4227,0,2
train,4228,0,2
train,4229,0,0
train,4230,0,2
train,4231,0,0
train,4232,0,2
train,4233,0,4
train,4234,0,1
train,4235,0,1
train,4236,0,2
train,4237,0,4
train,4238,0,0
train,4239,0,1
train,4240,0,2
train,4241,0,1
train,4242,0,1
train,4243,0,2
train,4244,0,0
train,4245,0,1
train,4246,0,3
train,4247,0,1
train,4248,0,0
train,4249,0,3
train,4250,0,0
train,4251,0,1
train,4252,0,4
train,4253,0,1
train,4254,0,1
train,4255,0,0
train,4256,0,0
train,4257,0,4
train,4258,0,1
train,4259,0,2
train,4260,0,0
train,4261,0,4
train,4262,0,1
train,4263,0,2
train,4264,0,1
train,4265,0,1
train,4266,0,2
train,4267,0,3
train,4268,0,1
train,4269,0,2
train,4270,0,1
train,4271,0,0
train,4272,0,0
train,4273,0,2
train,4274,0,1
train,4275,0,2
train,4276,0,2
train,4277,0,4
train,4278,0,2
train,4279,0,1
train,4280,0,0
train,4281,0,0
train,4282,0,3
train,4283,0,1
train,4284,0,3
train,4285,0,0
train,4286,0,1
train,4287,0,1
train,4288,0,4
train,4289,0,2
train,4290,0,3
train,4291,0,2
train,4292,0,1
train,4293,0,2
train,4294,0,2
train,4295,0,1
train,4296,0,1
train,4297,0,2
train,4298,0,3
train,4299,0,2
train,4300,0,1
train,4301,0,0
train,4302,0,2
train,4303,0,1
train,4304,0,0
train,4305,0,4
train,4306,0,1
train,4307,0,1
train,4308,0,2
train,4309,0,0
train,4310,0,0
train,4311,0,2
train,4312,0,1
train,4313,0,1
train,4314,0,1
train,4315,0,1
train,4316,0,1
train,4317,0,1
train,4318,0,1
train,4319,0,4
train,4320,0,0
train,4321,0,2
train,4322,0,2
train,4323,0,2
train,4324,0,2
train,4325,0,1
train,4326,0,2
train,4327,0,0
train,4328,0,4
train,4329,0,4
train,4330,0,4
train,4331,0,0
train,4332,0,3
train,4333,0,1
train,4334,0,2
train,4335,0,4
train,4336,0,1
train,4337,0,0
train,4338,0,1
train,4339,0,2
train,4340,0,3
train,4341,0,0
train,4342,0,2
train,4343,0,1
train,4344,0,1
train,4345,0,0
train,4346,0,0
train,4347,0,2
train,4348,0,2
train,4349,0,0
train,4350,0,0
train,4351,0,1
train,4352,0,2
train,4353,0,1
train,4354,0,0
train,4355,0,1
train,4356,0,1
train,4357,0,0
train,4358,0,7
train,4359,0,1
train,4360,0,2
train,4361,0,0
train,4362,0,0
train,4363,0,0
train,4364,0,0
train,4365,0,1
train,4366,0,0
train,4367,0,1
train,4368,0,2
train,4369,0,1
train,4370,0,1
train,4371,0,1
train,4372,0,1
train,4373,0,0
train,4374,0,2
train,4375,0,1
train,4376,0,1
train,4377,0,0
train,4378,0,0
train,4379,0,0
train,4380,0,2
train,4381,0,2
train,4382,0,2
train,4383,0,2
train,4384,0,0
train,4385,0,4
train,4386,0,0
train,4387,0,7
train,4388,0,7
train,4389,0,7
train,4390,0,1
train,4391,0,1
train,4392,0,7
train,4393,0,1
train,4394,0,2
train,4395,0,4
train,4396,0,0
train,4397,0,2
train,4398,0,3
train,4399,0,0
train,4400,0,2
train,4401,0,1
train,4402,0,4
train,4403,0,6
train,4404,0,1
train,4405,0,1
train,4406,0,4
train,4407,0,2
train,4408,0,0
train,4409,0,2
train,4410,0,0
train,4411,0,1
train,4412,0,2
train,4413,0,1
train,4414,0,0
train,4415,0,0
train,4416,0,3
train,4417,0,1
train,4418,0,0
train,4419,0,2
train,4420,0,2
train,4421,0,1
train,4422,0,2
train,4423,0,2
train,4424,0,3
train,4425,0,0
train,4426,0,4
train,4427,0,1
train,4428,0,4
train,4429,0,1
train,4430,0,2
train,4431,0,0
train,4432,0,2
train,4433,0,1
train,4434,0,2
train,4435,0,1
train,4436,0,2
train,4437,0,4
train,4438,0,1
train,4439,0,0
train,4440,0,1
train,4441,0,3
train,4442,0,1
train,4443,0,3
train,4444,0,0
train,4445,0,1
train,4446,0,1
train,4447,0,1
train,4448,0,2
train,4449,0,4
train,4450,0,1
train,4451,0,2
train,4452,0,2
train,4453,0,1
train,4454,0,2
train,4455,0,1
train,4456,0,2
train,4457,0,1
train,4458,0,1
train,4459,0,0
train,4460,0,6
train,4461,0,1
train,4462,0,1
train,4463,0,0
train,4464,0,2
train,4465,0,4
train,4466,0,1
train,4467,0,2
train,4468,0,1
train,4469,0,1
train,4470,0,2
train,4471,0,4
train,4472,0,1
train,4473,0,7
train,4474,0,4
train,4475,0,0
train,4476,0,3
train,4477,0,1
train,4478,0,1
train,4479,0,0
train,4480,0,1
train,4481,0,2
train,4482,0,0
train,4483,0,1
train,4484,0,1
train,4485,0,3
train,4486,0,0
train,4487,0,1
train,4488,0,0
train,4489,0,1
train,4490,0,1
train,4491,0,0
train,4492,0,7
train,4493,0,1
train,4494,0,2
train,4495,0,6
train,4496,0,0
train,4497,0,2
train,4498,0,2
train,4499,0,1
train,4500,0,1
train,4501,0,2
train,4502,0,1
train,4503,0,2
train,4504,0,0
train,4505,0,0
train,4506,0,6
train,4507,0,0
train,4508,0,2
train,4509,0,2
train,4510,0,1
train,4511,0,1
train,4512,0,1
train,4513,0,1
train,4514,0,7
train,4515,0,1
train,4516,0,5
train,4517,0,2
train,4518,0,2
train,4519,0,2
train,4520,0,2
train,4521,0,0
train,4522,0,1
train,4523,0,2
train,4524,0,0
train,4525,0,0
train,4526,0,1
train,4527,0,2
train,4528,0,0
train,4529,0,2
train,4530,0,0
train,4531,0,0
train,4532,0,3
train,4533,0,4
train,4534,0,4
train,4535,0,2
train,4536,0,0
train,4537,0,1
train,4538,0,2
train,4539,0,3
train,4540,0,6
train,4541,0,0
train,4542,0,2
train,4543,0,1
train,4544,0,1
train,4545,0,0
train,4546,0,3
train,4547,0,1
train,4548,0,1
train,4549,0,2
train,4550,0,0
train,4551,0,2
train,4552,0,0
train,4553,0,2
train,4554,0,0
train,4555,0,1
train,4556,0,0
train,4557,0,6
train,4558,0,1
train,4559,0,3
train,4560,0,1
train,4561,0,2
train,4562,0,3
train,4563,0,0
train,4564,0,1
train,4565,0,7
train,4566,0,3
train,4567,0,1
train,4568,0,1
train,4569,0,0
train,4570,0,2
train,4571,0,1
train,4572,0,0
train,4573,0,1
train,4574,0,2
train,4575,0,0
train,4576,0,2
train,4577,0,3
train,4578,0,0
train,4579,0,1
train,4580,0,1
train,4581,0,5
train,4582,0,0
train,4583,0,2
train,4584,0,4
train,4585,0,1
train,4586,0,2
train,4587,0,1
train,4588,0,4
train,4589,0,2
train,4590,0,1
train,4591,0,1
train,4592,0,0
train,4593,0,0
train,4594,0,1
train,4595,0,1
train,4596,0,3
train,4597,0,1
train,4598,0,1
train,4599,0,0
train,4600,0,1
train,4601,0,4
train,4602,0,1
train,4603,0,1
train,4604,0,2
train,4605,0,2
train,4606,0,1
train,4607,0,1
train,4608,0,1
train,4609,0,4
train,4610,0,2
train,4611,0,2
train,4612,0,1
train,4613,0,1
train,4614,0,0
train,4615,0,3
train,4616,0,2
train,4617,0,1
train,4618,0,0
train,4619,0,1
train,4620,0,4
train,4621,0,2
train,4622,0,1
train,4623,0,2
train,4624,0,7
train,4625,0,0
train,4626,0,4
train,4627,0,2
train,4628,0,0
train,4629,0,1
train,4630,0,2
train,4631,0,0
train,4632,0,0
train,4633,0,0
train,4634,0,1
train,4635,0,0
train,4636,0,2
train,4637,0,4
train,4638,0,1
train,4639,0,0
train,4640,0,2
train,4641,0,4
train,4642,0,1
train,4643,0,4
train,4644,0,4
train,4645,0,1
train,4646,0,4
train,4647,0,6
train,4648,0,3
train,4649,0,1
train,4650,0,2
train,4651,0,2
train,4652,0,0
train,4653,0,0
train,4654,0,3
train,4655,0,3
train,4656,0,1
train,4657,0,3
train,4658,0,0
train,4659,0,1
train,4660,0,4
train,4661,0,0
train,4662,0,0
train,4663,0,6
train,4664,0,2
train,4665,0,2
train,4666,0,3
train,4667,0,2
train,4668,0,1
train,4669,0,0
train,4670,0,1
train,4671,0,1
train,4672,0,0
train,4673,0,2
train,4674,0,2
train,4675,0,1
train,4676,0,4
train,4677,0,1
train,4678,0,0
train,4679,0,1
train,4680,0,7
train,4681,0,1
train,4682,0,0
train,4683,0,1
train,4684,0,1
train,4685,0,1
train,4686,0,1
train,4687,0,0
train,4688,0,1
train,4689,0,1
train,4690,0,7
train,4691,0,1
train,4692,0,1
train,4693,0,4
train,4694,0,0
train,4695,0,1
train,4696,0,0
train,4697,0,1
train,4698,0,1
train,4699,0,1
train,4700,0,1
train,4701,0,0
train,4702,0,1
train,4703,0,2
train,4704,0,2
train,4705,0,1
train,4706,0,1
train,4707,0,1
train,4708,0,1
train,4709,0,2
train,4710,0,4
train,4711,0,1
train,4712,0,1
train,4713,0,0
train,4714,0,1
train,4715,0,3
train,4716,0,1
train,4717,0,4
train,4718,0,1
train,4719,0,1
train,4720,0,0
train,4721,0,2
train,4722,0,0
train,4723,0,2
train,4724,0,2
train,4725,0,0
train,4726,0,1
train,4727,0,3
train,4728,0,1
train,4729,0,2
train,4730,0,2
train,4731,0,4
train,4732,0,4
train,4733,0,1
train,4734,0,0
train,4735,0,2
train,4736,0,1
train,4737,0,1
train,4738,0,2
train,4739,0,2
train,4740,0,1
train,4741,0,1
train,4742,0,0
train,4743,0,0
train,4744,0,7
train,4745,0,3
train,4746,0,2
train,4747,0,2
train,4748,0,1
train,4749,0,7
train,4750,0,1
train,4751,0,0
train,4752,0,0
train,4753,0,1
train,4754,0,0
train,4755,0,0
train,4756,0,1
train,4757,0,1
train,4758,0,1
train,4759,0,1
train,4760,0,2
train,4761,0,4
train,4762,0,4
train,4763,0,1
train,4764,0,2
train,4765,0,1
train,4766,0,1
train,4767,0,1
train,4768,0,1
train,4769,0,1
train,4770,0,1
train,4771,0,2
train,4772,0,1
train,4773,0,1
train,4774,0,4
train,4775,0,1
train,4776,0,7
train,4777,0,0
train,4778,0,3
train,4779,0,0
train,4780,0,1
train,4781,0,0
train,4782,0,2
train,4783,0,5
train,4784,0,1
train,4785,0,2
train,4786,0,1
train,4787,0,1
train,4788,0,0
train,4789,0,3
train,4790,0,0
train,4791,0,3
train,4792,0,1
train,4793,0,1
train,4794,0,1
train,4795,0,2
train,4796,0,2
train,4797,0,2
train,4798,0,1
train,4799,0,1
train,4800,0,0
train,4801,0,1
train,4802,0,2
train,4803,0,1
train,4804,0,1
train,4805,0,4
train,4806,0,2
train,4807,0,0
train,4808,0,1
train,4809,0,2
train,4810,0,0
train,4811,0,0
train,4812,0,1
train,4813,0,1
train,4814,0,2
train,4815,0,3
train,4816,0,4
train,4817,0,2
train,4818,0,2
train,4819,0,5
train,4820,0,3
train,4821,0,4
train,4822,0,0
train,4823,0,1
train,4824,0,1
train,4825,0,0
train,4826,0,1
train,4827,0,3
train,4828,0,1
train,4829,0,7
train,4830,0,0
train,4831,0,1
train,4832,0,1
train,4833,0,2
train,4834,0,0
train,4835,0,0
train,4836,0,1
train,4837,0,0
train,4838,0,4
train,4839,0,0
train,4840,0,1
train,4841,0,0
train,4842,0,0
train,4843,0,2
train,4844,0,0
train,4845,0,1
train,4846,0,0
train,4847,0,1
train,4848,0,4
train,4849,0,1
train,4850,0,2
train,4851,0,4
train,4852,0,0
train,4853,0,1
train,4854,0,1
train,4855,0,1
train,4856,0,3
train,4857,0,1
train,4858,0,0
train,4859,0,3
train,4860,0,4
train,4861,0,2
train,4862,0,2
train,4863,0,3
train,4864,0,0
train,4865,0,0
train,4866,0,1
train,4867,0,0
train,4868,0,0
train,4869,0,1
train,4870,0,0
train,4871,0,1
train,4872,0,1
train,4873,0,5
train,4874,0,0
train,4875,0,2
train,4876,0,1
train,4877,0,0
train,4878,0,1
train,4879,0,0
train,4880,0,1
train,4881,0,4
train,4882,0,1
train,4883,0,3
train,4884,0,1
train,4885,0,1
train,4886,0,1
train,4887,0,2
train,4888,0,4
train,4889,0,0
train,4890,0,1
train,4891,0,2
train,4892,0,5
train,4893,0,1
train,4894,0,0
train,4895,0,1
train,4896,0,2
train,4897,0,0
train,4898,0,7
train,4899,0,6
train,4900,0,2
train,4901,0,2
train,4902,0,1
train,4903,0,1
train,4904,0,0
train,4905,0,1
train,4906,0,4
train,4907,0,3
train,4908,0,3
train,4909,0,2
train,4910,0,0
train,4911,0,4
train,4912,0,1
train,4913,0,2
train,4914,0,1
train,4915,0,0
train,4916,0,7
train,4917,0,2
train,4918,0,3
train,4919,0,4
train,4920,0,2
train,4921,0,0
train,4922,0,4
train,4923,0,1
train,4924,0,1
train,4925,0,0
train,4926,0,7
train,4927,0,2
train,4928,0,2
train,4929,0,4
train,4930,0,2
train,4931,0,1
train,4932,0,1
train,4933,0,1
train,4934,0,0
train,4935,0,0
train,4936,0,3
train,4937,0,0
train,4938,0,0
train,4939,0,1
train,4940,0,0
train,4941,0,0
train,4942,0,1
train,4943,0,0
train,4944,0,4
train,4945,0,2
train,4946,0,1
train,4947,0,2
train,4948,0,1
train,4949,0,2
train,4950,0,2
train,4951,0,1
train,4952,0,0
train,4953,0,4
train,4954,0,1
train,4955,0,2
train,4956,0,0
train,4957,0,4
train,4958,0,2
train,4959,0,4
train,4960,0,0
train,4961,0,1
train,4962,0,0
train,4963,0,4
train,4964,0,2
train,4965,0,2
train,4966,0,0
train,4967,0,1
train,4968,0,3
train,4969,0,1
train,4970,0,0
train,4971,0,7
train,4972,0,0
train,4973,0,4
train,4974,0,0
train,4975,0,0
train,4976,0,0
train,4977,0,1
train,4978,0,1
train,4979,0,1
train,4980,0,0
train,4981,0,1
train,4982,0,1
train,4983,0,4
train,4984,0,3
train,4985,0,1
train,4986,0,0
train,4987,0,2
train,4988,0,2
train,4989,0,1
train,4990,0,0
train,4991,0,4
train,4992,0,2
train,4993,0,0
train,4994,0,2
train,4995,0,0
train,4996,0,0
train,4997,0,1
train,4998,0,7
train,4999,0,2
train,5000,0,1
train,5001,0,0
train,5002,0,3
train,5003,0,4
train,5004,0,0
train,5005,0,1
train,5006,0,1
train,5007,0,2
train,5008,0,1
train,5009,0,1
train,5010,0,2
train,5011,0,3
train,5012,0,2
train,5013,0,0
train,5014,0,1
train,5015,0,0
train,5016,0,4
train,5017,0,1
train,5018,0,1
train,5019,0,1
train,5020,0,7
train,5021,0,3
train,5022,0,2
train,5023,0,0
train,5024,0,1
train,5025,0,1
train,5026,0,4
train,5027,0,0
train,5028,0,2
train,5029,0,0
train,5030,0,1
train,5031,0,4
train,5032,0,1
train,5033,0,2
train,5034,0,2
train,5035,0,1
train,5036,0,1
train,5037,0,1
train,5038,0,2
train,5039,0,2
train,5040,0,2
train,5041,0,1
train,5042,0,1
train,5043,0,1
train,5044,0,1
train,5045,0,0
train,5046,0,2
train,5047,0,0
train,5048,0,1
train,5049,0,4
train,5050,0,0
train,5051,0,0
train,5052,0,0
train,5053,0,0
train,5054,0,2
train,5055,0,1
train,5056,0,7
train,5057,0,2
train,5058,0,0
train,5059,0,0
train,5060,0,4
train,5061,0,2
train,5062,0,4
train,5063,0,1
train,5064,0,2
train,5065,0,2
train,5066,0,1
train,5067,0,0
train,5068,0,4
train,5069,0,2
train,5070,0,1
train,5071,0,2
train,5072,0,2
train,5073,0,0
train,5074,0,4
train,5075,0,1
train,5076,0,1
train,5077,0,2
train,5078,0,2
train,5079,0,1
train,5080,0,0
train,5081,0,0
train,5082,0,2
train,5083,0,0
train,5084,0,1
train,5085,0,2
train,5086,0,4
train,5087,0,4
train,5088,0,1
train,5089,0,4
train,5090,0,1
train,5091,0,2
train,5092,0,0
train,5093,0,2
train,5094,0,0
train,5095,0,0
train,5096,0,6
train,5097,0,1
train,5098,0,4
train,5099,0,1
train,5100,0,1
train,5101,0,2
train,5102,0,3
train,5103,0,2
train,5104,0,0
train,5105,0,0
train,5106,0,0
train,5107,0,1
train,5108,0,0
train,5109,0,4
train,5110,0,1
train,5111,0,2
train,5112,0,4
train,5113,0,2
train,5114,0,4
train,5115,0,0
train,5116,0,1
train,5117,0,2
train,5118,0,2
train,5119,0,5
train,5120,0,1
train,5121,0,7
train,5122,0,1
train,5123,0,2
train,5124,0,0
train,5125,0,0
train,5126,0,4
train,5127,0,1
train,5128,0,0
train,5129,0,0
train,5130,0,2
train,5131,0,2
train,5132,0,1
train,5133,0,2
train,5134,0,2
train,5135,0,0
train,5136,0,1
train,5137,0,1
train,5138,0,0
train,5139,0,3
train,5140,0,2
train,5141,0,0
train,5142,0,2
train,5143,0,1
train,5144,0,7
train,5145,0,1
train,5146,0,0
train,5147,0,3
train,5148,0,1
train,5149,0,2
train,5150,0,4
train,5151,0,2
train,5152,0,1
train,5153,0,1
train,5154,0,0
train,5155,0,0
train,5156,0,4
train,5157,0,1
train,5158,0,0
train,5159,0,1
train,5160,0,1
train,5161,0,0
train,5162,0,1
train,5163,0,0
train,5164,0,4
train,5165,0,0
train,5166,0,3
train,5167,0,2
train,5168,0,2
train,5169,0,1
train,5170,0,1
train,5171,0,7
train,5172,0,2
train,5173,0,1
train,5174,0,2
train,5175,0,0
train,5176,0,1
train,5177,0,2
train,5178,0,0
train,5179,0,7
train,5180,0,7
train,5181,0,1
train,5182,0,4
train,5183,0,1
train,5184,0,0
train,5185,0,0
train,5186,0,1
train,5187,0,0
train,5188,0,1
train,5189,0,2
train,5190,0,1
train,5191,0,1
train,5192,0,2
train,5193,0,0
train,5194,0,0
train,5195,0,1
train,5196,0,1
train,5197,0,1
train,5198,0,1
train,5199,0,4
train,5200,0,1
train,5201,0,1
train,5202,0,1
train,5203,0,6
train,5204,0,0
train,5205,0,2
train,5206,0,7
train,5207,0,6
train,5208,0,1
train,5209,0,1
train,5210,0,2
train,5211,0,0
train,5212,0,2
train,5213,0,5
train,5214,0,0
train,5215,0,2
train,5216,0,1
train,5217,0,2
train,5218,0,1
train,5219,0,2
train,5220,0,2
train,5221,0,2
train,5222,0,1
train,5223,0,1
train,5224,0,1
train,5225,0,1
train,5226,0,3
train,5227,0,2
train,5228,0,2
train,5229,0,1
train,5230,0,2
train,5231,0,2
train,5232,0,0
train,5233,0,1
train,5234,0,1
train,5235,0,3
train,5236,0,1
train,5237,0,3
train,5238,0,4
train,5239,0,2
train,5240,0,1
train,5241,0,0
train,5242,0,1
train,5243,0,4
train,5244,0,1
train,5245,0,1
train,5246,0,4
train,5247,0,2
train,5248,0,4
train,5249,0,2
train,5250,0,1
train,5251,0,4
train,5252,0,0
train,5253,0,1
train,5254,0,2
train,5255,0,2
train,5256,0,1
train,5257,0,1
train,5258,0,0
train,5259,0,2
train,5260,0,0
train,5261,0,1
train,5262,0,1
train,5263,0,0
train,5264,0,4
train,5265,0,0
train,5266,0,2
train,5267,0,2
train,5268,0,2
train,5269,0,0
train,5270,0,0
train,5271,0,1
train,5272,0,2
train,5273,0,3
train,5274,0,0
train,5275,0,7
train,5276,0,5
train,5277,0,4
train,5278,0,1
train,5279,0,2
train,5280,0,2
train,5281,0,1
train,5282,0,0
train,5283,0,1
train,5284,0,1
train,5285,0,0
train,5286,0,0
train,5287,0,1
train,5288,0,2
train,5289,0,1
train,5290,0,4
train,5291,0,4
train,5292,0,0
train,5293,0,2
train,5294,0,7
train,5295,0,1
train,5296,0,2
train,5297,0,0
train,5298,0,1
train,5299,0,0
train,5300,0,2
train,5301,0,4
train,5302,0,1
train,5303,0,0
train,5304,0,0
train,5305,0,2
train,5306,0,4
train,5307,0,1
train,5308,0,1
train,5309,0,1
train,5310,0,2
train,5311,0,0
train,5312,0,6
train,5313,0,3
train,5314,0,1
train,5315,0,2
train,5316,0,1
train,5317,0,1
train,5318,0,0
train,5319,0,2
train,5320,0,3
train,5321,0,1
train,5322,0,0
train,5323,0,2
train,5324,0,1
train,5325,0,1
train,5326,0,0
train,5327,0,2
train,5328,0,4
train,5329,0,1
train,5330,0,0
train,5331,0,1
train,5332,0,1
train,5333,0,3
train,5334,0,1
train,5335,0,0
train,5336,0,1
train,5337,0,1
train,5338,0,0
train,5339,0,6
train,5340,0,1
train,5341,0,2
train,5342,0,0
train,5343,0,3
train,5344,0,4
train,5345,0,2
train,5346,0,1
train,5347,0,4
train,5348,0,3
train,5349,0,3
train,5350,0,4
train,5351,0,1
train,5352,0,0
train,5353,0,0
train,5354,0,1
train,5355,0,0
train,5356,0,2
train,5357,0,3
train,5358,0,0
train,5359,0,0
train,5360,0,7
train,5361,0,2
train,5362,0,1
train,5363,0,1
train,5364,0,1
train,5365,0,1
train,5366,0,0
train,5367,0,1
train,5368,0,4
train,5369,0,0
train,5370,0,0
train,5371,0,1
train,5372,0,2
train,5373,0,0
train,5374,0,1
train,5375,0,4
train,5376,0,0
train,5377,0,4
train,5378,0,0
train,5379,0,1
train,5380,0,0
train,5381,0,0
train,5382,0,3
train,5383,0,1
train,5384,0,4
train,5385,0,2
train,5386,0,0
train,5387,0,7
train,5388,0,4
train,5389,0,1
train,5390,0,0
train,5391,0,1
train,5392,0,3
train,5393,0,3
train,5394,0,3
train,5395,0,7
train,5396,0,0
train,5397,0,1
train,5398,0,1
train,5399,0,1
train,5400,0,1
train,5401,0,1
train,5402,0,2
train,5403,0,1
train,5404,0,2
train,5405,0,2
train,5406,0,2
train,5407,0,1
train,5408,0,1
train,5409,0,1
train,5410,0,3
train,5411,0,3
train,5412,0,4
train,5413,0,4
train,5414,0,4
train,5415,0,1
train,5416,0,2
train,5417,0,2
train,5418,0,0
train,5419,0,2
train,5420,0,0
train,5421,0,2
train,5422,0,3
train,5423,0,3
train,5424,0,1
train,5425,0,1
train,5426,0,2
train,5427,0,2
train,5428,0,2
train,5429,0,4
train,5430,0,0
train,5431,0,4
train,5432,0,1
train,5433,0,2
train,5434,0,2
train,5435,0,0
train,5436,0,4
train,5437,0,0
train,5438,0,0
train,5439,0,1
train,5440,0,2
train,5441,0,1
train,5442,0,2
train,5443,0,1
train,5444,0,4
train,5445,0,2
train,5446,0,1
train,5447,0,1
train,5448,0,1
train,5449,0,2
train,5450,0,1
train,5451,0,0
train,5452,0,1
train,5453,0,6
train,5454,0,0
train,5455,0,0
train,5456,0,1
train,5457,0,4
train,5458,0,1
train,5459,0,0
train,5460,0,2
train,5461,0,1
train,5462,0,0
train,5463,0,1
train,5464,0,2
train,5465,0,2
train,5466,0,0
train,5467,0,0
train,5468,0,2
train,5469,0,0
train,5470,0,2
train,5471,0,1
train,5472,0,1
train,5473,0,0
train,5474,0,0
train,5475,0,0
train,5476,0,1
train,5477,0,0
train,5478,0,0
train,5479,0,1
train,5480,0,0
train,5481,0,7
train,5482,0,7
train,5483,0,1
train,5484,0,1
train,5485,0,3
train,5486,0,3
train,5487,0,2
train,5488,0,2
train,5489,0,3
train,5490,0,4
train,5491,0,1
train,5492,0,1
train,5493,0,0
train,5494,0,2
train,5495,0,7
train,5496,0,7
train,5497,0,1
train,5498,0,4
train,5499,0,2
train,5500,0,1
train,5501,0,1
train,5502,0,7
train,5503,0,2
train,5504,0,7
train,5505,0,1
train,5506,0,1
train,5507,0,5
train,5508,0,2
train,5509,0,2
train,5510,0,1
train,5511,0,2
train,5512,0,1
train,5513,0,1
train,5514,0,1
train,5515,0,2
train,5516,0,4
train,5517,0,2
train,5518,0,2
train,5519,0,1
train,5520,0,6
train,5521,0,1
train,5522,0,0
train,5523,0,1
train,5524,0,2
train,5525,0,1
train,5526,0,4
train,5527,0,1
train,5528,0,1
train,5529,0,7
train,5530,0,1
train,5531,0,1
train,5532,0,2
train,5533,0,2
train,5534,0,1
train,5535,0,2
train,5536,0,0
train,5537,0,0
train,5538,0,2
train,5539,0,0
train,5540,0,0
train,5541,0,2
train,5542,0,2
train,5543,0,0
train,5544,0,1
train,5545,0,0
train,5546,0,4
train,5547,0,4
train,5548,0,1
train,5549,0,4
train,5550,0,1
train,5551,0,1
train,5552,0,4
train,5553,0,0
train,5554,0,1
train,5555,0,1
train,5556,0,2
train,5557,0,2
train,5558,0,2
train,5559,0,2
train,5560,0,2
train,5561,0,5
train,5562,0,1
train,5563,0,2
train,5564,0,0
train,5565,0,0
train,5566,0,1
train,5567,0,2
train,5568,0,4
train,5569,0,2
train,5570,0,2
train,5571,0,1
train,5572,0,4
train,5573,0,1
train,5574,0,2
train,5575,0,0
train,5576,0,1
train,5577,0,2
train,5578,0,2
train,5579,0,2
train,5580,0,2
train,5581,0,4
train,5582,0,2
train,5583,0,1
train,5584,0,1
train,5585,0,1
train,5586,0,2
train,5587,0,1
train,5588,0,0
train,5589,0,3
train,5590,0,1
train,5591,0,2
train,5592,0,2
train,5593,0,2
train,5594,0,1
train,5595,0,2
train,5596,0,1
train,5597,0,2
train,5598,0,0
train,5599,0,2
train,5600,0,1
train,5601,0,2
train,5602,0,2
train,5603,0,0
train,5604,0,1
train,5605,0,1
train,5606,0,2
train,5607,0,2
train,5608,0,4
train,5609,0,1
train,5610,0,2
train,5611,0,7
train,5612,0,2
train,5613,0,1
train,5614,0,1
train,5615,0,1
train,5616,0,1
train,5617,0,2
train,5618,0,2
train,5619,0,1
train,5620,0,4
train,5621,0,4
train,5622,0,1
train,5623,0,1
train,5624,0,2
train,5625,0,1
train,5626,0,5
train,5627,0,1
train,5628,0,2
train,5629,0,0
train,5630,0,1
train,5631,0,0
train,5632,0,2
train,5633,0,1
train,5634,0,1
train,5635,0,1
train,5636,0,1
train,5637,0,1
train,5638,0,1
train,5639,0,1
train,5640,0,2
train,5641,0,4
train,5642,0,2
train,5643,0,0
train,5644,0,1
train,5645,0,0
train,5646,0,0
train,5647,0,2
train,5648,0,7
train,5649,0,2
train,5650,0,1
train,5651,0,5
train,5652,0,1
train,5653,0,1
train,5654,0,1
train,5655,0,1
train,5656,0,0
train,5657,0,0
train,5658,0,3
train,5659,0,1
train,5660,0,1
train,5661,0,6
train,5662,0,0
train,5663,0,1
train,5664,0,0
train,5665,0,0
train,5666,0,2
train,5667,0,1
train,5668,0,1
train,5669,0,1
train,5670,0,1
train,5671,0,1
train,5672,0,4
train,5673,0,2
train,5674,0,2
train,5675,0,7
train,5676,0,2
train,5677,0,1
train,5678,0,0
train,5679,0,1
train,5680,0,1
train,5681,0,1
train,5682,0,0
train,5683,0,1
train,5684,0,2
train,5685,0,2
train,5686,0,4
train,5687,0,1
train,5688,0,0
train,5689,0,1
train,5690,0,0
train,5691,0,0
train,5692,0,2
train,5693,0,4
train,5694,0,0
train,5695,0,0
train,5696,0,1
train,5697,0,1
train,5698,0,2
train,5699,0,0
train,5700,0,2
train,5701,0,4
train,5702,0,1
train,5703,0,2
train,5704,0,1
train,5705,0,2
train,5706,0,1
train,5707,0,0
train,5708,0,2
train,5709,0,0
train,5710,0,2
train,5711,0,2
train,5712,0,3
train,5713,0,1
train,5714,0,0
train,5715,0,0
train,5716,0,1
train,5717,0,7
train,5718,0,0
train,5719,0,1
train,5720,0,1
train,5721,0,0
train,5722,0,0
train,5723,0,2
train,5724,0,1
train,5725,0,1
train,5726,0,1
train,5727,0,4
train,5728,0,0
train,5729,0,1
train,5730,0,2
train,5731,0,0
train,5732,0,1
train,5733,0,4
train,5734,0,1
train,5735,0,1
train,5736,0,2
train,5737,0,0
train,5738,0,0
train,5739,0,0
train,5740,0,2
train,5741,0,3
train,5742,0,3
train,5743,0,3
train,5744,0,0
train,5745,0,2
train,5746,0,0
train,5747,0,0
train,5748,0,1
train,5749,0,0
train,5750,0,6
train,5751,0,7
train,5752,0,1
train,5753,0,1
train,5754,0,3
train,5755,0,1
train,5756,0,7
train,5757,0,1
train,5758,0,0
train,5759,0,1
train,5760,0,2
train,5761,0,4
train,5762,0,3
train,5763,0,2
train,5764,0,1
train,5765,0,2
train,5766,0,1
train,5767,0,1
train,5768,0,1
train,5769,0,2
train,5770,0,0
train,5771,0,0
train,5772,0,0
train,5773,0,1
train,5774,0,2
train,5775,0,3
train,5776,0,0
train,5777,0,4
train,5778,0,2
train,5779,0,0
train,5780,0,1
train,5781,0,0
train,5782,0,1
train,5783,0,5
train,5784,0,2
train,5785,0,2
train,5786,0,0
train,5787,0,2
train,5788,0,1
train,5789,0,0
train,5790,0,0
train,5791,0,1
train,5792,0,2
train,5793,0,0
train,5794,0,1
train,5795,0,7
train,5796,0,6
train,5797,0,4
train,5798,0,7
train,5799,0,2
train,5800,0,0
train,5801,0,1
train,5802,0,2
train,5803,0,2
train,5804,0,3
train,5805,0,1
train,5806,0,7
train,5807,0,2
train,5808,0,1
train,5809,0,1
train,5810,0,1
train,5811,0,7
train,5812,0,2
train,5813,0,1
train,5814,0,3
train,5815,0,2
train,5816,0,3
train,5817,0,0
train,5818,0,0
train,5819,0,4
train,5820,0,1
train,5821,0,1
train,5822,0,0
train,5823,0,0
train,5824,0,2
train,5825,0,1
train,5826,0,1
train,5827,0,1
train,5828,0,0
train,5829,0,4
train,5830,0,4
train,5831,0,2
train,5832,0,1
train,5833,0,1
train,5834,0,1
train,5835,0,1
train,5836,0,0
train,5837,0,0
train,5838,0,1
train,5839,0,3
train,5840,0,0
train,5841,0,3
train,5842,0,0
train,5843,0,4
train,5844,0,2
train,5845,0,2
train,5846,0,1
train,5847,0,4
train,5848,0,1
train,5849,0,1
train,5850,0,0
train,5851,0,2
train,5852,0,1
train,5853,0,1
train,5854,0,4
train,5855,0,1
train,5856,0,1
train,5857,0,4
train,5858,0,2
train,5859,0,1
train,5860,0,1
train,5861,0,1
train,5862,0,2
train,5863,0,0
train,5864,0,2
train,5865,0,4
train,5866,0,0
train,5867,0,2
train,5868,0,4
train,5869,0,0
train,5870,0,0
train,5871,0,2
train,5872,0,0
train,5873,0,3
train,5874,0,2
train,5875,0,4
train,5876,0,0
train,5877,0,0
train,5878,0,4
train,5879,0,1
train,5880,0,2
train,5881,0,2
train,5882,0,3
train,5883,0,0
train,5884,0,1
train,5885,0,1
train,5886,0,2
train,5887,0,0
train,5888,0,2
train,5889,0,1
train,5890,0,1
train,5891,0,2
train,5892,0,2
train,5893,0,4
train,5894,0,1
train,5895,0,1
train,5896,0,3
train,5897,0,1
train,5898,0,1
train,5899,0,0
train,5900,0,0
train,5901,0,2
train,5902,0,1
train,5903,0,0
train,5904,0,1
train,5905,0,1
train,5906,0,0
train,5907,0,1
train,5908,0,7
train,5909,0,1
train,5910,0,0
train,5911,0,7
train,5912,0,1
train,5913,0,3
train,5914,0,4
train,5915,0,3
train,5916,0,0
train,5917,0,3
train,5918,0,4
train,5919,0,2
train,5920,0,0
train,5921,0,2
train,5922,0,0
train,5923,0,2
train,5924,0,0
train,5925,0,0
train,5926,0,7
train,5927,0,0
train,5928,0,2
train,5929,0,3
train,5930,0,0
train,5931,0,2
train,5932,0,0
train,5933,0,2
train,5934,0,0
train,5935,0,0
train,5936,0,4
train,5937,0,1
train,5938,0,2
train,5939,0,0
train,5940,0,1
train,5941,0,4
train,5942,0,2
train,5943,0,1
train,5944,0,1
train,5945,0,6
train,5946,0,0
train,5947,0,0
train,5948,0,1
train,5949,0,2
train,5950,0,0
train,5951,0,2
train,5952,0,3
train,5953,0,1
train,5954,0,1
train,5955,0,1
train,5956,0,0
train,5957,0,0
train,5958,0,0
train,5959,0,1
train,5960,0,1
train,5961,0,1
train,5962,0,0
train,5963,0,1
train,5964,0,1
train,5965,0,4
train,5966,0,1
train,5967,0,1
train,5968,0,0
train,5969,0,0
train,5970,0,1
train,5971,0,0
train,5972,0,0
train,5973,0,1
train,5974,0,0
train,5975,0,4
train,5976,0,2
train,5977,0,2
train,5978,0,1
train,5979,0,4
train,5980,0,1
train,5981,0,1
train,5982,0,1
train,5983,0,1
train,5984,0,3
train,5985,0,1
train,5986,0,1
train,5987,0,1
train,5988,0,1
train,5989,0,0
train,5990,0,0
train,5991,0,0
train,5992,0,0
train,5993,0,0
train,5994,0,1
train,5995,0,2
train,5996,0,0
train,5997,0,7
train,5998,0,0
train,5999,0,0
train,6000,0,1
train,6001,0,0
train,6002,0,0
train,6003,0,1
train,6004,0,2
train,6005,0,1
train,6006,0,0
train,6007,0,0
train,6008,0,7
train,6009,0,1
train,6010,0,0
train,6011,0,1
train,6012,0,4
train,6013,0,7
train,6014,0,1
train,6015,0,0
train,6016,0,1
train,6017,0,0
train,6018,0,2
train,6019,0,1
train,6020,0,1
train,6021,0,2
train,6022,0,2
train,6023,0,0
train,6024,0,2
train,6025,0,7
train,6026,0,2
train,6027,0,2
train,6028,0,1
train,6029,0,1
train,6030,0,1
train,6031,0,2
train,6032,0,1
train,6033,0,1
train,6034,0,2
train,6035,0,4
train,6036,0,2
train,6037,0,2
train,6038,0,2
train,6039,0,4
train,6040,0,2
train,6041,0,4
train,6042,0,3
train,6043,0,1
train,6044,0,2
train,6045,0,4
train,6046,0,1
train,6047,0,1
train,6048,0,0
train,6049,0,1
train,6050,0,2
train,6051,0,4
train,6052,0,1
train,6053,0,2
train,6054,0,0
train,6055,0,1
train,6056,0,2
train,6057,0,0
train,6058,0,4
train,6059,0,0
train,6060,0,1
train,6061,0,0
train,6062,0,2
train,6063,0,4
train,6064,0,0
train,6065,0,3
train,6066,0,2
train,6067,0,2
train,6068,0,1
train,6069,0,0
train,6070,0,2
train,6071,0,1
train,6072,0,1
train,6073,0,1
train,6074,0,0
train,6075,0,3
train,6076,0,0
train,6077,0,2
train,6078,0,0
train,6079,0,1
train,6080,0,1
train,6081,0,1
train,6082,0,2
train,6083,0,1
train,6084,0,1
train,6085,0,1
train,6086,0,0
train,6087,0,1
train,6088,0,2
train,6089,0,0
train,6090,0,2
train,6091,0,1
train,6092,0,4
train,6093,0,0
train,6094,0,4
train,6095,0,1
train,6096,0,1
train,6097,0,4
train,6098,0,1
train,6099,0,1
train,6100,0,2
train,6101,0,2
train,6102,0,1
train,6103,0,1
train,6104,0,2
train,6105,0,1
train,6106,0,2
train,6107,0,0
train,6108,0,1
train,6109,0,2
train,6110,0,0
train,6111,0,1
train,6112,0,1
train,6113,0,7
train,6114,0,1
train,6115,0,0
train,6116,0,2
train,6117,0,4
train,6118,0,2
train,6119,0,1
train,6120,0,3
train,6121,0,2
train,6122,0,1
train,6123,0,1
train,6124,0,0
train,6125,0,2
train,6126,0,0
train,6127,0,2
train,6128,0,1
train,6129,0,4
train,6130,0,0
train,6131,0,1
train,6132,0,2
train,6133,0,1
train,6134,0,0
train,6135,0,1
train,6136,0,0
train,6137,0,1
train,6138,0,1
train,6139,0,0
train,6140,0,2
train,6141,0,1
train,6142,0,4
train,6143,0,1
train,6144,0,2
train,6145,0,2
train,6146,0,1
train,6147,0,6
train,6148,0,0
train,6149,0,0
train,6150,0,4
train,6151,0,1
train,6152,0,1
train,6153,0,2
train,6154,0,4
train,6155,0,0
train,6156,0,3
train,6157,0,7
train,6158,0,3
train,6159,0,1
train,6160,0,1
train,6161,0,0
train,6162,0,5
train,6163,0,1
train,6164,0,0
train,6165,0,3
train,6166,0,1
train,6167,0,2
train,6168,0,1
train,6169,0,0
train,6170,0,0
train,6171,0,1
train,6172,0,1
train,6173,0,0
train,6174,0,2
train,6175,0,1
train,6176,0,0
train,6177,0,3
train,6178,0,2
train,6179,0,1
train,6180,0,1
train,6181,0,1
train,6182,0,0
train,6183,0,1
train,6184,0,0
train,6185,0,2
train,6186,0,0
train,6187,0,1
train,6188,0,2
train,6189,0,7
train,6190,0,3
train,6191,0,2
train,6192,0,1
train,6193,0,4
train,6194,0,2
train,6195,0,1
train,6196,0,1
train,6197,0,1
train,6198,0,2
train,6199,0,1
train,6200,0,1
train,6201,0,2
train,6202,0,2
train,6203,0,7
train,6204,0,1
train,6205,0,1
train,6206,0,1
train,6207,0,2
train,6208,0,1
train,6209,0,3
train,6210,0,0
train,6211,0,3
train,6212,0,1
train,6213,0,0
train,6214,0,2
train,6215,0,3
train,6216,0,0
train,6217,0,4
train,6218,0,4
train,6219,0,1
train,6220,0,0
train,6221,0,3
train,6222,0,0
train,6223,0,4
train,6224,0,0
train,6225,0,0
train,6226,0,1
train,6227,0,0
train,6228,0,0
train,6229,0,0
train,6230,0,1
train,6231,0,0
train,6232,0,1
train,6233,0,2
train,6234,0,2
train,6235,0,2
train,6236,0,1
train,6237,0,0
train,6238,0,0
train,6239,0,0
train,6240,0,1
train,6241,0,2
train,6242,0,0
train,6243,0,1
train,6244,0,2
train,6245,0,6
train,6246,0,1
train,6247,0,3
train,6248,0,2
train,6249,0,3
train,6250,0,1
train,6251,0,1
train,6252,0,1
train,6253,0,2
train,6254,0,1
train,6255,0,2
train,6256,0,4
train,6257,0,4
train,6258,0,2
train,6259,0,1
train,6260,0,3
train,6261,0,0
train,6262,0,1
train,6263,0,2
train,6264,0,2
train,6265,0,2
train,6266,0,0
train,6267,0,4
train,6268,0,3
train,6269,0,0
train,6270,0,1
train,6271,0,1
train,6272,0,2
train,6273,0,1
train,6274,0,2
train,6275,0,1
train,6276,0,0
train,6277,0,1
train,6278,0,2
train,6279,0,7
train,6280,0,0
train,6281,0,2
train,6282,0,0
train,6283,0,0
train,6284,0,2
train,6285,0,6
train,6286,0,1
train,6287,0,0
train,6288,0,1
train,6289,0,1
train,6290,0,7
train,6291,0,0
train,6292,0,0
train,6293,0,2
train,6294,0,2
train,6295,0,4
train,6296,0,0
train,6297,0,2
train,6298,0,2
train,6299,0,4
train,6300,0,1
train,6301,0,4
train,6302,0,1
train,6303,0,2
train,6304,0,1
train,6305,0,4
train,6306,0,1
train,6307,0,1
train,6308,0,4
train,6309,0,3
train,6310,0,4
train,6311,0,4
train,6312,0,1
train,6313,0,0
train,6314,0,2
train,6315,0,4
train,6316,0,2
train,6317,0,0
train,6318,0,1
train,6319,0,2
train,6320,0,1
train,6321,0,1
train,6322,0,1
train,6323,0,3
train,6324,0,5
train,6325,0,0
train,6326,0,3
train,6327,0,1
train,6328,0,1
train,6329,0,2
train,6330,0,0
train,6331,0,1
train,6332,0,1
train,6333,0,2
train,6334,0,2
train,6335,0,3
train,6336,0,1
train,6337,0,2
train,6338,0,2
train,6339,0,2
train,6340,0,2
train,6341,0,1
train,6342,0,4
train,6343,0,2
train,6344,0,2
train,6345,0,0
train,6346,0,1
train,6347,0,0
train,6348,0,0
train,6349,0,1
train,6350,0,0
train,6351,0,1
train,6352,0,1
train,6353,0,4
train,6354,0,1
train,6355,0,1
train,6356,0,3
train,6357,0,2
train,6358,0,2
train,6359,0,0
train,6360,0,0
train,6361,0,1
train,6362,0,1
train,6363,0,0
train,6364,0,2
train,6365,0,3
train,6366,0,4
train,6367,0,1
train,6368,0,4
train,6369,0,0
train,6370,0,2
train,6371,0,1
train,6372,0,2
train,6373,0,1
train,6374,0,2
train,6375,0,1
train,6376,0,2
train,6377,0,3
train,6378,0,0
train,6379,0,0
train,6380,0,2
train,6381,0,2
train,6382,0,1
train,6383,0,0
train,6384,0,2
train,6385,0,1
train,6386,0,0
train,6387,0,4
train,6388,0,5
train,6389,0,0
train,6390,0,0
train,6391,0,0
train,6392,0,0
train,6393,0,7
train,6394,0,6
train,6395,0,0
train,6396,0,1
train,6397,0,2
train,6398,0,1
train,6399,0,1
train,6400,0,1
train,6401,0,7
train,6402,0,2
train,6403,0,2
train,6404,0,1
train,6405,0,1
train,6406,0,4
train,6407,0,1
train,6408,0,0
train,6409,0,2
train,6410,0,0
train,6411,0,0
train,6412,0,3
train,6413,0,1
train,6414,0,1
train,6415,0,5
train,6416,0,1
train,6417,0,1
train,6418,0,3
train,6419,0,0
train,6420,0,1
train,6421,0,1
train,6422,0,1
train,6423,0,4
train,6424,0,2
train,6425,0,1
train,6426,0,1
train,6427,0,0
train,6428,0,2
train,6429,0,2
train,6430,0,0
train,6431,0,0
train,6432,0,0
train,6433,0,0
train,6434,0,1
train,6435,0,2
train,6436,0,2
train,6437,0,1
train,6438,0,2
train,6439,0,0
train,6440,0,1
train,6441,0,1
train,6442,0,0
train,6443,0,1
train,6444,0,4
train,6445,0,2
train,6446,0,2
train,6447,0,2
train,6448,0,0
train,6449,0,3
train,6450,0,3
train,6451,0,2
train,6452,0,0
train,6453,0,1
train,6454,0,1
train,6455,0,1
train,6456,0,1
train,6457,0,0
train,6458,0,2
train,6459,0,1
train,6460,0,2
train,6461,0,2
train,6462,0,0
train,6463,0,1
train,6464,0,2
train,6465,0,1
train,6466,0,1
train,6467,0,7
train,6468,0,3
train,6469,0,1
train,6470,0,4
train,6471,0,1
train,6472,0,0
train,6473,0,1
train,6474,0,2
train,6475,0,2
train,6476,0,1
train,6477,0,4
train,6478,0,6
train,6479,0,0
train,6480,0,2
train,6481,0,2
train,6482,0,0
train,6483,0,2
train,6484,0,0
train,6485,0,1
train,6486,0,2
train,6487,0,2
train,6488,0,2
train,6489,0,3
train,6490,0,6
train,6491,0,0
train,6492,0,2
train,6493,0,4
train,6494,0,1
train,6495,0,2
train,6496,0,0
train,6497,0,1
train,6498,0,3
train,6499,0,2
train,6500,0,1
train,6501,0,0
train,6502,0,1
train,6503,0,1
train,6504,0,2
train,6505,0,1
train,6506,0,1
train,6507,0,2
train,6508,0,1
train,6509,0,2
train,6510,0,1
train,6511,0,2
train,6512,0,1
train,6513,0,2
train,6514,0,4
train,6515,0,0
train,6516,0,1
train,6517,0,7
train,6518,0,1
train,6519,0,1
train,6520,0,1
train,6521,0,2
train,6522,0,4
train,6523,0,2
train,6524,0,1
train,6525,0,1
train,6526,0,1
train,6527,0,1
train,6528,0,1
train,6529,0,2
train,6530,0,4
train,6531,0,3
train,6532,0,2
train,6533,0,0
train,6534,0,0
train,6535,0,1
train,6536,0,0
train,6537,0,2
train,6538,0,1
train,6539,0,1
train,6540,0,1
train,6541,0,4
train,6542,0,3
train,6543,0,4
train,6544,0,0
train,6545,0,2
train,6546,0,0
train,6547,0,1
train,6548,0,0
train,6549,0,2
train,6550,0,1
train,6551,0,1
train,6552,0,0
train,6553,0,2
train,6554,0,2
train,6555,0,2
train,6556,0,0
train,6557,0,1
train,6558,0,3
train,6559,0,2
train,6560,0,1
train,6561,0,1
train,6562,0,1
train,6563,0,0
train,6564,0,7
train,6565,0,0
train,6566,0,1
train,6567,0,2
train,6568,0,3
train,6569,0,2
train,6570,0,0
train,6571,0,2
train,6572,0,2
train,6573,0,4
train,6574,0,3
train,6575,0,7
train,6576,0,1
train,6577,0,0
train,6578,0,1
train,6579,0,2
train,6580,0,1
train,6581,0,1
train,6582,0,1
train,6583,0,4
train,6584,0,3
train,6585,0,7
train,6586,0,1
train,6587,0,1
train,6588,0,1
train,6589,0,2
train,6590,0,3
train,6591,0,4
train,6592,0,0
train,6593,0,2
train,6594,0,0
train,6595,0,1
train,6596,0,1
train,6597,0,2
train,6598,0,2
train,6599,0,2
train,6600,0,1
train,6601,0,0
train,6602,0,3
train,6603,0,1
train,6604,0,3
train,6605,0,0
train,6606,0,0
train,6607,0,1
train,6608,0,0
train,6609,0,2
train,6610,0,7
train,6611,0,1
train,6612,0,1
train,6613,0,0
train,6614,0,5
train,6615,0,4
train,6616,0,3
train,6617,0,0
train,6618,0,1
train,6619,0,1
train,6620,0,1
train,6621,0,1
train,6622,0,1
train,6623,0,1
train,6624,0,1
train,6625,0,0
train,6626,0,1
train,6627,0,1
train,6628,0,3
train,6629,0,1
train,6630,0,2
train,6631,0,0
train,6632,0,1
train,6633,0,1
train,6634,0,1
train,6635,0,5
train,6636,0,2
train,6637,0,3
train,6638,0,1
train,6639,0,1
train,6640,0,0
train,6641,0,0
train,6642,0,1
train,6643,0,0
train,6644,0,1
train,6645,0,7
train,6646,0,4
train,6647,0,0
train,6648,0,4
train,6649,0,2
train,6650,0,2
train,6651,0,2
train,6652,0,2
train,6653,0,0
train,6654,0,2
train,6655,0,2
train,6656,0,0
train,6657,0,4
train,6658,0,0
train,6659,0,1
train,6660,0,0
train,6661,0,5
train,6662,0,2
train,6663,0,1
train,6664,0,3
train,6665,0,2
train,6666,0,3
train,6667,0,2
train,6668,0,1
train,6669,0,2
train,6670,0,0
train,6671,0,1
train,6672,0,1
train,6673,0,1
train,6674,0,0
train,6675,0,5
train,6676,0,0
train,6677,0,7
train,6678,0,4
train,6679,0,2
train,6680,0,0
train,6681,0,7
train,6682,0,7
train,6683,0,1
train,6684,0,2
train,6685,0,2
train,6686,0,0
train,6687,0,4
train,6688,0,2
train,6689,0,2
train,6690,0,1
train,6691,0,2
train,6692,0,1
train,6693,0,0
train,6694,0,1
train,6695,0,2
train,6696,0,0
train,6697,0,2
train,6698,0,0
train,6699,0,1
train,6700,0,0
train,6701,0,0
train,6702,0,1
train,6703,0,1
train,6704,0,0
train,6705,0,7
train,6706,0,2
train,6707,0,1
train,6708,0,7
train,6709,0,0
train,6710,0,0
train,6711,0,0
train,6712,0,2
train,6713,0,4
train,6714,0,2
train,6715,0,2
train,6716,0,4
train,6717,0,0
train,6718,0,1
train,6719,0,1
train,6720,0,0
train,6721,0,4
train,6722,0,2
train,6723,0,4
train,6724,0,1
train,6725,0,2
train,6726,0,0
train,6727,0,1
train,6728,0,2
train,6729,0,1
train,6730,0,0
train,6731,0,1
train,6732,0,4
train,6733,0,1
train,6734,0,1
train,6735,0,1
train,6736,0,1
train,6737,0,0
train,6738,0,3
train,6739,0,0
train,6740,0,1
train,6741,0,4
train,6742,0,1
train,6743,0,0
train,6744,0,2
train,6745,0,2
train,6746,0,1
train,6747,0,1
train,6748,0,3
train,6749,0,1
train,6750,0,1
train,6751,0,1
train,6752,0,1
train,6753,0,2
train,6754,0,2
train,6755,0,0
train,6756,0,2
train,6757,0,2
train,6758,0,2
train,6759,0,0
train,6760,0,2
train,6761,0,1
train,6762,0,1
train,6763,0,2
train,6764,0,0
train,6765,0,1
train,6766,0,1
train,6767,0,2
train,6768,0,2
train,6769,0,0
train,6770,0,7
train,6771,0,1
train,6772,0,1
train,6773,0,1
train,6774,0,0
train,6775,0,3
train,6776,0,3
train,6777,0,0
train,6778,0,0
train,6779,0,0
train,6780,0,0
train,6781,0,0
train,6782,0,7
train,6783,0,4
train,6784,0,2
train,6785,0,0
train,6786,0,4
train,6787,0,4
train,6788,0,2
train,6789,0,0
train,6790,0,1
train,6791,0,1
train,6792,0,2
train,6793,0,0
train,6794,0,1
train,6795,0,7
train,6796,0,2
train,6797,0,1
train,6798,0,0
train,6799,0,3
train,6800,0,2
train,6801,0,1
train,6802,0,2
train,6803,0,0
train,6804,0,2
train,6805,0,2
train,6806,0,1
train,6807,0,2
train,6808,0,0
train,6809,0,1
train,6810,0,1
train,6811,0,1
train,6812,0,2
train,6813,0,0
train,6814,0,0
train,6815,0,3
train,6816,0,1
train,6817,0,1
train,6818,0,4
train,6819,0,4
train,6820,0,1
train,6821,0,0
train,6822,0,0
train,6823,0,1
train,6824,0,1
train,6825,0,4
train,6826,0,1
train,6827,0,6
train,6828,0,2
train,6829,0,1
train,6830,0,3
train,6831,0,0
train,6832,0,7
train,6833,0,2
train,6834,0,1
train,6835,0,3
train,6836,0,1
train,6837,0,2
train,6838,0,7
train,6839,0,2
train,6840,0,1
train,6841,0,0
train,6842,0,2
train,6843,0,1
train,6844,0,1
train,6845,0,3
train,6846,0,0
train,6847,0,1
train,6848,0,1
train,6849,0,1
train,6850,0,2
train,6851,0,0
train,6852,0,2
train,6853,0,3
train,6854,0,5
train,6855,0,0
train,6856,0,0
train,6857,0,0
train,6858,0,3
train,6859,0,1
train,6860,0,2
train,6861,0,1
train,6862,0,3
train,6863,0,1
train,6864,0,4
train,6865,0,2
train,6866,0,1
train,6867,0,2
train,6868,0,2
train,6869,0,1
train,6870,0,4
train,6871,0,0
train,6872,0,1
train,6873,0,4
train,6874,0,0
train,6875,0,1
train,6876,0,0
train,6877,0,1
train,6878,0,4
train,6879,0,1
train,6880,0,2
train,6881,0,1
train,6882,0,2
train,6883,0,1
train,6884,0,4
train,6885,0,0
train,6886,0,1
train,6887,0,2
train,6888,0,1
train,6889,0,1
train,6890,0,2
train,6891,0,4
train,6892,0,1
train,6893,0,2
train,6894,0,0
train,6895,0,2
train,6896,0,1
train,6897,0,3
train,6898,0,1
train,6899,0,0
train,6900,0,4
train,6901,0,0
train,6902,0,0
train,6903,0,4
train,6904,0,5
train,6905,0,4
train,6906,0,4
train,6907,0,0
train,6908,0,1
train,6909,0,2
train,6910,0,4
train,6911,0,2
train,6912,0,0
train,6913,0,4
train,6914,0,1
train,6915,0,0
train,6916,0,0
train,6917,0,1
train,6918,0,1
train,6919,0,1
train,6920,0,0
train,6921,0,0
train,6922,0,1
train,6923,0,2
train,6924,0,4
train,6925,0,0
train,6926,0,1
train,6927,0,1
train,6928,0,3
train,6929,0,2
train,6930,0,1
train,6931,0,1
train,6932,0,1
train,6933,0,0
train,6934,0,2
train,6935,0,1
train,6936,0,7
train,6937,0,1
train,6938,0,1
train,6939,0,0
train,6940,0,1
train,6941,0,1
train,6942,0,1
train,6943,0,2
train,6944,0,2
train,6945,0,4
train,6946,0,2
train,6947,0,3
train,6948,0,0
train,6949,0,1
train,6950,0,2
train,6951,0,1
train,6952,0,2
train,6953,0,2
train,6954,0,4
train,6955,0,1
train,6956,0,1
train,6957,0,2
train,6958,0,0
train,6959,0,1
train,6960,0,4
train,6961,0,0
train,6962,0,2
train,6963,0,1
train,6964,0,1
train,6965,0,4
train,6966,0,1
train,6967,0,1
train,6968,0,0
train,6969,0,2
train,6970,0,1
train,6971,0,3
train,6972,0,2
train,6973,0,2
train,6974,0,1
train,6975,0,1
train,6976,0,0
train,6977,0,0
train,6978,0,4
train,6979,0,1
train,6980,0,4
train,6981,0,2
train,6982,0,4
train,6983,0,4
train,6984,0,2
train,6985,0,2
train,6986,0,6
train,6987,0,1
train,6988,0,1
train,6989,0,1
train,6990,0,1
train,6991,0,1
train,6992,0,2
train,6993,0,1
train,6994,0,2
train,6995,0,1
train,6996,0,1
train,6997,0,0
train,6998,0,1
train,6999,0,2
train,7000,0,4
train,7001,0,2
train,7002,0,1
train,7003,0,0
train,7004,0,6
train,7005,0,1
train,7006,0,1
train,7007,0,3
train,7008,0,0
train,7009,0,1
train,7010,0,4
train,7011,0,1
train,7012,0,0
train,7013,0,2
train,7014,0,0
train,7015,0,0
train,7016,0,0
train,7017,0,0
train,7018,0,1
train,7019,0,4
train,7020,0,4
train,7021,0,0
train,7022,0,1
train,7023,0,1
train,7024,0,2
train,7025,0,2
train,7026,0,7
train,7027,0,2
train,7028,0,0
train,7029,0,1
train,7030,0,2
train,7031,0,0
train,7032,0,0
train,7033,0,0
train,7034,0,0
train,7035,0,2
train,7036,0,1
train,7037,0,1
train,7038,0,2
train,7039,0,0
train,7040,0,2
train,7041,0,3
train,7042,0,0
train,7043,0,2
train,7044,0,1
train,7045,0,0
train,7046,0,4
train,7047,0,2
train,7048,0,1
train,7049,0,2
train,7050,0,4
train,7051,0,2
train,7052,0,1
train,7053,0,0
train,7054,0,4
train,7055,0,3
train,7056,0,0
train,7057,0,1
train,7058,0,4
train,7059,0,2
train,7060,0,4
train,7061,0,2
train,7062,0,1
train,7063,0,1
train,7064,0,2
train,7065,0,0
train,7066,0,0
train,7067,0,2
train,7068,0,3
train,7069,0,2
train,7070,0,1
train,7071,0,4
train,7072,0,1
train,7073,0,6
train,7074,0,2
train,7075,0,0
train,7076,0,0
train,7077,0,2
train,7078,0,1
train,7079,0,7
train,7080,0,1
train,7081,0,1
train,7082,0,0
train,7083,0,0
train,7084,0,0
train,7085,0,2
train,7086,0,3
train,7087,0,2
train,7088,0,2
train,7089,0,2
train,7090,0,4
train,7091,0,4
train,7092,0,0
train,7093,0,7
train,7094,0,1
train,7095,0,0
train,7096,0,1
train,7097,0,1
train,7098,0,2
train,7099,0,2
train,7100,0,4
train,7101,0,4
train,7102,0,1
train,7103,0,0
train,7104,0,0
train,7105,0,0
train,7106,0,2
train,7107,0,1
train,7108,0,1
train,7109,0,3
train,7110,0,7
train,7111,0,1
train,7112,0,2
train,7113,0,0
train,7114,0,0
train,7115,0,1
train,7116,0,1
train,7117,0,0
train,7118,0,0
train,7119,0,1
train,7120,0,2
train,7121,0,1
train,7122,0,2
train,7123,0,2
train,7124,0,0
train,7125,0,4
train,7126,0,1
train,7127,0,0
train,7128,0,0
train,7129,0,0
train,7130,0,2
train,7131,0,1
train,7132,0,2
train,7133,0,2
train,7134,0,2
train,7135,0,3
train,7136,0,3
train,7137,0,2
train,7138,0,0
train,7139,0,0
train,7140,0,2
train,7141,0,2
train,7142,0,3
train,7143,0,1
train,7144,0,0
train,7145,0,2
train,7146,0,3
train,7147,0,2
train,7148,0,1
train,7149,0,1
train,7150,0,0
train,7151,0,4
train,7152,0,2
train,7153,0,1
train,7154,0,0
train,7155,0,4
train,7156,0,2
train,7157,0,7
train,7158,0,0
train,7159,0,1
train,7160,0,1
train,7161,0,1
train,7162,0,4
train,7163,0,1
train,7164,0,1
train,7165,0,4
train,7166,0,0
train,7167,0,1
train,7168,0,2
train,7169,0,2
train,7170,0,4
train,7171,0,0
train,7172,0,2
train,7173,0,4
train,7174,0,0
train,7175,0,0
train,7176,0,4
train,7177,0,1
train,7178,0,3
train,7179,0,1
train,7180,0,0
train,7181,0,5
train,7182,0,0
train,7183,0,3
train,7184,0,1
train,7185,0,7
train,7186,0,5
train,7187,0,0
train,7188,0,1
train,7189,0,4
train,7190,0,1
train,7191,0,0
train,7192,0,0
train,7193,0,4
train,7194,0,4
train,7195,0,0
train,7196,0,1
train,7197,0,1
train,7198,0,0
train,7199,0,1
train,7200,0,2
train,7201,0,1
train,7202,0,1
train,7203,0,1
train,7204,0,4
train,7205,0,2
train,7206,0,0
train,7207,0,2
train,7208,0,1
train,7209,0,0
train,7210,0,2
train,7211,0,4
train,7212,0,1
train,7213,0,2
train,7214,0,0
train,7215,0,1
train,7216,0,7
train,7217,0,1
train,7218,0,0
train,7219,0,7
train,7220,0,1
train,7221,0,0
train,7222,0,1
train,7223,0,2
train,7224,0,1
train,7225,0,0
train,7226,0,2
train,7227,0,2
train,7228,0,0
train,7229,0,0
train,7230,0,2
train,7231,0,1
train,7232,0,4
train,7233,0,4
train,7234,0,2
train,7235,0,4
train,7236,0,1
train,7237,0,1
train,7238,0,7
train,7239,0,1
train,7240,0,1
train,7241,0,2
train,7242,0,1
train,7243,0,0
train,7244,0,3
train,7245,0,2
train,7246,0,3
train,7247,0,2
train,7248,0,0
train,7249,0,0
train,7250,0,2
train,7251,0,2
train,7252,0,3
train,7253,0,3
train,7254,0,0
train,7255,0,2
train,7256,0,0
train,7257,0,7
train,7258,0,0
train,7259,0,0
train,7260,0,1
train,7261,0,3
train,7262,0,7
train,7263,0,2
train,7264,0,2
train,7265,0,1
train,7266,0,1
train,7267,0,7
train,7268,0,0
train,7269,0,0
train,7270,0,1
train,7271,0,0
train,7272,0,1
train,7273,0,2
train,7274,0,1
train,7275,0,2
train,7276,0,2
train,7277,0,2
train,7278,0,0
train,7279,0,1
train,7280,0,1
train,7281,0,1
train,7282,0,1
train,7283,0,1
train,7284,0,1
train,7285,0,1
train,7286,0,2
train,7287,0,1
train,7288,0,1
train,7289,0,0
train,7290,0,1
train,7291,0,0
train,7292,0,1
train,7293,0,1
train,7294,0,1
train,7295,0,4
train,7296,0,7
train,7297,0,2
train,7298,0,4
train,7299,0,2
train,7300,0,7
train,7301,0,0
train,7302,0,4
train,7303,0,2
train,7304,0,2
train,7305,0,1
train,7306,0,4
train,7307,0,2
train,7308,0,1
train,7309,0,2
train,7310,0,7
train,7311,0,6
train,7312,0,7
train,7313,0,2
train,7314,0,1
train,7315,0,7
train,7316,0,1
train,7317,0,1
train,7318,0,0
train,7319,0,1
train,7320,0,3
train,7321,0,3
train,7322,0,1
train,7323,0,2
train,7324,0,0
train,7325,0,1
train,7326,0,2
train,7327,0,1
train,7328,0,1
train,7329,0,0
train,7330,0,2
train,7331,0,1
train,7332,0,2
train,7333,0,2
train,7334,0,1
train,7335,0,4
train,7336,0,4
train,7337,0,2
train,7338,0,2
train,7339,0,2
train,7340,0,2
train,7341,0,4
train,7342,0,1
train,7343,0,2
train,7344,0,2
train,7345,0,4
train,7346,0,0
train,7347,0,1
train,7348,0,4
train,7349,0,0
train,7350,0,1
train,7351,0,7
train,7352,0,3
train,7353,0,7
train,7354,0,2
train,7355,0,1
train,7356,0,0
train,7357,0,1
train,7358,0,0
train,7359,0,2
train,7360,0,1
train,7361,0,1
train,7362,0,1
train,7363,0,1
train,7364,0,1
train,7365,0,1
train,7366,0,1
train,7367,0,1
train,7368,0,0
train,7369,0,4
train,7370,0,1
train,7371,0,0
train,7372,0,2
train,7373,0,1
train,7374,0,2
train,7375,0,2
train,7376,0,2
train,7377,0,0
train,7378,0,2
train,7379,0,2
train,7380,0,1
train,7381,0,1
train,7382,0,3
train,7383,0,2
train,7384,0,2
train,7385,0,2
train,7386,0,3
train,7387,0,2
train,7388,0,1
train,7389,0,1
train,7390,0,1
train,7391,0,1
train,7392,0,1
train,7393,0,4
train,7394,0,0
train,7395,0,2
train,7396,0,1
train,7397,0,2
train,7398,0,4
train,7399,0,2
train,7400,0,2
train,7401,0,1
train,7402,0,2
train,7403,0,0
train,7404,0,4
train,7405,0,2
train,7406,0,4
train,7407,0,1
train,7408,0,2
train,7409,0,1
train,7410,0,1
train,7411,0,0
train,7412,0,3
train,7413,0,5
train,7414,0,1
train,7415,0,2
train,7416,0,7
train,7417,0,0
train,7418,0,3
train,7419,0,1
train,7420,0,2
train,7421,0,6
train,7422,0,2
train,7423,0,3
train,7424,0,1
train,7425,0,2
train,7426,0,2
train,7427,0,0
train,7428,0,6
train,7429,0,0
train,7430,0,2
train,7431,0,2
train,7432,0,1
train,7433,0,0
train,7434,0,2
train,7435,0,2
train,7436,0,1
train,7437,0,0
train,7438,0,2
train,7439,0,2
train,7440,0,2
train,7441,0,1
train,7442,0,0
train,7443,0,4
train,7444,0,1
train,7445,0,2
train,7446,0,1
train,7447,0,2
train,7448,0,2
train,7449,0,0
train,7450,0,0
train,7451,0,1
train,7452,0,5
train,7453,0,1
train,7454,0,0
train,7455,0,4
train,7456,0,1
train,7457,0,1
train,7458,0,4
train,7459,0,2
train,7460,0,0
train,7461,0,5
train,7462,0,0
train,7463,0,2
train,7464,0,3
train,7465,0,0
train,7466,0,4
train,7467,0,2
train,7468,0,2
train,7469,0,2
train,7470,0,2
train,7471,0,1
train,7472,0,2
train,7473,0,0
train,7474,0,1
train,7475,0,1
train,7476,0,2
train,7477,0,1
train,7478,0,1
train,7479,0,2
train,7480,0,3
train,7481,0,5
train,7482,0,0
train,7483,0,0
train,7484,0,4
train,7485,0,0
train,7486,0,2
train,7487,0,0
train,7488,0,0
train,7489,0,2
train,7490,0,0
train,7491,0,1
train,7492,0,1
train,7493,0,1
train,7494,0,1
train,7495,0,1
train,7496,0,2
train,7497,0,4
train,7498,0,2
train,7499,0,2
train,7500,0,1
train,7501,0,1
train,7502,0,4
train,7503,0,3
train,7504,0,1
train,7505,0,4
train,7506,0,0
train,7507,0,0
train,7508,0,2
train,7509,0,1
train,7510,0,2
train,7511,0,1
train,7512,0,1
train,7513,0,4
train,7514,0,1
train,7515,0,0
train,7516,0,0
train,7517,0,1
train,7518,0,0
train,7519,0,1
train,7520,0,2
train,7521,0,3
train,7522,0,7
train,7523,0,4
train,7524,0,1
train,7525,0,1
train,7526,0,2
train,7527,0,1
train,7528,0,3
train,7529,0,1
train,7530,0,2
train,7531,0,0
train,7532,0,1
train,7533,0,2
train,7534,0,2
train,7535,0,0
train,7536,0,1
train,7537,0,3
train,7538,0,2
train,7539,0,2
train,7540,0,1
train,7541,0,1
train,7542,0,1
train,7543,0,0
train,7544,0,1
train,7545,0,1
train,7546,0,2
train,7547,0,2
train,7548,0,4
train,7549,0,0
train,7550,0,3
train,7551,0,2
train,7552,0,2
train,7553,0,0
train,7554,0,2
train,7555,0,1
train,7556,0,4
train,7557,0,1
train,7558,0,1
train,7559,0,1
train,7560,0,1
train,7561,0,1
train,7562,0,2
train,7563,0,1
train,7564,0,0
train,7565,0,0
train,7566,0,1
train,7567,0,4
train,7568,0,0
train,7569,0,0
train,7570,0,0
train,7571,0,1
train,7572,0,1
train,7573,0,7
train,7574,0,1
train,7575,0,4
train,7576,0,1
train,7577,0,4
train,7578,0,1
train,7579,0,1
train,7580,0,1
train,7581,0,1
train,7582,0,4
train,7583,0,6
train,7584,0,2
train,7585,0,2
train,7586,0,1
train,7587,0,3
train,7588,0,5
train,7589,0,0
train,7590,0,3
train,7591,0,3
train,7592,0,0
train,7593,0,4
train,7594,0,0
train,7595,0,4
train,7596,0,4
train,7597,0,0
train,7598,0,1
train,7599,0,1
train,7600,0,2
train,7601,0,3
train,7602,0,1
train,7603,0,1
train,7604,0,2
train,7605,0,7
train,7606,0,1
train,7607,0,2
train,7608,0,0
train,7609,0,4
train,7610,0,2
train,7611,0,0
train,7612,0,1
train,7613,0,0
train,7614,0,1
train,7615,0,2
train,7616,0,1
train,7617,0,0
train,7618,0,1
train,7619,0,1
train,7620,0,1
train,7621,0,1
train,7622,0,1
train,7623,0,1
train,7624,0,0
train,7625,0,2
train,7626,0,0
train,7627,0,1
train,7628,0,1
train,7629,0,4
train,7630,0,2
train,7631,0,1
train,7632,0,2
train,7633,0,0
train,7634,0,2
train,7635,0,4
train,7636,0,4
train,7637,0,1
train,7638,0,0
train,7639,0,1
train,7640,0,0
train,7641,0,1
train,7642,0,1
train,7643,0,2
train,7644,0,1
train,7645,0,1
train,7646,0,0
train,7647,0,0
train,7648,0,4
train,7649,0,0
train,7650,0,2
train,7651,0,1
train,7652,0,4
train,7653,0,7
train,7654,0,2
train,7655,0,2
train,7656,0,0
train,7657,0,2
train,7658,0,0
train,7659,0,2
train,7660,0,0
train,7661,0,1
train,7662,0,1
train,7663,0,3
train,7664,0,0
train,7665,0,0
train,7666,0,1
train,7667,0,1
train,7668,0,1
train,7669,0,1
train,7670,0,4
train,7671,0,1
train,7672,0,1
train,7673,0,0
train,7674,0,0
train,7675,0,7
train,7676,0,1
train,7677,0,2
train,7678,0,2
train,7679,0,4
train,7680,0,1
train,7681,0,0
train,7682,0,2
train,7683,0,1
train,7684,0,1
train,7685,0,2
train,7686,0,4
train,7687,0,1
train,7688,0,0
train,7689,0,0
train,7690,0,0
train,7691,0,0
train,7692,0,1
train,7693,0,2
train,7694,0,1
train,7695,0,4
train,7696,0,1
train,7697,0,0
train,7698,0,1
train,7699,0,0
train,7700,0,4
train,7701,0,7
train,7702,0,2
train,7703,0,3
train,7704,0,4
train,7705,0,1
train,7706,0,2
train,7707,0,4
train,7708,0,0
train,7709,0,0
train,7710,0,4
train,7711,0,2
train,7712,0,1
train,7713,0,0
train,7714,0,4
train,7715,0,2
train,7716,0,1
train,7717,0,7
train,7718,0,1
train,7719,0,0
train,7720,0,0
train,7721,0,2
train,7722,0,1
train,7723,0,1
train,7724,0,0
train,7725,0,2
train,7726,0,0
train,7727,0,0
train,7728,0,1
train,7729,0,6
train,7730,0,1
train,7731,0,0
train,7732,0,1
train,7733,0,0
train,7734,0,2
train,7735,0,1
train,7736,0,1
train,7737,0,1
train,7738,0,3
train,7739,0,2
train,7740,0,3
train,7741,0,4
train,7742,0,2
train,7743,0,1
train,7744,0,7
train,7745,0,2
train,7746,0,2
train,7747,0,3
train,7748,0,0
train,7749,0,1
train,7750,0,7
train,7751,0,4
train,7752,0,1
train,7753,0,2
train,7754,0,7
train,7755,0,3
train,7756,0,1
train,7757,0,0
train,7758,0,0
train,7759,0,3
train,7760,0,3
train,7761,0,0
train,7762,0,7
train,7763,0,2
train,7764,0,1
train,7765,0,1
train,7766,0,2
train,7767,0,1
train,7768,0,0
train,7769,0,2
train,7770,0,0
train,7771,0,0
train,7772,0,0
train,7773,0,1
train,7774,0,2
train,7775,0,2
train,7776,0,0
train,7777,0,6
train,7778,0,1
train,7779,0,1
train,7780,0,2
train,7781,0,1
train,7782,0,1
train,7783,0,2
train,7784,0,1
train,7785,0,2
train,7786,0,1
train,7787,0,0
train,7788,0,1
train,7789,0,2
train,7790,0,4
train,7791,0,2
train,7792,0,1
train,7793,0,1
train,7794,0,1
train,7795,0,2
train,7796,0,3
train,7797,0,1
train,7798,0,0
train,7799,0,1
train,7800,0,0
train,7801,0,2
train,7802,0,1
train,7803,0,2
train,7804,0,1
train,7805,0,3
train,7806,0,1
train,7807,0,4
train,7808,0,2
train,7809,0,1
train,7810,0,0
train,7811,0,2
train,7812,0,2
train,7813,0,0
train,7814,0,2
train,7815,0,2
train,7816,0,1
train,7817,0,2
train,7818,0,1
train,7819,0,4
train,7820,0,0
train,7821,0,4
train,7822,0,4
train,7823,0,0
train,7824,0,2
train,7825,0,3
train,7826,0,0
train,7827,0,0
train,7828,0,0
train,7829,0,1
train,7830,0,1
train,7831,0,1
train,7832,0,1
train,7833,0,1
train,7834,0,4
train,7835,0,1
train,7836,0,0
train,7837,0,3
train,7838,0,0
train,7839,0,2
train,7840,0,2
train,7841,0,2
train,7842,0,0
train,7843,0,1
train,7844,0,1
train,7845,0,2
train,7846,0,7
train,7847,0,1
train,7848,0,0
train,7849,0,1
train,7850,0,0
train,7851,0,0
train,7852,0,0
train,7853,0,1
train,7854,0,1
train,7855,0,4
train,7856,0,0
train,7857,0,2
train,7858,0,0
train,7859,0,1
train,7860,0,1
train,7861,0,1
train,7862,0,0
train,7863,0,0
train,7864,0,2
train,7865,0,3
train,7866,0,0
train,7867,0,7
train,7868,0,0
train,7869,0,0
train,7870,0,0
train,7871,0,3
train,7872,0,0
train,7873,0,1
train,7874,0,1
train,7875,0,1
train,7876,0,2
train,7877,0,1
train,7878,0,4
train,7879,0,3
train,7880,0,4
train,7881,0,0
train,7882,0,0
train,7883,0,0
train,7884,0,1
train,7885,0,2
train,7886,0,2
train,7887,0,2
train,7888,0,2
train,7889,0,0
train,7890,0,4
train,7891,0,1
train,7892,0,1
train,7893,0,1
train,7894,0,2
train,7895,0,1
train,7896,0,0
train,7897,0,4
train,7898,0,0
train,7899,0,1
train,7900,0,2
train,7901,0,2
train,7902,0,1
train,7903,0,0
train,7904,0,2
train,7905,0,1
train,7906,0,0
train,7907,0,2
train,7908,0,2
train,7909,0,2
train,7910,0,1
train,7911,0,4
train,7912,0,0
train,7913,0,1
train,7914,0,5
train,7915,0,7
train,7916,0,4
train,7917,0,0
train,7918,0,2
train,7919,0,1
train,7920,0,4
train,7921,0,5
train,7922,0,1
train,7923,0,0
train,7924,0,1
train,7925,0,2
train,7926,0,2
train,7927,0,1
train,7928,0,0
train,7929,0,0
train,7930,0,0
train,7931,0,2
train,7932,0,1
train,7933,0,1
train,7934,0,1
train,7935,0,3
train,7936,0,1
train,7937,0,1
train,7938,0,1
train,7939,0,3
train,7940,0,3
train,7941,0,4
train,7942,0,0
train,7943,0,7
train,7944,0,2
train,7945,0,4
train,7946,0,0
train,7947,0,1
train,7948,0,1
train,7949,0,4
train,7950,0,7
train,7951,0,1
train,7952,0,1
train,7953,0,4
train,7954,0,2
train,7955,0,0
train,7956,0,2
train,7957,0,2
train,7958,0,0
train,7959,0,4
train,7960,0,1
train,7961,0,1
train,7962,0,1
train,7963,0,2
train,7964,0,0
train,7965,0,4
train,7966,0,2
train,7967,0,1
train,7968,0,1
train,7969,0,1
train,7970,0,0
train,7971,0,0
train,7972,0,4
train,7973,0,2
train,7974,0,1
train,7975,0,7
train,7976,0,7
train,7977,0,0
train,7978,0,2
train,7979,0,1
train,7980,0,3
train,7981,0,4
train,7982,0,0
train,7983,0,0
train,7984,0,3
train,7985,0,2
train,7986,0,5
train,7987,0,2
train,7988,0,1
train,7989,0,7
train,7990,0,7
train,7991,0,2
train,7992,0,0
train,7993,0,4
train,7994,0,1
train,7995,0,1
train,7996,0,2
train,7997,0,1
train,7998,0,4
train,7999,0,1
train,8000,0,1
train,8001,0,1
train,8002,0,1
train,8003,0,0
train,8004,0,1
train,8005,0,4
train,8006,0,1
train,8007,0,0
train,8008,0,4
train,8009,0,0
train,8010,0,4
train,8011,0,3
train,8012,0,1
train,8013,0,1
train,8014,0,0
train,8015,0,1
train,8016,0,4
train,8017,0,1
train,8018,0,1
train,8019,0,0
train,8020,0,1
train,8021,0,1
train,8022,0,4
train,8023,0,1
train,8024,0,0
train,8025,0,7
train,8026,0,1
train,8027,0,0
train,8028,0,1
train,8029,0,0
train,8030,0,1
train,8031,0,1
train,8032,0,0
train,8033,0,2
train,8034,0,1
train,8035,0,0
train,8036,0,1
train,8037,0,1
train,8038,0,4
train,8039,0,0
train,8040,0,0
train,8041,0,1
train,8042,0,0
train,8043,0,0
train,8044,0,4
train,8045,0,1
train,8046,0,1
train,8047,0,1
train,8048,0,0
train,8049,0,7
train,8050,0,2
train,8051,0,0
train,8052,0,2
train,8053,0,1
train,8054,0,2
train,8055,0,1
train,8056,0,1
train,8057,0,0
train,8058,0,4
train,8059,0,2
train,8060,0,1
train,8061,0,1
train,8062,0,2
train,8063,0,3
train,8064,0,2
train,8065,0,1
train,8066,0,0
train,8067,0,4
train,8068,0,1
train,8069,0,1
train,8070,0,2
train,8071,0,4
train,8072,0,1
train,8073,0,1
train,8074,0,4
train,8075,0,4
train,8076,0,1
train,8077,0,1
train,8078,0,1
train,8079,0,3
train,8080,0,1
train,8081,0,2
train,8082,0,2
train,8083,0,0
train,8084,0,1
train,8085,0,0
train,8086,0,0
train,8087,0,0
train,8088,0,1
train,8089,0,1
train,8090,0,0
train,8091,0,1
train,8092,0,2
train,8093,0,2
train,8094,0,1
train,8095,0,7
train,8096,0,1
train,8097,0,1
train,8098,0,4
train,8099,0,3
train,8100,0,2
train,8101,0,2
train,8102,0,0
train,8103,0,1
train,8104,0,4
train,8105,0,0
train,8106,0,1
train,8107,0,0
train,8108,0,3
train,8109,0,2
train,8110,0,1
train,8111,0,0
train,8112,0,2
train,8113,0,1
train,8114,0,1
train,8115,0,0
train,8116,0,1
train,8117,0,1
train,8118,0,2
train,8119,0,1
train,8120,0,1
train,8121,0,2
train,8122,0,4
train,8123,0,4
train,8124,0,1
train,8125,0,1
train,8126,0,2
train,8127,0,1
train,8128,0,1
train,8129,0,7
train,8130,0,1
train,8131,0,1
train,8132,0,1
train,8133,0,1
train,8134,0,1
train,8135,0,0
train,8136,0,1
train,8137,0,2
train,8138,0,1
train,8139,0,1
train,8140,0,2
train,8141,0,0
train,8142,0,2
train,8143,0,0
train,8144,0,2
train,8145,0,0
train,8146,0,2
train,8147,0,0
train,8148,0,4
train,8149,0,4
train,8150,0,4
train,8151,0,1
train,8152,0,0
train,8153,0,1
train,8154,0,0
train,8155,0,1
train,8156,0,2
train,8157,0,7
train,8158,0,3
train,8159,0,1
train,8160,0,2
train,8161,0,2
train,8162,0,2
train,8163,0,7
train,8164,0,2
train,8165,0,2
train,8166,0,1
train,8167,0,1
train,8168,0,2
train,8169,0,1
train,8170,0,1
train,8171,0,2
train,8172,0,1
train,8173,0,1
train,8174,0,1
train,8175,0,2
train,8176,0,1
train,8177,0,1
train,8178,0,1
train,8179,0,1
train,8180,0,0
train,8181,0,2
train,8182,0,2
train,8183,0,1
train,8184,0,2
train,8185,0,4
train,8186,0,1
train,8187,0,0
train,8188,0,1
train,8189,0,1
train,8190,0,1
train,8191,0,1
train,8192,0,4
train,8193,0,0
train,8194,0,2
train,8195,0,3
train,8196,0,1
train,8197,0,2
train,8198,0,1
train,8199,0,0
train,8200,0,1
train,8201,0,0
train,8202,0,2
train,8203,0,0
train,8204,0,1
train,8205,0,4
train,8206,0,1
train,8207,0,1
train,8208,0,1
train,8209,0,3
train,8210,0,0
train,8211,0,1
train,8212,0,2
train,8213,0,1
train,8214,0,4
train,8215,0,2
train,8216,0,1
train,8217,0,1
train,8218,0,0
train,8219,0,2
train,8220,0,1
train,8221,0,3
train,8222,0,2
train,8223,0,2
train,8224,0,0
train,8225,0,0
train,8226,0,1
train,8227,0,1
train,8228,0,2
train,8229,0,0
train,8230,0,0
train,8231,0,0
train,8232,0,1
train,8233,0,2
train,8234,0,1
train,8235,0,4
train,8236,0,2
train,8237,0,1
train,8238,0,1
train,8239,0,7
train,8240,0,1
train,8241,0,1
train,8242,0,1
train,8243,0,1
train,8244,0,0
train,8245,0,7
train,8246,0,0
train,8247,0,0
train,8248,0,1
train,8249,0,2
train,8250,0,2
train,8251,0,4
train,8252,0,1
train,8253,0,2
train,8254,0,1
train,8255,0,1
train,8256,0,4
train,8257,0,0
train,8258,0,2
train,8259,0,6
train,8260,0,2
train,8261,0,4
train,8262,0,3
train,8263,0,0
train,8264,0,0
train,8265,0,3
train,8266,0,0
train,8267,0,1
train,8268,0,4
train,8269,0,1
train,8270,0,4
train,8271,0,1
train,8272,0,0
train,8273,0,1
train,8274,0,4
train,8275,0,2
train,8276,0,4
train,8277,0,2
train,8278,0,7
train,8279,0,1
train,8280,0,2
train,8281,0,1
train,8282,0,7
train,8283,0,1
train,8284,0,0
train,8285,0,1
train,8286,0,0
train,8287,0,1
train,8288,0,0
train,8289,0,2
train,8290,0,2
train,8291,0,2
train,8292,0,0
train,8293,0,3
train,8294,0,1
train,8295,0,1
train,8296,0,1
train,8297,0,1
train,8298,0,0
train,8299,0,2
train,8300,0,1
train,8301,0,1
train,8302,0,1
train,8303,0,1
train,8304,0,1
train,8305,0,2
train,8306,0,0
train,8307,0,0
train,8308,0,2
train,8309,0,1
train,8310,0,0
train,8311,0,1
train,8312,0,1
train,8313,0,3
train,8314,0,0
train,8315,0,0
train,8316,0,3
train,8317,0,1
train,8318,0,7
train,8319,0,1
train,8320,0,2
train,8321,0,1
train,8322,0,0
train,8323,0,1
train,8324,0,2
train,8325,0,0
train,8326,0,1
train,8327,0,1
train,8328,0,0
train,8329,0,4
train,8330,0,2
train,8331,0,4
train,8332,0,2
train,8333,0,2
train,8334,0,0
train,8335,0,2
train,8336,0,2
train,8337,0,0
train,8338,0,0
train,8339,0,2
train,8340,0,1
train,8341,0,0
train,8342,0,0
train,8343,0,1
train,8344,0,0
train,8345,0,1
train,8346,0,1
train,8347,0,2
train,8348,0,0
train,8349,0,2
train,8350,0,4
train,8351,0,1
train,8352,0,1
train,8353,0,2
train,8354,0,7
train,8355,0,3
train,8356,0,1
train,8357,0,1
train,8358,0,1
train,8359,0,1
train,8360,0,0
train,8361,0,4
train,8362,0,0
train,8363,0,1
train,8364,0,2
train,8365,0,2
train,8366,0,1
train,8367,0,2
train,8368,0,0
train,8369,0,4
train,8370,0,1
train,8371,0,0
train,8372,0,1
train,8373,0,3
train,8374,0,1
train,8375,0,1
train,8376,0,0
train,8377,0,3
train,8378,0,0
train,8379,0,0
train,8380,0,2
train,8381,0,5
train,8382,0,1
train,8383,0,0
train,8384,0,1
train,8385,0,2
train,8386,0,4
train,8387,0,0
train,8388,0,1
train,8389,0,2
train,8390,0,2
train,8391,0,0
train,8392,0,1
train,8393,0,2
train,8394,0,1
train,8395,0,0
train,8396,0,4
train,8397,0,7
train,8398,0,7
train,8399,0,3
train,8400,0,2
train,8401,0,0
train,8402,0,1
train,8403,0,2
train,8404,0,1
train,8405,0,1
train,8406,0,7
train,8407,0,3
train,8408,0,1
train,8409,0,1
train,8410,0,1
train,8411,0,1
train,8412,0,1
train,8413,0,2
train,8414,0,2
train,8415,0,2
train,8416,0,1
train,8417,0,6
train,8418,0,2
train,8419,0,2
train,8420,0,2
train,8421,0,1
train,8422,0,4
train,8423,0,1
train,8424,0,1
train,8425,0,1
train,8426,0,4
train,8427,0,2
train,8428,0,0
train,8429,0,1
train,8430,0,0
train,8431,0,4
train,8432,0,0
train,8433,0,3
train,8434,0,1
train,8435,0,1
train,8436,0,0
train,8437,0,1
train,8438,0,2
train,8439,0,7
train,8440,0,0
train,8441,0,1
train,8442,0,1
train,8443,0,1
train,8444,0,1
train,8445,0,0
train,8446,0,2
train,8447,0,1
train,8448,0,0
train,8449,0,4
train,8450,0,1
train,8451,0,2
train,8452,0,1
train,8453,0,1
train,8454,0,3
train,8455,0,4
train,8456,0,1
train,8457,0,1
train,8458,0,1
train,8459,0,2
train,8460,0,2
train,8461,0,1
train,8462,0,2
train,8463,0,0
train,8464,0,0
train,8465,0,4
train,8466,0,2
train,8467,0,1
train,8468,0,1
train,8469,0,2
train,8470,0,2
train,8471,0,0
train,8472,0,2
train,8473,0,1
train,8474,0,0
train,8475,0,6
train,8476,0,0
train,8477,0,2
train,8478,0,2
train,8479,0,1
train,8480,0,2
train,8481,0,1
train,8482,0,1
train,8483,0,1
train,8484,0,0
train,8485,0,5
train,8486,0,1
train,8487,0,0
train,8488,0,1
train,8489,0,0
train,8490,0,1
train,8491,0,2
train,8492,0,4
train,8493,0,2
train,8494,0,1
train,8495,0,1
train,8496,0,4
train,8497,0,2
train,8498,0,5
train,8499,0,1
train,8500,0,0
train,8501,0,0
train,8502,0,0
train,8503,0,3
train,8504,0,3
train,8505,0,0
train,8506,0,2
train,8507,0,2
train,8508,0,0
train,8509,0,2
train,8510,0,0
train,8511,0,0
train,8512,0,4
train,8513,0,1
train,8514,0,2
train,8515,0,0
train,8516,0,4
train,8517,0,0
train,8518,0,2
train,8519,0,2
train,8520,0,7
train,8521,0,4
train,8522,0,1
train,8523,0,1
train,8524,0,2
train,8525,0,2
train,8526,0,1
train,8527,0,0
train,8528,0,1
train,8529,0,1
train,8530,0,1
train,8531,0,2
train,8532,0,1
train,8533,0,0
train,8534,0,1
train,8535,0,4
train,8536,0,0
train,8537,0,0
train,8538,0,0
train,8539,0,0
train,8540,0,1
train,8541,0,2
train,8542,0,0
train,8543,0,1
train,8544,0,4
train,8545,0,0
train,8546,0,7
train,8547,0,6
train,8548,0,7
train,8549,0,0
train,8550,0,2
train,8551,0,1
train,8552,0,0
train,8553,0,1
train,8554,0,0
train,8555,0,1
train,8556,0,2
train,8557,0,2
train,8558,0,1
train,8559,0,0
train,8560,0,0
train,8561,0,1
train,8562,0,4
train,8563,0,4
train,8564,0,1
train,8565,0,4
train,8566,0,1
train,8567,0,0
train,8568,0,2
train,8569,0,1
train,8570,0,0
train,8571,0,0
train,8572,0,1
train,8573,0,0
train,8574,0,2
train,8575,0,2
train,8576,0,0
train,8577,0,1
train,8578,0,2
train,8579,0,0
train,8580,0,5
train,8581,0,1
train,8582,0,2
train,8583,0,0
train,8584,0,0
train,8585,0,0
train,8586,0,1
train,8587,0,0
train,8588,0,0
train,8589,0,1
train,8590,0,0
train,8591,0,0
train,8592,0,2
train,8593,0,0
train,8594,0,0
train,8595,0,2
train,8596,0,3
train,8597,0,3
train,8598,0,2
train,8599,0,2
train,8600,0,4
train,8601,0,1
train,8602,0,1
train,8603,0,2
train,8604,0,2
train,8605,0,2
train,8606,0,1
train,8607,0,2
train,8608,0,7
train,8609,0,1
train,8610,0,2
train,8611,0,3
train,8612,0,0
train,8613,0,1
train,8614,0,2
train,8615,0,1
train,8616,0,1
train,8617,0,1
train,8618,0,2
train,8619,0,7
train,8620,0,0
train,8621,0,1
train,8622,0,4
train,8623,0,1
train,8624,0,0
train,8625,0,1
train,8626,0,1
train,8627,0,7
train,8628,0,1
train,8629,0,1
train,8630,0,1
train,8631,0,2
train,8632,0,1
train,8633,0,7
train,8634,0,0
train,8635,0,2
train,8636,0,2
train,8637,0,3
train,8638,0,2
train,8639,0,1
train,8640,0,0
train,8641,0,2
train,8642,0,4
train,8643,0,2
train,8644,0,7
train,8645,0,4
train,8646,0,1
train,8647,0,1
train,8648,0,2
train,8649,0,2
train,8650,0,4
train,8651,0,1
train,8652,0,3
train,8653,0,1
train,8654,0,2
train,8655,0,2
train,8656,0,1
train,8657,0,1
train,8658,0,6
train,8659,0,1
train,8660,0,1
train,8661,0,4
train,8662,0,0
train,8663,0,4
train,8664,0,2
train,8665,0,1
train,8666,0,2
train,8667,0,0
train,8668,0,3
train,8669,0,3
train,8670,0,0
train,8671,0,6
train,8672,0,1
train,8673,0,1
train,8674,0,1
train,8675,0,1
train,8676,0,1
train,8677,0,0
train,8678,0,3
train,8679,0,1
train,8680,0,4
train,8681,0,1
train,8682,0,0
train,8683,0,7
train,8684,0,1
train,8685,0,2
train,8686,0,1
train,8687,0,1
train,8688,0,0
train,8689,0,1
train,8690,0,7
train,8691,0,0
train,8692,0,3
train,8693,0,1
train,8694,0,2
train,8695,0,0
train,8696,0,2
train,8697,0,1
train,8698,0,1
train,8699,0,1
train,8700,0,1
train,8701,0,1
train,8702,0,2
train,8703,0,3
train,8704,0,2
train,8705,0,1
train,8706,0,2
train,8707,0,1
train,8708,0,1
train,8709,0,1
train,8710,0,3
train,8711,0,0
train,8712,0,1
train,8713,0,1
train,8714,0,3
train,8715,0,0
train,8716,0,1
train,8717,0,3
train,8718,0,3
train,8719,0,1
train,8720,0,3
train,8721,0,0
train,8722,0,1
train,8723,0,1
train,8724,0,2
train,8725,0,1
train,8726,0,3
train,8727,0,1
train,8728,0,1
train,8729,0,2
train,8730,0,1
train,8731,0,1
train,8732,0,1
train,8733,0,3
train,8734,0,2
train,8735,0,1
train,8736,0,2
train,8737,0,1
train,8738,0,1
train,8739,0,2
train,8740,0,5
train,8741,0,3
train,8742,0,7
train,8743,0,3
train,8744,0,1
train,8745,0,2
train,8746,0,3
train,8747,0,2
train,8748,0,1
train,8749,0,0
train,8750,0,2
train,8751,0,3
train,8752,0,4
train,8753,0,0
train,8754,0,1
train,8755,0,1
train,8756,0,1
train,8757,0,1
train,8758,0,0
train,8759,0,0
train,8760,0,1
train,8761,0,4
train,8762,0,3
train,8763,0,1
train,8764,0,2
train,8765,0,2
train,8766,0,0
train,8767,0,1
train,8768,0,2
train,8769,0,1
train,8770,0,1
train,8771,0,2
train,8772,0,3
train,8773,0,0
train,8774,0,1
train,8775,0,1
train,8776,0,4
train,8777,0,4
train,8778,0,0
train,8779,0,1
train,8780,0,0
train,8781,0,2
train,8782,0,2
train,8783,0,1
train,8784,0,1
train,8785,0,7
train,8786,0,0
train,8787,0,3
train,8788,0,1
train,8789,0,2
train,8790,0,1
train,8791,0,1
train,8792,0,0
train,8793,0,0
train,8794,0,4
train,8795,0,7
train,8796,0,3
train,8797,0,4
train,8798,0,2
train,8799,0,0
train,8800,0,1
train,8801,0,1
train,8802,0,1
train,8803,0,0
train,8804,0,3
train,8805,0,1
train,8806,0,2
train,8807,0,2
train,8808,0,1
train,8809,0,2
train,8810,0,0
train,8811,0,1
train,8812,0,1
train,8813,0,0
train,8814,0,1
train,8815,0,2
train,8816,0,1
train,8817,0,1
train,8818,0,1
train,8819,0,7
train,8820,0,2
train,8821,0,0
train,8822,0,0
train,8823,0,4
train,8824,0,0
train,8825,0,6
train,8826,0,1
train,8827,0,0
train,8828,0,3
train,8829,0,3
train,8830,0,2
train,8831,0,2
train,8832,0,1
train,8833,0,1
train,8834,0,2
train,8835,0,0
train,8836,0,1
train,8837,0,1
train,8838,0,2
train,8839,0,0
train,8840,0,1
train,8841,0,1
train,8842,0,2
train,8843,0,1
train,8844,0,2
train,8845,0,0
train,8846,0,2
train,8847,0,7
train,8848,0,1
train,8849,0,4
train,8850,0,0
train,8851,0,4
train,8852,0,1
train,8853,0,1
train,8854,0,0
train,8855,0,2
train,8856,0,7
train,8857,0,1
train,8858,0,2
train,8859,0,0
train,8860,0,0
train,8861,0,1
train,8862,0,1
train,8863,0,1
train,8864,0,1
train,8865,0,2
train,8866,0,0
train,8867,0,1
train,8868,0,1
train,8869,0,1
train,8870,0,4
train,8871,0,1
train,8872,0,0
train,8873,0,0
train,8874,0,1
train,8875,0,1
train,8876,0,2
train,8877,0,1
train,8878,0,2
train,8879,0,2
train,8880,0,4
train,8881,0,1
train,8882,0,2
train,8883,0,1
train,8884,0,4
train,8885,0,1
train,8886,0,2
train,8887,0,1
train,8888,0,4
train,8889,0,1
train,8890,0,0
train,8891,0,4
train,8892,0,0
train,8893,0,4
train,8894,0,1
train,8895,0,4
train,8896,0,1
train,8897,0,2
train,8898,0,1
train,8899,0,2
train,8900,0,0
train,8901,0,1
train,8902,0,1
train,8903,0,2
train,8904,0,1
train,8905,0,2
train,8906,0,2
train,8907,0,1
train,8908,0,3
train,8909,0,0
train,8910,0,7
train,8911,0,0
train,8912,0,1
train,8913,0,1
train,8914,0,4
train,8915,0,2
train,8916,0,4
train,8917,0,1
train,8918,0,0
train,8919,0,2
train,8920,0,7
train,8921,0,4
train,8922,0,1
train,8923,0,2
train,8924,0,5
train,8925,0,7
train,8926,0,2
train,8927,0,0
train,8928,0,4
train,8929,0,3
train,8930,0,2
train,8931,0,4
train,8932,0,1
train,8933,0,2
train,8934,0,0
train,8935,0,1
train,8936,0,0
train,8937,0,0
train,8938,0,0
train,8939,0,0
train,8940,0,4
train,8941,0,0
train,8942,0,4
train,8943,0,1
train,8944,0,4
train,8945,0,3
train,8946,0,0
train,8947,0,2
train,8948,0,2
train,8949,0,1
train,8950,0,1
train,8951,0,7
train,8952,0,4
train,8953,0,0
train,8954,0,0
train,8955,0,1
train,8956,0,1
train,8957,0,1
train,8958,0,0
train,8959,0,1
train,8960,0,0
train,8961,0,0
train,8962,0,2
train,8963,0,4
train,8964,0,0
train,8965,0,4
train,8966,0,4
train,8967,0,2
train,8968,0,2
train,8969,0,1
train,8970,0,1
train,8971,0,7
train,8972,0,1
train,8973,0,1
train,8974,0,2
train,8975,0,3
train,8976,0,0
train,8977,0,2
train,8978,0,2
train,8979,0,4
train,8980,0,0
train,8981,0,0
train,8982,0,1
train,8983,0,0
train,8984,0,2
train,8985,0,4
train,8986,0,3
train,8987,0,1
train,8988,0,0
train,8989,0,3
train,8990,0,1
train,8991,0,3
train,8992,0,1
train,8993,0,3
train,8994,0,1
train,8995,0,0
train,8996,0,0
train,8997,0,4
train,8998,0,1
train,8999,0,1
train,9000,0,2
train,9001,0,0
train,9002,0,2
train,9003,0,2
train,9004,0,2
train,9005,0,1
train,9006,0,0
train,9007,0,1
train,9008,0,2
train,9009,0,5
train,9010,0,0
train,9011,0,3
train,9012,0,1
train,9013,0,1
train,9014,0,2
train,9015,0,2
train,9016,0,3
train,9017,0,1
train,9018,0,3
train,9019,0,2
train,9020,0,1
train,9021,0,2
train,9022,0,1
train,9023,0,3
train,9024,0,2
train,9025,0,1
train,9026,0,4
train,9027,0,1
train,9028,0,2
train,9029,0,1
train,9030,0,7
train,9031,0,1
train,9032,0,4
train,9033,0,1
train,9034,0,7
train,9035,0,2
train,9036,0,2
train,9037,0,1
train,9038,0,1
train,9039,0,4
train,9040,0,2
train,9041,0,2
train,9042,0,1
train,9043,0,1
train,9044,0,0
train,9045,0,2
train,9046,0,3
train,9047,0,2
train,9048,0,1
train,9049,0,2
train,9050,0,3
train,9051,0,1
train,9052,0,1
train,9053,0,2
train,9054,0,2
train,9055,0,4
train,9056,0,0
train,9057,0,0
train,9058,0,3
train,9059,0,1
train,9060,0,5
train,9061,0,1
train,9062,0,1
train,9063,0,0
train,9064,0,2
train,9065,0,2
train,9066,0,1
train,9067,0,2
train,9068,0,3
train,9069,0,2
train,9070,0,0
train,9071,0,1
train,9072,0,2
train,9073,0,3
train,9074,0,1
train,9075,0,7
train,9076,0,0
train,9077,0,1
train,9078,0,0
train,9079,0,0
train,9080,0,0
train,9081,0,1
train,9082,0,2
train,9083,0,1
train,9084,0,4
train,9085,0,2
train,9086,0,2
train,9087,0,3
train,9088,0,1
train,9089,0,1
train,9090,0,4
train,9091,0,4
train,9092,0,0
train,9093,0,0
train,9094,0,1
train,9095,0,2
train,9096,0,0
train,9097,0,0
train,9098,0,2
train,9099,0,1
train,9100,0,2
train,9101,0,1
train,9102,0,2
train,9103,0,0
train,9104,0,0
train,9105,0,4
train,9106,0,3
train,9107,0,2
train,9108,0,4
train,9109,0,4
train,9110,0,2
train,9111,0,1
train,9112,0,3
train,9113,0,0
train,9114,0,0
train,9115,0,2
train,9116,0,3
train,9117,0,0
train,9118,0,1
train,9119,0,2
train,9120,0,1
train,9121,0,0
train,9122,0,2
train,9123,0,2
train,9124,0,0
train,9125,0,1
train,9126,0,1
train,9127,0,1
train,9128,0,1
train,9129,0,1
train,9130,0,3
train,9131,0,4
train,9132,0,0
train,9133,0,1
train,9134,0,0
train,9135,0,2
train,9136,0,0
train,9137,0,2
train,9138,0,1
train,9139,0,1
train,9140,0,4
train,9141,0,4
train,9142,0,0
train,9143,0,2
train,9144,0,0
train,9145,0,0
train,9146,0,1
train,9147,0,0
train,9148,0,3
train,9149,0,3
train,9150,0,1
train,9151,0,1
train,9152,0,4
train,9153,0,0
train,9154,0,2
train,9155,0,6
train,9156,0,0
train,9157,0,1
train,9158,0,0
train,9159,0,2
train,9160,0,2
train,9161,0,0
train,9162,0,0
train,9163,0,2
train,9164,0,4
train,9165,0,1
train,9166,0,2
train,9167,0,1
train,9168,0,1
train,9169,0,0
train,9170,0,2
train,9171,0,1
train,9172,0,0
train,9173,0,1
train,9174,0,1
train,9175,0,1
train,9176,0,1
train,9177,0,0
train,9178,0,1
train,9179,0,2
train,9180,0,0
train,9181,0,0
train,9182,0,1
train,9183,0,1
train,9184,0,2
train,9185,0,0
train,9186,0,1
train,9187,0,2
train,9188,0,1
train,9189,0,7
train,9190,0,0
train,9191,0,0
train,9192,0,0
train,9193,0,1
train,9194,0,4
train,9195,0,1
train,9196,0,0
train,9197,0,2
train,9198,0,0
train,9199,0,0
train,9200,0,0
train,9201,0,2
train,9202,0,4
train,9203,0,3
train,9204,0,1
train,9205,0,2
train,9206,0,1
train,9207,0,0
train,9208,0,1
train,9209,0,0
train,9210,0,1
train,9211,0,2
train,9212,0,4
train,9213,0,0
train,9214,0,1
train,9215,0,0
train,9216,0,2
train,9217,0,4
train,9218,0,4
train,9219,0,2
train,9220,0,1
train,9221,0,6
train,9222,0,0
train,9223,0,6
train,9224,0,1
train,9225,0,2
train,9226,0,0
train,9227,0,1
train,9228,0,2
train,9229,0,2
train,9230,0,1
train,9231,0,7
train,9232,0,0
train,9233,0,2
train,9234,0,0
train,9235,0,0
train,9236,0,3
train,9237,0,0
train,9238,0,3
train,9239,0,2
train,9240,0,0
train,9241,0,0
train,9242,0,0
train,9243,0,1
train,9244,0,1
train,9245,0,0
train,9246,0,1
train,9247,0,2
train,9248,0,0
train,9249,0,0
train,9250,0,2
train,9251,0,0
train,9252,0,1
train,9253,0,0
train,9254,0,1
train,9255,0,2
train,9256,0,0
train,9257,0,0
train,9258,0,4
train,9259,0,4
train,9260,0,4
train,9261,0,0
train,9262,0,2
train,9263,0,1
train,9264,0,0
train,9265,0,0
train,9266,0,4
train,9267,0,1
train,9268,0,2
train,9269,0,0
train,9270,0,4
train,9271,0,7
train,9272,0,2
train,9273,0,1
train,9274,0,1
train,9275,0,0
train,9276,0,4
train,9277,0,1
train,9278,0,1
train,9279,0,2
train,9280,0,0
train,9281,0,2
train,9282,0,0
train,9283,0,2
train,9284,0,1
train,9285,0,1
train,9286,0,2
train,9287,0,0
train,9288,0,1
train,9289,0,0
train,9290,0,0
train,9291,0,2
train,9292,0,0
train,9293,0,0
train,9294,0,2
train,9295,0,0
train,9296,0,1
train,9297,0,1
train,9298,0,1
train,9299,0,1
train,9300,0,1
train,9301,0,2
train,9302,0,2
train,9303,0,3
train,9304,0,4
train,9305,0,0
train,9306,0,1
train,9307,0,1
train,9308,0,4
train,9309,0,1
train,9310,0,0
train,9311,0,7
train,9312,0,0
train,9313,0,1
train,9314,0,1
train,9315,0,3
train,9316,0,3
train,9317,0,2
train,9318,0,4
train,9319,0,0
train,9320,0,1
train,9321,0,0
train,9322,0,1
train,9323,0,1
train,9324,0,1
train,9325,0,4
train,9326,0,0
train,9327,0,1
train,9328,0,1
train,9329,0,4
train,9330,0,3
train,9331,0,7
train,9332,0,0
train,9333,0,0
train,9334,0,2
train,9335,0,0
train,9336,0,1
train,9337,0,2
train,9338,0,1
train,9339,0,4
train,9340,0,0
train,9341,0,1
train,9342,0,0
train,9343,0,2
train,9344,0,1
train,9345,0,0
train,9346,0,2
train,9347,0,2
train,9348,0,1
train,9349,0,1
train,9350,0,0
train,9351,0,1
train,9352,0,7
train,9353,0,5
train,9354,0,4
train,9355,0,2
train,9356,0,2
train,9357,0,1
train,9358,0,1
train,9359,0,2
train,9360,0,1
train,9361,0,2
train,9362,0,2
train,9363,0,4
train,9364,0,1
train,9365,0,2
train,9366,0,1
train,9367,0,1
train,9368,0,2
train,9369,0,1
train,9370,0,5
train,9371,0,0
train,9372,0,4
train,9373,0,1
train,9374,0,0
train,9375,0,4
train,9376,0,2
train,9377,0,7
train,9378,0,2
train,9379,0,3
train,9380,0,4
train,9381,0,0
train,9382,0,1
train,9383,0,0
train,9384,0,1
train,9385,0,2
train,9386,0,1
train,9387,0,0
train,9388,0,3
train,9389,0,1
train,9390,0,2
train,9391,0,1
train,9392,0,0
train,9393,0,1
train,9394,0,3
train,9395,0,7
train,9396,0,1
train,9397,0,1
train,9398,0,2
train,9399,0,1
train,9400,0,1
train,9401,0,1
train,9402,0,4
train,9403,0,0
train,9404,0,2
train,9405,0,7
train,9406,0,2
train,9407,0,1
train,9408,0,1
train,9409,0,1
train,9410,0,2
train,9411,0,2
train,9412,0,1
train,9413,0,2
train,9414,0,2
train,9415,0,2
train,9416,0,2
train,9417,0,2
train,9418,0,0
train,9419,0,1
train,9420,0,1
train,9421,0,7
train,9422,0,6
train,9423,0,0
train,9424,0,1
train,9425,0,1
train,9426,0,3
train,9427,0,2
train,9428,0,2
train,9429,0,1
train,9430,0,0
train,9431,0,0
train,9432,0,0
train,9433,0,1
train,9434,0,4
train,9435,0,2
train,9436,0,1
train,9437,0,5
train,9438,0,3
train,9439,0,4
train,9440,0,0
train,9441,0,1
train,9442,0,0
train,9443,0,2
train,9444,0,1
train,9445,0,1
train,9446,0,1
train,9447,0,2
train,9448,0,2
train,9449,0,1
train,9450,0,0
train,9451,0,1
train,9452,0,0
train,9453,0,2
train,9454,0,2
train,9455,0,1
train,9456,0,4
train,9457,0,4
train,9458,0,1
train,9459,0,2
train,9460,0,2
train,9461,0,1
train,9462,0,2
train,9463,0,0
train,9464,0,0
train,9465,0,4
train,9466,0,1
train,9467,0,2
train,9468,0,4
train,9469,0,1
train,9470,0,2
train,9471,0,4
train,9472,0,0
train,9473,0,2
train,9474,0,2
train,9475,0,1
train,9476,0,0
train,9477,0,4
train,9478,0,0
train,9479,0,1
train,9480,0,0
train,9481,0,5
train,9482,0,3
train,9483,0,1
train,9484,0,0
train,9485,0,1
train,9486,0,6
train,9487,0,1
train,9488,0,1
train,9489,0,0
train,9490,0,2
train,9491,0,4
train,9492,0,0
train,9493,0,7
train,9494,0,0
train,9495,0,0
train,9496,0,2
train,9497,0,1
train,9498,0,0
train,9499,0,2
train,9500,0,0
train,9501,0,1
train,9502,0,4
train,9503,0,0
train,9504,0,1
train,9505,0,0
train,9506,0,2
train,9507,0,1
train,9508,0,0
train,9509,0,4
train,9510,0,1
train,9511,0,4
train,9512,0,0
train,9513,0,1
train,9514,0,0
train,9515,0,7
train,9516,0,1
train,9517,0,1
train,9518,0,1
train,9519,0,0
train,9520,0,2
train,9521,0,0
train,9522,0,1
train,9523,0,1
train,9524,0,2
train,9525,0,1
train,9526,0,1
train,9527,0,2
train,9528,0,1
train,9529,0,1
train,9530,0,4
train,9531,0,2
train,9532,0,0
train,9533,0,7
train,9534,0,1
train,9535,0,0
train,9536,0,2
train,9537,0,3
train,9538,0,1
train,9539,0,1
train,9540,0,2
train,9541,0,2
train,9542,0,1
train,9543,0,1
train,9544,0,3
train,9545,0,7
train,9546,0,1
train,9547,0,1
train,9548,0,1
train,9549,0,0
train,9550,0,2
train,9551,0,4
train,9552,0,2
train,9553,0,2
train,9554,0,4
train,9555,0,2
train,9556,0,1
train,9557,0,2
train,9558,0,1
train,9559,0,3
train,9560,0,1
train,9561,0,1
train,9562,0,4
train,9563,0,3
train,9564,0,0
train,9565,0,1
train,9566,0,0
train,9567,0,7
train,9568,0,1
train,9569,0,0
train,9570,0,1
train,9571,0,2
train,9572,0,2
train,9573,0,4
train,9574,0,7
train,9575,0,4
train,9576,0,4
train,9577,0,2
train,9578,0,0
train,9579,0,1
train,9580,0,1
train,9581,0,0
train,9582,0,1
train,9583,0,0
train,9584,0,0
train,9585,0,4
train,9586,0,0
train,9587,0,0
train,9588,0,4
train,9589,0,2
train,9590,0,0
train,9591,0,1
train,9592,0,1
train,9593,0,3
train,9594,0,1
train,9595,0,4
train,9596,0,0
train,9597,0,0
train,9598,0,1
train,9599,0,0
train,9600,0,1
train,9601,0,1
train,9602,0,0
train,9603,0,0
train,9604,0,1
train,9605,0,0
train,9606,0,6
train,9607,0,2
train,9608,0,1
train,9609,0,0
train,9610,0,2
train,9611,0,0
train,9612,0,1
train,9613,0,0
train,9614,0,0
train,9615,0,2
train,9616,0,1
train,9617,0,0
train,9618,0,2
train,9619,0,0
train,9620,0,0
train,9621,0,6
train,9622,0,3
train,9623,0,0
train,9624,0,4
train,9625,0,1
train,9626,0,2
train,9627,0,4
train,9628,0,1
train,9629,0,0
train,9630,0,3
train,9631,0,1
train,9632,0,2
train,9633,0,7
train,9634,0,6
train,9635,0,1
train,9636,0,2
train,9637,0,2
train,9638,0,0
train,9639,0,2
train,9640,0,1
train,9641,0,1
train,9642,0,4
train,9643,0,2
train,9644,0,0
train,9645,0,2
train,9646,0,2
train,9647,0,1
train,9648,0,0
train,9649,0,1
train,9650,0,4
train,9651,0,1
train,9652,0,4
train,9653,0,1
train,9654,0,0
train,9655,0,2
train,9656,0,0
train,9657,0,0
train,9658,0,2
train,9659,0,0
train,9660,0,1
train,9661,0,3
train,9662,0,2
train,9663,0,1
train,9664,0,4
train,9665,0,0
train,9666,0,7
train,9667,0,2
train,9668,0,1
train,9669,0,0
train,9670,0,1
train,9671,0,0
train,9672,0,1
train,9673,0,2
train,9674,0,1
train,9675,0,1
train,9676,0,1
train,9677,0,2
train,9678,0,2
train,9679,0,2
train,9680,0,4
train,9681,0,4
train,9682,0,1
train,9683,0,2
train,9684,0,2
train,9685,0,3
train,9686,0,1
train,9687,0,7
train,9688,0,1
train,9689,0,1
train,9690,0,0
train,9691,0,4
train,9692,0,7
train,9693,0,2
train,9694,0,0
train,9695,0,0
train,9696,0,2
train,9697,0,7
train,9698,0,1
train,9699,0,1
train,9700,0,4
train,9701,0,1
train,9702,0,2
train,9703,0,1
train,9704,0,0
train,9705,0,1
train,9706,0,1
train,9707,0,0
train,9708,0,4
train,9709,0,3
train,9710,0,0
train,9711,0,1
train,9712,0,0
train,9713,0,2
train,9714,0,0
train,9715,0,1
train,9716,0,2
train,9717,0,4
train,9718,0,2
train,9719,0,6
train,9720,0,1
train,9721,0,3
train,9722,0,1
train,9723,0,3
train,9724,0,0
train,9725,0,1
train,9726,0,1
train,9727,0,1
train,9728,0,1
train,9729,0,2
train,9730,0,1
train,9731,0,1
train,9732,0,2
train,9733,0,2
train,9734,0,0
train,9735,0,1
train,9736,0,3
train,9737,0,3
train,9738,0,2
train,9739,0,2
train,9740,0,1
train,9741,0,0
train,9742,0,1
train,9743,0,0
train,9744,0,0
train,9745,0,2
train,9746,0,1
train,9747,0,2
train,9748,0,2
train,9749,0,7
train,9750,0,1
train,9751,0,2
train,9752,0,2
train,9753,0,2
train,9754,0,1
train,9755,0,1
train,9756,0,0
train,9757,0,0
train,9758,0,0
train,9759,0,1
train,9760,0,2
train,9761,0,3
train,9762,0,2
train,9763,0,2
train,9764,0,1
train,9765,0,0
train,9766,0,1
train,9767,0,0
train,9768,0,5
train,9769,0,2
train,9770,0,2
train,9771,0,2
train,9772,0,1
train,9773,0,0
train,9774,0,2
train,9775,0,2
train,9776,0,1
train,9777,0,0
train,9778,0,0
train,9779,0,2
train,9780,0,0
train,9781,0,2
train,9782,0,7
train,9783,0,1
train,9784,0,1
train,9785,0,1
train,9786,0,2
train,9787,0,1
train,9788,0,1
train,9789,0,1
train,9790,0,1
train,9791,0,1
train,9792,0,1
train,9793,0,1
train,9794,0,2
train,9795,0,0
train,9796,0,1
train,9797,0,1
train,9798,0,2
train,9799,0,0
train,9800,0,0
train,9801,0,1
train,9802,0,1
train,9803,0,2
train,9804,0,1
train,9805,0,1
train,9806,0,0
train,9807,0,1
train,9808,0,0
train,9809,0,3
train,9810,0,5
train,9811,0,0
train,9812,0,0
train,9813,0,1
train,9814,0,2
train,9815,0,1
train,9816,0,1
train,9817,0,1
train,9818,0,2
train,9819,0,1
train,9820,0,1
train,9821,0,0
train,9822,0,0
train,9823,0,0
train,9824,0,1
train,9825,0,1
train,9826,0,4
train,9827,0,1
train,9828,0,2
train,9829,0,1
train,9830,0,0
train,9831,0,1
train,9832,0,2
train,9833,0,3
train,9834,0,0
train,9835,0,0
train,9836,0,6
train,9837,0,1
train,9838,0,3
train,9839,0,2
train,9840,0,0
train,9841,0,3
train,9842,0,1
train,9843,0,7
train,9844,0,4
train,9845,0,2
train,9846,0,0
train,9847,0,7
train,9848,0,1
train,9849,0,2
train,9850,0,1
train,9851,0,0
train,9852,0,0
train,9853,0,0
train,9854,0,1
train,9855,0,2
train,9856,0,0
train,9857,0,1
train,9858,0,2
train,9859,0,1
train,9860,0,3
train,9861,0,2
train,9862,0,0
train,9863,0,0
train,9864,0,1
train,9865,0,3
train,9866,0,1
train,9867,0,0
train,9868,0,3
train,9869,0,2
train,9870,0,2
train,9871,0,2
train,9872,0,0
train,9873,0,3
train,9874,0,4
train,9875,0,1
train,9876,0,1
train,9877,0,2
train,9878,0,1
train,9879,0,2
train,9880,0,1
train,9881,0,1
train,9882,0,2
train,9883,0,0
train,9884,0,2
train,9885,0,1
train,9886,0,3
train,9887,0,0
train,9888,0,4
train,9889,0,2
train,9890,0,1
train,9891,0,4
train,9892,0,2
train,9893,0,0
train,9894,0,4
train,9895,0,0
train,9896,0,2
train,9897,0,0
train,9898,0,1
train,9899,0,1
train,9900,0,2
train,9901,0,1
train,9902,0,1
train,9903,0,1
train,9904,0,1
train,9905,0,2
train,9906,0,0
train,9907,0,1
train,9908,0,1
train,9909,0,0
train,9910,0,3
train,9911,0,1
train,9912,0,1
train,9913,0,7
train,9914,0,4
train,9915,0,0
train,9916,0,2
train,9917,0,2
train,9918,0,2
train,9919,0,1
train,9920,0,2
train,9921,0,4
train,9922,0,0
train,9923,0,2
train,9924,0,0
train,9925,0,0
train,9926,0,1
train,9927,0,0
train,9928,0,1
train,9929,0,1
train,9930,1,1
train,9931,1,0
train,9932,1,1
train,9933,1,1
train,9934,1,1
train,9935,1,1
train,9936,1,1
train,9937,1,1
train,9938,1,1
train,9939,1,1
train,9940,1,1
train,9941,1,1
train,9942,1,1
train,9943,1,1
train,9944,1,1
train,9945,1,1
train,9946,1,1
train,9947,1,1
train,9948,1,1
train,9949,1,4
train,9950,1,1
train,9951,1,1
train,9952,1,1
train,9953,1,4
train,9954,1,1
train,9955,1,1
train,9956,1,6
train,9957,1,1
train,9958,1,1
train,9959,1,1
train,9960,1,1
train,9961,1,1
train,9962,1,1
train,9963,1,1
train,9964,1,1
train,9965,1,1
train,9966,1,1
train,9967,1,1
train,9968,1,1
train,9969,1,1
train,9970,1,1
train,9971,1,1
train,9972,1,1
train,9973,1,1
train,9974,1,1
train,9975,1,1
train,9976,1,1
train,9977,1,1
train,9978,1,1
train,9979,1,1
train,9980,1,1
train,9981,1,1
train,9982,1,1
train,9983,1,1
train,9984,1,1
train,9985,1,1
train,9986,1,1
train,9987,1,1
train,9988,1,1
train,9989,1,1
train,9990,1,1
train,9991,1,1
train,9992,1,1
train,9993,1,1
train,9994,1,1
train,9995,1,1
train,9996,1,6
train,9997,1,1
train,9998,1,1
train,9999,1,1
train,10000,1,1
train,10001,1,4
train,10002,1,1
train,10003,1,1
train,10004,1,1
train,10005,1,1
train,10006,1,1
train,10007,1,1
train,10008,1,1
train,10009,1,1
train,10010,1,1
train,10011,1,1
train,10012,1,1
train,10013,1,1
train,10014,1,1
train,10015,1,1
train,10016,1,4
train,10017,1,1
train,10018,1,1
train,10019,1,4
train,10020,1,1
train,10021,1,1
train,10022,1,1
train,10023,1,1
train,10024,1,1
train,10025,1,1
train,10026,1,1
train,10027,1,1
train,10028,1,1
train,10029,1,1
train,10030,1,1
train,10031,1,1
train,10032,1,1
train,10033,1,1
train,10034,1,1
train,10035,1,1
train,10036,1,1
train,10037,1,1
train,10038,1,1
train,10039,1,1
train,10040,1,1
train,10041,1,1
train,10042,1,1
train,10043,1,1
train,10044,1,1
train,10045,1,1
train,10046,1,1
train,10047,1,1
train,10048,1,1
train,10049,1,1
train,10050,1,4
train,10051,1,1
train,10052,1,1
train,10053,1,1
train,10054,1,1
train,10055,1,1
train,10056,1,1
train,10057,1,1
train,10058,1,1
train,10059,1,1
train,10060,1,1
train,10061,1,1
train,10062,1,1
train,10063,1,0
train,10064,1,1
train,10065,1,1
train,10066,1,0
train,10067,1,1
train,10068,1,1
train,10069,1,1
train,10070,1,1
train,10071,1,1
train,10072,1,1
train,10073,1,4
train,10074,1,5
train,10075,1,1
train,10076,1,1
train,10077,1,1
train,10078,1,1
train,10079,1,1
train,10080,1,1
train,10081,1,1
train,10082,1,1
train,10083,1,1
train,10084,1,1
train,10085,1,1
train,10086,1,1
train,10087,1,1
train,10088,1,0
train,10089,1,1
train,10090,1,1
train,10091,1,1
train,10092,1,1
train,10093,1,1
train,10094,1,1
train,10095,1,1
train,10096,1,0
train,10097,1,1
train,10098,1,1
train,10099,1,1
train,10100,1,1
train,10101,1,1
train,10102,1,1
train,10103,1,1
train,10104,1,1
train,10105,1,1
train,10106,1,1
train,10107,1,1
train,10108,1,1
train,10109,1,4
train,10110,1,1
train,10111,1,1
train,10112,1,1
train,10113,1,1
train,10114,1,1
train,10115,1,1
train,10116,1,1
train,10117,1,1
train,10118,1,1
train,10119,1,1
train,10120,1,1
train,10121,1,1
train,10122,1,1
train,10123,1,1
train,10124,1,1
train,10125,1,1
train,10126,1,1
train,10127,1,1
train,10128,1,1
train,10129,1,1
train,10130,1,1
train,10131,1,1
train,10132,1,1
train,10133,1,1
train,10134,1,1
train,10135,1,1
train,10136,1,1
train,10137,1,1
train,10138,1,1
train,10139,1,1
train,10140,1,1
train,10141,1,1
train,10142,1,1
train,10143,1,1
train,10144,1,1
train,10145,1,1
train,10146,1,1
train,10147,1,1
train,10148,1,1
train,10149,1,1
train,10150,1,1
train,10151,1,1
train,10152,1,1
train,10153,1,1
train,10154,1,1
train,10155,1,1
train,10156,1,1
train,10157,1,4
train,10158,1,1
train,10159,1,6
train,10160,1,1
train,10161,1,1
train,10162,1,1
train,10163,1,1
train,10164,1,1
train,10165,1,1
train,10166,1,1
train,10167,1,1
train,10168,1,1
train,10169,1,1
train,10170,1,1
train,10171,1,1
train,10172,1,1
train,10173,1,1
train,10174,1,1
train,10175,1,1
train,10176,1,1
train,10177,1,1
train,10178,1,1
train,10179,1,1
train,10180,1,1
train,10181,1,1
train,10182,1,1
train,10183,1,1
train,10184,1,1
train,10185,1,1
train,10186,1,1
train,10187,1,1
train,10188,1,1
train,10189,1,1
train,10190,1,1
train,10191,1,1
train,10192,1,1
train,10193,1,1
train,10194,1,1
train,10195,1,1
train,10196,1,1
train,10197,1,1
train,10198,1,1
train,10199,1,1
train,10200,1,1
train,10201,1,1
train,10202,1,1
train,10203,1,1
train,10204,1,1
train,10205,1,1
train,10206,1,1
train,10207,1,1
train,10208,1,1
train,10209,1,1
train,10210,1,1
train,10211,1,1
train,10212,1,1
train,10213,1,1
train,10214,1,1
train,10215,1,1
train,10216,1,1
train,10217,1,1
train,10218,1,1
train,10219,1,4
train,10220,1,1
train,10221,1,1
train,10222,1,0
train,10223,1,1
train,10224,1,1
train,10225,1,1
train,10226,1,1
train,10227,1,1
train,10228,1,1
train,10229,1,1
train,10230,1,1
train,10231,1,1
train,10232,1,1
train,10233,1,1
train,10234,1,1
train,10235,1,1
train,10236,1,1
train,10237,1,1
train,10238,1,1
train,10239,1,1
train,10240,1,1
train,10241,1,1
train,10242,1,1
train,10243,1,1
train,10244,1,1
train,10245,1,1
train,10246,1,1
train,10247,1,1
train,10248,1,1
train,10249,1,1
train,10250,1,1
train,10251,1,1
train,10252,1,1
train,10253,1,1
train,10254,1,1
train,10255,1,1
train,10256,1,1
train,10257,1,1
train,10258,1,1
train,10259,1,1
train,10260,1,1
train,10261,1,4
train,10262,1,4
train,10263,1,1
train,10264,1,6
train,10265,1,1
train,10266,1,1
train,10267,1,1
train,10268,1,1
train,10269,1,1
train,10270,1,1
train,10271,1,1
train,10272,1,1
train,10273,1,1
train,10274,1,1
train,10275,1,1
train,10276,1,1
train,10277,1,6
train,10278,1,5
train,10279,1,1
train,10280,1,1
train,10281,1,1
train,10282,1,1
train,10283,1,1
train,10284,1,1
train,10285,1,1
train,10286,1,1
train,10287,1,6
train,10288,1,1
train,10289,1,1
train,10290,1,1
train,10291,1,1
train,10292,1,1
train,10293,1,1
train,10294,1,1
train,10295,1,1
train,10296,1,1
train,10297,1,1
train,10298,1,1
train,10299,1,1
train,10300,1,1
train,10301,1,1
train,10302,1,1
train,10303,1,1
train,10304,1,1
train,10305,1,1
train,10306,1,1
train,10307,1,1
train,10308,1,1
train,10309,1,1
train,10310,1,1
train,10311,1,1
train,10312,1,1
train,10313,1,1
train,10314,1,1
train,10315,1,1
train,10316,1,1
train,10317,1,1
train,10318,1,1
train,10319,1,1
train,10320,1,4
train,10321,1,4
train,10322,1,6
train,10323,1,1
train,10324,1,1
train,10325,1,1
train,10326,1,1
train,10327,1,1
train,10328,1,1
train,10329,1,1
train,10330,1,1
train,10331,1,1
train,10332,1,5
train,10333,1,1
train,10334,1,1
train,10335,1,1
train,10336,1,1
train,10337,1,1
train,10338,1,1
train,10339,1,1
train,10340,1,6
train,10341,1,1
train,10342,1,1
train,10343,1,1
train,10344,1,1
train,10345,1,1
train,10346,1,1
train,10347,1,1
train,10348,1,1
train,10349,1,1
train,10350,1,1
train,10351,1,1
train,10352,1,1
train,10353,1,1
train,10354,1,1
train,10355,1,1
train,10356,1,1
train,10357,1,1
train,10358,1,1
train,10359,1,1
train,10360,1,1
train,10361,1,1
train,10362,1,1
train,10363,1,1
train,10364,1,1
train,10365,1,1
train,10366,1,1
train,10367,1,1
train,10368,1,1
train,10369,1,1
train,10370,1,1
train,10371,1,1
train,10372,1,1
train,10373,1,1
train,10374,1,4
train,10375,1,1
train,10376,1,1
train,10377,1,1
train,10378,1,1
train,10379,1,1
train,10380,1,1
train,10381,1,1
train,10382,1,1
train,10383,1,1
train,10384,1,1
train,10385,1,1
train,10386,1,1
train,10387,1,1
train,10388,1,1
train,10389,1,1
train,10390,1,1
train,10391,1,1
train,10392,1,1
train,10393,1,1
train,10394,1,1
train,10395,1,1
train,10396,1,1
train,10397,1,1
train,10398,1,1
train,10399,1,1
train,10400,1,1
train,10401,1,1
train,10402,1,1
train,10403,1,1
train,10404,1,1
train,10405,1,1
train,10406,1,1
train,10407,1,1
train,10408,1,4
train,10409,1,1
train,10410,1,4
train,10411,1,1
train,10412,1,1
train,10413,1,1
train,10414,1,1
train,10415,1,1
train,10416,1,1
train,10417,1,1
train,10418,1,0
train,10419,1,4
train,10420,1,1
train,10421,1,1
train,10422,1,1
train,10423,1,1
train,10424,1,1
train,10425,1,1
train,10426,1,1
train,10427,1,1
train,10428,1,1
train,10429,1,1
train,10430,1,1
train,10431,1,1
train,10432,1,1
train,10433,1,1
train,10434,1,1
train,10435,1,1
train,10436,1,1
train,10437,1,1
train,10438,1,1
train,10439,1,1
train,10440,1,1
train,10441,1,5
train,10442,1,1
train,10443,1,1
train,10444,1,1
train,10445,1,1
train,10446,1,1
train,10447,1,1
train,10448,1,1
train,10449,1,1
train,10450,1,1
train,10451,1,1
train,10452,1,1
train,10453,1,1
train,10454,1,1
train,10455,1,1
train,10456,1,1
train,10457,1,1
train,10458,1,1
train,10459,1,1
train,10460,1,1
train,10461,1,1
train,10462,1,1
train,10463,1,1
train,10464,1,4
train,10465,1,1
train,10466,1,1
train,10467,1,1
train,10468,1,1
train,10469,1,1
train,10470,1,1
train,10471,1,1
train,10472,1,1
train,10473,1,6
train,10474,1,1
train,10475,1,1
train,10476,1,1
train,10477,1,1
train,10478,1,1
train,10479,1,1
train,10480,1,1
train,10481,1,1
train,10482,1,1
train,10483,1,1
train,10484,1,1
train,10485,1,1
train,10486,1,1
train,10487,1,1
train,10488,1,1
train,10489,1,1
train,10490,1,1
train,10491,1,1
train,10492,1,1
train,10493,1,1
train,10494,1,1
train,10495,1,4
train,10496,1,1
train,10497,1,1
train,10498,1,1
train,10499,1,1
train,10500,1,1
train,10501,1,1
train,10502,1,1
train,10503,1,1
train,10504,1,1
train,10505,1,1
train,10506,1,1
train,10507,1,1
train,10508,1,1
train,10509,1,1
train,10510,1,1
train,10511,1,1
train,10512,1,1
train,10513,1,1
train,10514,1,1
train,10515,1,1
train,10516,1,1
train,10517,1,1
train,10518,1,1
train,10519,1,6
train,10520,1,1
train,10521,1,1
train,10522,1,1
train,10523,1,1
train,10524,1,1
train,10525,1,1
train,10526,1,1
train,10527,1,1
train,10528,1,1
train,10529,1,1
train,10530,1,1
train,10531,1,1
train,10532,1,1
train,10533,1,1
train,10534,1,1
train,10535,1,1
train,10536,1,1
train,10537,1,1
train,10538,1,1
train,10539,1,1
train,10540,1,1
train,10541,1,1
train,10542,1,1
train,10543,1,1
train,10544,1,1
train,10545,1,1
train,10546,1,1
train,10547,1,1
train,10548,1,1
train,10549,1,1
train,10550,1,1
train,10551,1,1
train,10552,1,1
train,10553,1,1
train,10554,1,1
train,10555,1,1
train,10556,1,1
train,10557,1,1
train,10558,1,1
train,10559,1,1
train,10560,1,1
train,10561,1,1
train,10562,1,1
train,10563,1,1
train,10564,1,1
train,10565,1,1
train,10566,1,1
train,10567,1,1
train,10568,1,1
train,10569,1,1
train,10570,1,1
train,10571,1,1
train,10572,1,1
train,10573,1,1
train,10574,1,1
train,10575,1,1
train,10576,1,1
train,10577,1,1
train,10578,1,1
train,10579,1,1
train,10580,1,1
train,10581,1,1
train,10582,1,1
train,10583,1,1
train,10584,1,1
train,10585,1,1
train,10586,1,1
train,10587,1,6
train,10588,1,1
train,10589,1,1
train,10590,1,4
train,10591,1,1
train,10592,1,1
train,10593,1,1
train,10594,1,1
train,10595,1,1
train,10596,1,1
train,10597,1,1
train,10598,1,1
train,10599,1,1
train,10600,1,1
train,10601,1,1
train,10602,1,1
train,10603,1,1
train,10604,1,4
train,10605,1,1
train,10606,1,1
train,10607,1,4
train,10608,1,1
train,10609,1,1
train,10610,1,1
train,10611,1,1
train,10612,1,1
train,10613,1,1
train,10614,1,1
train,10615,1,1
train,10616,1,1
train,10617,1,1
train,10618,1,1
train,10619,1,1
train,10620,1,1
train,10621,1,1
train,10622,1,1
train,10623,1,1
train,10624,1,1
train,10625,1,1
train,10626,1,1
train,10627,1,1
train,10628,1,1
train,10629,1,1
train,10630,1,1
train,10631,1,1
train,10632,1,1
train,10633,1,1
train,10634,1,1
train,10635,1,1
train,10636,1,1
train,10637,1,1
train,10638,1,1
train,10639,1,1
train,10640,1,1
train,10641,1,4
train,10642,1,1
train,10643,1,1
train,10644,1,1
train,10645,1,1
train,10646,1,1
train,10647,1,1
train,10648,1,1
train,10649,1,1
train,10650,1,1
train,10651,1,1
train,10652,1,1
train,10653,1,1
train,10654,1,1
train,10655,1,1
train,10656,1,1
train,10657,1,1
train,10658,1,1
train,10659,1,1
train,10660,1,1
train,10661,1,1
train,10662,1,4
train,10663,1,1
train,10664,1,1
train,10665,1,5
train,10666,1,1
train,10667,1,1
train,10668,1,1
train,10669,1,1
train,10670,1,1
train,10671,1,1
train,10672,1,1
train,10673,1,1
train,10674,1,1
train,10675,1,1
train,10676,1,1
train,10677,1,4
train,10678,1,1
train,10679,1,1
train,10680,1,1
train,10681,1,1
train,10682,1,1
train,10683,1,1
train,10684,1,1
train,10685,1,1
train,10686,1,1
train,10687,1,1
train,10688,1,1
train,10689,1,1
train,10690,1,5
train,10691,1,1
train,10692,1,1
train,10693,1,1
train,10694,1,1
train,10695,1,1
train,10696,1,1
train,10697,1,1
train,10698,1,1
train,10699,1,1
train,10700,1,1
train,10701,1,1
train,10702,1,1
train,10703,1,1
train,10704,1,1
train,10705,1,5
train,10706,1,1
train,10707,1,1
train,10708,1,1
train,10709,1,1
train,10710,1,1
train,10711,1,1
train,10712,1,4
train,10713,1,1
train,10714,1,5
train,10715,1,1
train,10716,1,6
train,10717,1,1
train,10718,1,1
train,10719,1,1
train,10720,1,1
train,10721,1,1
train,10722,1,1
train,10723,1,1
train,10724,1,1
train,10725,1,1
train,10726,1,1
train,10727,1,1
train,10728,1,1
train,10729,1,1
train,10730,1,1
train,10731,1,1
train,10732,1,4
train,10733,1,1
train,10734,1,1
train,10735,1,1
train,10736,1,1
train,10737,1,1
train,10738,1,1
train,10739,1,1
train,10740,1,1
train,10741,1,1
train,10742,1,1
train,10743,1,1
train,10744,1,1
train,10745,1,1
train,10746,1,1
train,10747,1,1
train,10748,1,1
train,10749,1,1
train,10750,1,1
train,10751,1,1
train,10752,1,1
train,10753,1,1
train,10754,1,1
train,10755,1,1
train,10756,1,1
train,10757,1,1
train,10758,1,1
train,10759,1,1
train,10760,1,1
train,10761,1,1
train,10762,1,1
train,10763,1,1
train,10764,1,6
train,10765,1,1
train,10766,1,1
train,10767,1,1
train,10768,1,1
train,10769,1,1
train,10770,1,1
train,10771,1,1
train,10772,1,1
train,10773,1,1
train,10774,1,1
train,10775,1,1
train,10776,1,1
train,10777,1,6
train,10778,1,1
train,10779,1,1
train,10780,1,1
train,10781,1,1
train,10782,1,1
train,10783,1,1
train,10784,1,1
train,10785,1,2
train,10786,1,1
train,10787,1,1
train,10788,1,1
train,10789,1,1
train,10790,1,1
train,10791,1,1
train,10792,1,1
train,10793,1,1
train,10794,1,1
train,10795,1,1
train,10796,1,1
train,10797,1,1
train,10798,1,4
train,10799,1,1
train,10800,1,1
train,10801,1,1
train,10802,1,1
train,10803,1,1
train,10804,1,1
train,10805,1,1
train,10806,1,1
train,10807,1,1
train,10808,1,1
train,10809,1,1
train,10810,1,1
train,10811,1,1
train,10812,1,1
train,10813,1,6
train,10814,1,1
train,10815,1,1
train,10816,1,1
train,10817,1,1
train,10818,1,0
train,10819,1,1
train,10820,1,1
train,10821,1,4
train,10822,1,1
train,10823,1,1
train,10824,1,1
train,10825,1,1
train,10826,1,1
train,10827,1,1
train,10828,1,1
train,10829,1,1
train,10830,1,1
train,10831,1,1
train,10832,1,1
train,10833,1,1
train,10834,1,1
train,10835,1,1
train,10836,1,1
train,10837,1,1
train,10838,1,1
train,10839,1,1
train,10840,1,1
train,10841,1,1
train,10842,1,1
train,10843,1,4
train,10844,1,1
train,10845,1,1
train,10846,1,1
train,10847,1,1
train,10848,1,1
train,10849,1,1
train,10850,1,1
train,10851,1,1
train,10852,1,1
train,10853,1,1
train,10854,1,1
train,10855,1,1
train,10856,1,1
train,10857,1,1
train,10858,1,1
train,10859,1,1
train,10860,1,1
train,10861,1,4
train,10862,1,1
train,10863,1,1
train,10864,1,1
train,10865,1,4
train,10866,1,1
train,10867,1,1
train,10868,1,1
train,10869,1,1
train,10870,1,1
train,10871,1,4
train,10872,1,1
train,10873,1,1
train,10874,1,1
train,10875,1,1
train,10876,1,1
train,10877,1,1
train,10878,1,1
train,10879,1,0
train,10880,1,1
train,10881,1,1
train,10882,1,1
train,10883,1,1
train,10884,1,1
train,10885,1,1
train,10886,1,1
train,10887,1,1
train,10888,1,1
train,10889,1,1
train,10890,1,1
train,10891,1,1
train,10892,1,1
train,10893,1,1
train,10894,1,1
train,10895,1,1
train,10896,1,1
train,10897,1,1
train,10898,1,1
train,10899,1,1
train,10900,1,1
train,10901,1,1
train,10902,1,1
train,10903,1,1
train,10904,1,1
train,10905,1,1
train,10906,1,1
train,10907,1,1
train,10908,1,1
train,10909,1,1
train,10910,1,1
train,10911,1,1
train,10912,1,6
train,10913,1,1
train,10914,1,5
train,10915,1,6
train,10916,1,6
train,10917,1,1
train,10918,1,1
train,10919,1,1
train,10920,1,1
train,10921,1,1
train,10922,1,1
train,10923,1,1
train,10924,1,1
train,10925,1,1
train,10926,1,1
train,10927,1,1
train,10928,1,1
train,10929,1,1
train,10930,1,1
train,10931,1,1
train,10932,1,1
train,10933,1,1
train,10934,1,1
train,10935,1,1
train,10936,1,4
train,10937,1,1
train,10938,1,1
train,10939,1,1
train,10940,1,1
train,10941,1,1
train,10942,1,1
train,10943,1,1
train,10944,1,6
train,10945,1,1
train,10946,1,1
train,10947,1,1
train,10948,1,1
train,10949,1,1
train,10950,1,1
train,10951,1,1
train,10952,1,4
train,10953,1,1
train,10954,1,1
train,10955,1,1
train,10956,1,1
train,10957,1,1
train,10958,1,1
train,10959,1,1
train,10960,1,1
train,10961,1,1
train,10962,1,1
train,10963,1,1
train,10964,1,1
train,10965,1,1
train,10966,1,5
train,10967,1,1
train,10968,1,1
train,10969,1,1
train,10970,1,1
train,10971,1,1
train,10972,1,1
train,10973,1,1
train,10974,1,1
train,10975,1,1
train,10976,1,1
train,10977,1,1
train,10978,1,1
train,10979,1,1
train,10980,1,1
train,10981,1,1
train,10982,1,1
train,10983,1,1
train,10984,1,1
train,10985,1,1
train,10986,1,1
train,10987,1,4
train,10988,1,1
train,10989,1,1
train,10990,1,1
train,10991,1,6
train,10992,1,1
train,10993,1,1
train,10994,1,1
train,10995,1,1
train,10996,1,1
train,10997,1,1
train,10998,1,1
train,10999,1,1
train,11000,1,1
train,11001,1,1
train,11002,1,1
train,11003,1,1
train,11004,1,0
train,11005,1,1
train,11006,1,1
train,11007,1,1
train,11008,1,1
train,11009,1,4
train,11010,1,1
train,11011,1,1
train,11012,1,1
train,11013,1,1
train,11014,1,1
train,11015,1,1
train,11016,1,1
train,11017,1,1
train,11018,1,1
train,11019,1,5
train,11020,1,1
train,11021,1,1
train,11022,1,1
train,11023,1,1
train,11024,1,1
train,11025,1,1
train,11026,1,1
train,11027,1,1
train,11028,1,1
train,11029,1,1
train,11030,1,1
train,11031,1,1
train,11032,1,1
train,11033,1,1
train,11034,1,5
train,11035,1,1
train,11036,1,1
train,11037,1,1
train,11038,1,1
train,11039,1,1
train,11040,1,1
train,11041,1,1
train,11042,1,1
train,11043,1,1
train,11044,1,1
train,11045,1,1
train,11046,1,1
train,11047,1,4
train,11048,1,1
train,11049,1,1
train,11050,1,1
train,11051,1,1
train,11052,1,1
train,11053,1,1
train,11054,1,1
train,11055,1,1
train,11056,1,1
train,11057,1,1
train,11058,1,1
train,11059,1,1
train,11060,1,1
train,11061,1,1
train,11062,1,1
train,11063,1,1
train,11064,1,1
train,11065,1,1
train,11066,1,1
train,11067,1,1
train,11068,1,1
train,11069,1,1
train,11070,1,1
train,11071,1,1
train,11072,1,1
train,11073,1,1
train,11074,1,1
train,11075,1,1
train,11076,1,1
train,11077,1,1
train,11078,1,1
train,11079,1,1
train,11080,1,1
train,11081,1,4
train,11082,1,1
train,11083,1,1
train,11084,1,1
train,11085,1,1
train,11086,1,1
train,11087,1,1
train,11088,1,1
train,11089,1,1
train,11090,1,1
train,11091,1,1
train,11092,1,1
train,11093,1,1
train,11094,1,1
train,11095,1,1
train,11096,1,1
train,11097,1,1
train,11098,1,1
train,11099,1,1
train,11100,1,1
train,11101,1,1
train,11102,1,1
train,11103,1,1
train,11104,1,1
train,11105,1,4
train,11106,1,1
train,11107,1,1
train,11108,1,1
train,11109,1,1
train,11110,1,1
train,11111,1,1
train,11112,1,1
train,11113,1,1
train,11114,1,1
train,11115,1,1
train,11116,1,1
train,11117,1,1
train,11118,1,1
train,11119,1,1
train,11120,1,1
train,11121,1,1
train,11122,1,1
train,11123,1,1
train,11124,1,1
train,11125,1,1
train,11126,1,1
train,11127,1,1
train,11128,1,1
train,11129,1,1
train,11130,1,1
train,11131,1,6
train,11132,1,1
train,11133,1,1
train,11134,1,1
train,11135,1,1
train,11136,1,1
train,11137,1,1
train,11138,1,1
train,11139,1,1
train,11140,1,1
train,11141,1,1
train,11142,1,1
train,11143,1,1
train,11144,1,1
train,11145,1,1
train,11146,1,1
train,11147,1,4
train,11148,1,1
train,11149,1,1
train,11150,1,1
train,11151,1,1
train,11152,1,4
train,11153,1,1
train,11154,1,4
train,11155,1,1
train,11156,1,1
train,11157,1,1
train,11158,1,1
train,11159,1,1
train,11160,1,4
train,11161,1,1
train,11162,1,1
train,11163,1,1
train,11164,1,1
train,11165,1,1
train,11166,1,1
train,11167,1,1
train,11168,1,1
train,11169,1,1
train,11170,1,1
train,11171,1,1
train,11172,1,1
train,11173,1,1
train,11174,1,1
train,11175,1,1
train,11176,1,1
train,11177,1,1
train,11178,1,1
train,11179,1,1
train,11180,1,1
train,11181,1,1
train,11182,1,1
train,11183,1,1
train,11184,1,1
train,11185,1,1
train,11186,1,1
train,11187,1,6
train,11188,1,1
train,11189,1,1
train,11190,1,1
train,11191,1,1
train,11192,1,1
train,11193,1,4
train,11194,1,1
train,11195,1,1
train,11196,1,1
train,11197,1,1
train,11198,1,1
train,11199,1,1
train,11200,1,1
train,11201,1,1
train,11202,1,1
train,11203,1,1
train,11204,1,1
train,11205,1,1
train,11206,1,1
train,11207,1,1
train,11208,1,1
train,11209,1,1
train,11210,1,1
train,11211,1,1
train,11212,1,1
train,11213,1,1
train,11214,1,1
train,11215,1,1
train,11216,1,4
train,11217,1,6
train,11218,1,1
train,11219,1,1
train,11220,1,1
train,11221,1,1
train,11222,1,1
train,11223,1,1
train,11224,1,1
train,11225,1,1
train,11226,1,1
train,11227,1,1
train,11228,1,1
train,11229,1,1
train,11230,1,1
train,11231,1,1
train,11232,1,1
train,11233,1,1
train,11234,1,1
train,11235,1,1
train,11236,1,1
train,11237,1,1
train,11238,1,1
train,11239,1,1
train,11240,1,1
train,11241,1,1
train,11242,1,1
train,11243,1,1
train,11244,1,1
train,11245,1,1
train,11246,1,4
train,11247,1,1
train,11248,1,1
train,11249,1,4
train,11250,1,1
train,11251,1,1
train,11252,1,1
train,11253,1,1
train,11254,1,1
train,11255,1,1
train,11256,1,1
train,11257,1,1
train,11258,1,1
train,11259,1,1
train,11260,1,1
train,11261,1,1
train,11262,1,1
train,11263,1,1
train,11264,1,1
train,11265,1,1
train,11266,1,1
train,11267,1,1
train,11268,1,1
train,11269,1,1
train,11270,1,1
train,11271,1,1
train,11272,1,1
train,11273,1,1
train,11274,1,4
train,11275,1,1
train,11276,1,1
train,11277,1,1
train,11278,1,1
train,11279,1,1
train,11280,1,1
train,11281,1,1
train,11282,1,1
train,11283,1,1
train,11284,1,1
train,11285,1,1
train,11286,1,1
train,11287,1,4
train,11288,1,1
train,11289,1,1
train,11290,1,1
train,11291,1,1
train,11292,1,1
train,11293,1,1
train,11294,1,4
train,11295,1,1
train,11296,1,1
train,11297,1,1
train,11298,1,1
train,11299,1,1
train,11300,1,1
train,11301,1,1
train,11302,1,1
train,11303,1,1
train,11304,1,1
train,11305,1,1
train,11306,1,1
train,11307,1,1
train,11308,1,1
train,11309,1,1
train,11310,1,1
train,11311,1,1
train,11312,1,1
train,11313,1,1
train,11314,1,1
train,11315,1,1
train,11316,1,1
train,11317,1,1
train,11318,1,1
train,11319,1,1
train,11320,1,1
train,11321,1,1
train,11322,1,1
train,11323,1,1
train,11324,1,1
train,11325,1,1
train,11326,1,1
train,11327,1,1
train,11328,1,4
train,11329,1,1
train,11330,1,1
train,11331,1,1
train,11332,1,1
train,11333,1,6
train,11334,1,1
train,11335,1,1
train,11336,1,1
train,11337,1,1
train,11338,1,1
train,11339,1,1
train,11340,1,1
train,11341,1,1
train,11342,1,1
train,11343,1,1
train,11344,1,1
train,11345,1,1
train,11346,1,1
train,11347,1,1
train,11348,1,1
train,11349,1,1
train,11350,1,1
train,11351,1,1
train,11352,1,1
train,11353,1,1
train,11354,1,1
train,11355,1,1
train,11356,1,1
train,11357,1,1
train,11358,1,1
train,11359,1,1
train,11360,1,1
train,11361,1,1
train,11362,1,1
train,11363,1,1
train,11364,1,1
train,11365,1,6
train,11366,1,1
train,11367,1,1
train,11368,1,1
train,11369,1,1
train,11370,1,1
train,11371,1,4
train,11372,1,1
train,11373,1,1
train,11374,1,1
train,11375,1,1
train,11376,1,1
train,11377,1,1
train,11378,1,1
train,11379,1,1
train,11380,1,1
train,11381,1,1
train,11382,1,1
train,11383,1,1
train,11384,1,1
train,11385,1,1
train,11386,1,1
train,11387,1,1
train,11388,1,1
train,11389,1,1
train,11390,1,1
train,11391,1,1
train,11392,1,1
train,11393,1,1
train,11394,1,1
train,11395,1,1
train,11396,1,1
train,11397,1,1
train,11398,1,1
train,11399,1,1
train,11400,1,1
train,11401,1,1
train,11402,1,1
train,11403,1,1
train,11404,1,1
train,11405,1,5
train,11406,1,1
train,11407,1,1
train,11408,1,1
train,11409,1,1
train,11410,1,1
train,11411,1,1
train,11412,1,1
train,11413,1,1
train,11414,1,1
train,11415,1,1
train,11416,1,1
train,11417,1,1
train,11418,1,1
train,11419,1,1
train,11420,1,1
train,11421,1,1
train,11422,1,1
train,11423,1,1
train,11424,1,1
train,11425,1,1
train,11426,1,1
train,11427,1,1
train,11428,1,1
train,11429,1,1
train,11430,1,1
train,11431,1,4
train,11432,1,1
train,11433,1,1
train,11434,1,1
train,11435,1,1
train,11436,1,1
train,11437,1,1
train,11438,1,1
train,11439,1,0
train,11440,1,1
train,11441,1,1
train,11442,1,1
train,11443,1,1
train,11444,1,6
train,11445,1,1
train,11446,1,1
train,11447,1,1
train,11448,1,1
train,11449,1,1
train,11450,1,1
train,11451,1,1
train,11452,1,1
train,11453,1,1
train,11454,1,1
train,11455,1,1
train,11456,1,5
train,11457,1,1
train,11458,1,1
train,11459,1,1
train,11460,1,1
train,11461,1,1
train,11462,1,1
train,11463,1,1
train,11464,1,1
train,11465,1,1
train,11466,1,1
train,11467,1,1
train,11468,1,1
train,11469,1,1
train,11470,1,1
train,11471,1,1
train,11472,1,1
train,11473,1,1
train,11474,1,1
train,11475,1,1
train,11476,1,1
train,11477,1,1
train,11478,1,1
train,11479,1,1
train,11480,1,1
train,11481,1,1
train,11482,1,1
train,11483,1,1
train,11484,1,1
train,11485,1,1
train,11486,1,1
train,11487,1,1
train,11488,1,1
train,11489,1,1
train,11490,1,5
train,11491,1,1
train,11492,1,1
train,11493,1,1
train,11494,1,1
train,11495,1,1
train,11496,1,1
train,11497,1,1
train,11498,1,1
train,11499,1,1
train,11500,1,1
train,11501,1,1
train,11502,1,1
train,11503,1,1
train,11504,1,1
train,11505,1,1
train,11506,1,1
train,11507,1,1
train,11508,1,1
train,11509,1,4
train,11510,1,1
train,11511,1,1
train,11512,1,1
train,11513,1,1
train,11514,1,1
train,11515,1,1
train,11516,1,1
train,11517,1,1
train,11518,1,1
train,11519,1,4
train,11520,1,4
train,11521,1,1
train,11522,1,1
train,11523,1,1
train,11524,1,1
train,11525,1,1
train,11526,1,1
train,11527,1,1
train,11528,1,1
train,11529,1,1
train,11530,1,1
train,11531,1,1
train,11532,1,1
train,11533,1,1
train,11534,1,1
train,11535,1,1
train,11536,1,1
train,11537,1,4
train,11538,1,1
train,11539,1,1
train,11540,1,6
train,11541,1,1
train,11542,1,1
train,11543,1,1
train,11544,1,1
train,11545,1,1
train,11546,1,1
train,11547,1,1
train,11548,1,1
train,11549,1,1
train,11550,1,1
train,11551,1,1
train,11552,1,1
train,11553,1,1
train,11554,1,1
train,11555,1,1
train,11556,1,1
train,11557,1,1
train,11558,1,1
train,11559,1,1
train,11560,1,1
train,11561,1,1
train,11562,1,1
train,11563,1,1
train,11564,1,1
train,11565,1,1
train,11566,1,1
train,11567,1,1
train,11568,1,1
train,11569,1,1
train,11570,1,4
train,11571,1,1
train,11572,1,1
train,11573,1,1
train,11574,1,1
train,11575,1,1
train,11576,1,1
train,11577,1,1
train,11578,1,1
train,11579,1,1
train,11580,1,1
train,11581,1,1
train,11582,1,1
train,11583,1,1
train,11584,1,1
train,11585,1,1
train,11586,1,1
train,11587,1,1
train,11588,1,1
train,11589,1,1
train,11590,1,1
train,11591,1,1
train,11592,1,1
train,11593,1,1
train,11594,1,1
train,11595,1,1
train,11596,1,1
train,11597,1,1
train,11598,1,1
train,11599,1,1
train,11600,1,1
train,11601,1,1
train,11602,1,1
train,11603,1,1
train,11604,1,1
train,11605,1,1
train,11606,1,1
train,11607,1,1
train,11608,1,1
train,11609,1,1
train,11610,1,1
train,11611,1,1
train,11612,1,1
train,11613,1,1
train,11614,1,1
train,11615,1,1
train,11616,1,1
train,11617,1,1
train,11618,1,1
train,11619,1,1
train,11620,1,1
train,11621,1,1
train,11622,1,1
train,11623,1,1
train,11624,1,1
train,11625,1,1
train,11626,1,1
train,11627,1,1
train,11628,1,1
train,11629,1,1
train,11630,1,1
train,11631,1,1
train,11632,1,0
train,11633,1,1
train,11634,1,1
train,11635,1,1
train,11636,1,1
train,11637,1,1
train,11638,1,1
train,11639,1,1
train,11640,1,1
train,11641,1,1
train,11642,1,1
train,11643,1,1
train,11644,1,1
train,11645,1,1
train,11646,1,1
train,11647,1,1
train,11648,1,1
train,11649,1,1
train,11650,1,1
train,11651,1,1
train,11652,1,1
train,11653,1,1
train,11654,1,1
train,11655,1,1
train,11656,1,1
train,11657,1,6
train,11658,1,1
train,11659,1,1
train,11660,1,1
train,11661,1,1
train,11662,1,1
train,11663,1,1
train,11664,1,1
train,11665,1,1
train,11666,1,1
train,11667,1,1
train,11668,1,1
train,11669,1,1
train,11670,1,1
train,11671,1,1
train,11672,1,1
train,11673,1,1
train,11674,1,1
train,11675,1,1
train,11676,1,1
train,11677,1,4
train,11678,1,1
train,11679,1,1
train,11680,1,1
train,11681,1,1
train,11682,1,1
train,11683,1,6
train,11684,1,0
train,11685,1,1
train,11686,1,1
train,11687,1,1
train,11688,1,1
train,11689,1,1
train,11690,1,1
train,11691,1,1
train,11692,1,1
train,11693,1,1
train,11694,1,1
train,11695,1,1
train,11696,1,1
train,11697,1,1
train,11698,1,1
train,11699,1,1
train,11700,1,1
train,11701,1,1
train,11702,1,1
train,11703,1,1
train,11704,1,4
train,11705,1,1
train,11706,1,1
train,11707,1,1
train,11708,1,1
train,11709,1,1
train,11710,1,1
train,11711,1,1
train,11712,1,1
train,11713,1,1
train,11714,1,1
train,11715,1,1
train,11716,1,6
train,11717,1,1
train,11718,1,1
train,11719,1,1
train,11720,1,1
train,11721,1,1
train,11722,1,1
train,11723,1,1
train,11724,1,1
train,11725,1,1
train,11726,1,1
train,11727,1,1
train,11728,1,1
train,11729,1,1
train,11730,1,1
train,11731,1,1
train,11732,1,1
train,11733,1,4
train,11734,1,1
train,11735,1,1
train,11736,1,1
train,11737,1,1
train,11738,1,1
train,11739,1,1
train,11740,1,1
train,11741,1,1
train,11742,1,1
train,11743,1,1
train,11744,1,1
train,11745,1,1
train,11746,1,1
train,11747,1,1
train,11748,1,6
train,11749,1,1
train,11750,1,1
train,11751,1,1
train,11752,1,1
train,11753,1,1
train,11754,1,1
train,11755,1,1
train,11756,1,1
train,11757,1,1
train,11758,1,1
train,11759,1,1
train,11760,1,1
train,11761,1,1
train,11762,1,1
train,11763,1,1
train,11764,1,1
train,11765,1,1
train,11766,1,1
train,11767,1,1
train,11768,1,1
train,11769,1,4
train,11770,1,1
train,11771,1,1
train,11772,1,1
train,11773,1,1
train,11774,1,1
train,11775,1,1
train,11776,1,1
train,11777,1,1
train,11778,1,1
train,11779,1,1
train,11780,1,1
train,11781,1,1
train,11782,1,1
train,11783,1,1
train,11784,1,1
train,11785,1,1
train,11786,1,1
train,11787,1,1
train,11788,1,1
train,11789,1,1
train,11790,1,1
train,11791,1,1
train,11792,1,1
train,11793,1,1
train,11794,1,1
train,11795,1,1
train,11796,1,1
train,11797,1,1
train,11798,1,1
train,11799,1,1
train,11800,1,1
train,11801,1,1
train,11802,1,1
train,11803,1,1
train,11804,1,1
train,11805,1,1
train,11806,1,1
train,11807,1,1
train,11808,1,1
train,11809,1,1
train,11810,1,1
train,11811,1,1
train,11812,1,6
train,11813,1,1
train,11814,1,1
train,11815,1,1
train,11816,1,1
train,11817,1,1
train,11818,1,1
train,11819,1,1
train,11820,1,1
train,11821,1,1
train,11822,1,1
train,11823,1,4
train,11824,1,1
train,11825,1,1
train,11826,1,1
train,11827,1,1
train,11828,1,1
train,11829,1,1
train,11830,1,1
train,11831,1,1
train,11832,1,1
train,11833,1,1
train,11834,1,1
train,11835,1,1
train,11836,1,1
train,11837,1,1
train,11838,1,1
train,11839,1,1
train,11840,1,1
train,11841,1,1
train,11842,1,1
train,11843,1,1
train,11844,1,1
train,11845,1,1
train,11846,1,1
train,11847,1,4
train,11848,1,1
train,11849,1,1
train,11850,1,1
train,11851,1,1
train,11852,1,1
train,11853,1,1
train,11854,1,1
train,11855,1,1
train,11856,1,1
train,11857,1,1
train,11858,1,1
train,11859,1,1
train,11860,1,1
train,11861,1,1
train,11862,1,1
train,11863,1,1
train,11864,1,4
train,11865,1,1
train,11866,1,1
train,11867,1,1
train,11868,1,1
train,11869,1,1
train,11870,1,1
train,11871,1,1
train,11872,1,1
train,11873,1,1
train,11874,1,1
train,11875,1,1
train,11876,1,1
train,11877,1,1
train,11878,1,6
train,11879,1,1
train,11880,1,1
train,11881,1,1
train,11882,1,1
train,11883,1,1
train,11884,1,1
train,11885,1,1
train,11886,1,1
train,11887,1,1
train,11888,1,1
train,11889,1,1
train,11890,1,1
train,11891,1,4
train,11892,1,1
train,11893,1,6
train,11894,1,1
train,11895,1,1
train,11896,1,1
train,11897,1,1
train,11898,1,1
train,11899,1,1
train,11900,1,1
train,11901,1,1
train,11902,1,4
train,11903,1,1
train,11904,1,1
train,11905,1,1
train,11906,1,1
train,11907,1,1
train,11908,1,1
train,11909,1,1
train,11910,1,1
train,11911,1,1
train,11912,1,1
train,11913,1,1
train,11914,1,1
train,11915,1,1
train,11916,1,1
train,11917,1,1
train,11918,1,1
train,11919,1,1
train,11920,1,1
train,11921,1,1
train,11922,1,1
train,11923,1,1
train,11924,1,1
train,11925,1,1
train,11926,1,1
train,11927,1,1
train,11928,1,1
train,11929,1,1
train,11930,1,1
train,11931,1,1
train,11932,1,1
train,11933,1,1
train,11934,1,1
train,11935,1,1
train,11936,1,1
train,11937,1,1
train,11938,1,1
train,11939,1,1
train,11940,1,1
train,11941,1,1
train,11942,1,1
train,11943,1,1
train,11944,1,1
train,11945,1,1
train,11946,1,1
train,11947,1,1
train,11948,1,1
train,11949,1,1
train,11950,1,1
train,11951,1,1
train,11952,1,1
train,11953,1,1
train,11954,1,1
train,11955,1,1
train,11956,1,1
train,11957,1,1
train,11958,1,1
train,11959,1,1
train,11960,1,1
train,11961,1,1
train,11962,1,1
train,11963,1,1
train,11964,1,1
train,11965,1,1
train,11966,1,1
train,11967,1,1
train,11968,1,1
train,11969,1,1
train,11970,1,1
train,11971,1,1
train,11972,1,1
train,11973,1,1
train,11974,1,1
train,11975,1,1
train,11976,1,1
train,11977,1,1
train,11978,1,1
train,11979,1,1
train,11980,1,0
train,11981,1,1
train,11982,1,1
train,11983,1,1
train,11984,1,1
train,11985,1,1
train,11986,1,1
train,11987,1,1
train,11988,1,1
train,11989,1,1
train,11990,1,6
train,11991,1,1
train,11992,1,1
train,11993,1,1
train,11994,1,1
train,11995,1,1
train,11996,1,1
train,11997,1,1
train,11998,1,1
train,11999,1,1
train,12000,1,1
train,12001,1,1
train,12002,1,1
train,12003,1,1
train,12004,1,1
train,12005,1,1
train,12006,1,1
train,12007,1,1
train,12008,1,1
train,12009,1,1
train,12010,1,1
train,12011,1,1
train,12012,1,1
train,12013,1,1
train,12014,1,1
train,12015,1,1
train,12016,1,1
train,12017,1,1
train,12018,1,1
train,12019,1,1
train,12020,1,1
train,12021,1,1
train,12022,1,1
train,12023,1,1
train,12024,1,1
train,12025,1,1
train,12026,1,1
train,12027,1,1
train,12028,1,1
train,12029,1,1
train,12030,1,1
train,12031,1,1
train,12032,1,1
train,12033,1,1
train,12034,1,1
train,12035,1,1
train,12036,1,1
train,12037,1,2
train,12038,1,1
train,12039,1,1
train,12040,1,1
train,12041,1,1
train,12042,1,1
train,12043,1,1
train,12044,1,1
train,12045,1,1
train,12046,1,1
train,12047,1,1
train,12048,1,1
train,12049,1,1
train,12050,1,1
train,12051,1,1
train,12052,1,1
train,12053,1,1
train,12054,1,1
train,12055,1,1
train,12056,1,1
train,12057,1,1
train,12058,1,1
train,12059,1,1
train,12060,1,1
train,12061,1,1
train,12062,1,1
train,12063,1,1
train,12064,1,1
train,12065,1,1
train,12066,1,1
train,12067,1,1
train,12068,1,1
train,12069,1,1
train,12070,1,1
train,12071,1,1
train,12072,1,1
train,12073,1,1
train,12074,1,1
train,12075,1,1
train,12076,1,1
train,12077,1,5
train,12078,1,1
train,12079,1,1
train,12080,1,1
train,12081,1,1
train,12082,1,1
train,12083,1,1
train,12084,1,4
train,12085,1,1
train,12086,1,1
train,12087,1,1
train,12088,1,1
train,12089,1,1
train,12090,1,1
train,12091,1,1
train,12092,1,1
train,12093,1,1
train,12094,1,1
train,12095,1,1
train,12096,1,6
train,12097,1,1
train,12098,1,1
train,12099,1,1
train,12100,1,1
train,12101,1,4
train,12102,1,1
train,12103,1,1
train,12104,1,1
train,12105,1,1
train,12106,1,1
train,12107,1,1
train,12108,1,1
train,12109,1,1
train,12110,1,1
train,12111,1,1
train,12112,1,1
train,12113,1,1
train,12114,1,1
train,12115,1,1
train,12116,1,1
train,12117,1,4
train,12118,1,1
train,12119,1,1
train,12120,1,1
train,12121,1,1
train,12122,1,1
train,12123,1,1
train,12124,1,1
train,12125,1,1
train,12126,1,1
train,12127,1,1
train,12128,1,4
train,12129,1,1
train,12130,1,1
train,12131,1,1
train,12132,1,1
train,12133,1,1
train,12134,1,1
train,12135,1,1
train,12136,1,1
train,12137,1,1
train,12138,1,1
train,12139,1,1
train,12140,1,1
train,12141,1,1
train,12142,1,1
train,12143,1,1
train,12144,1,1
train,12145,1,1
train,12146,1,1
train,12147,1,1
train,12148,1,1
train,12149,1,1
train,12150,1,1
train,12151,1,1
train,12152,1,1
train,12153,1,1
train,12154,1,1
train,12155,1,1
train,12156,1,1
train,12157,1,1
train,12158,1,1
train,12159,1,1
train,12160,1,4
train,12161,1,1
train,12162,1,1
train,12163,1,1
train,12164,1,1
train,12165,1,1
train,12166,1,1
train,12167,1,1
train,12168,1,1
train,12169,1,1
train,12170,1,1
train,12171,1,1
train,12172,1,1
train,12173,1,1
train,12174,1,1
train,12175,1,1
train,12176,1,1
train,12177,1,0
train,12178,1,1
train,12179,1,1
train,12180,1,1
train,12181,1,1
train,12182,1,1
train,12183,1,1
train,12184,1,1
train,12185,1,1
train,12186,1,1
train,12187,1,1
train,12188,1,1
train,12189,1,1
train,12190,1,1
train,12191,1,1
train,12192,1,1
train,12193,1,1
train,12194,1,1
train,12195,1,1
train,12196,1,1
train,12197,1,1
train,12198,1,1
train,12199,1,1
train,12200,1,1
train,12201,1,1
train,12202,1,1
train,12203,1,1
train,12204,1,1
train,12205,1,1
train,12206,1,1
train,12207,1,1
train,12208,1,1
train,12209,1,1
train,12210,1,1
train,12211,1,1
train,12212,1,1
train,12213,1,1
train,12214,1,1
train,12215,1,1
train,12216,1,1
train,12217,1,1
train,12218,1,1
train,12219,1,1
train,12220,1,1
train,12221,1,1
train,12222,1,1
train,12223,1,1
train,12224,1,1
train,12225,1,1
train,12226,1,1
train,12227,1,1
train,12228,1,4
train,12229,1,1
train,12230,1,1
train,12231,1,1
train,12232,1,1
train,12233,1,1
train,12234,1,1
train,12235,1,1
train,12236,1,1
train,12237,1,1
train,12238,1,5
train,12239,1,1
train,12240,1,1
train,12241,1,1
train,12242,1,1
train,12243,1,1
train,12244,1,1
train,12245,1,1
train,12246,1,1
train,12247,1,1
train,12248,1,1
train,12249,1,1
train,12250,1,1
train,12251,1,1
train,12252,1,1
train,12253,1,1
train,12254,1,1
train,12255,1,0
train,12256,1,1
train,12257,1,1
train,12258,1,1
train,12259,1,1
train,12260,1,1
train,12261,1,1
train,12262,1,1
train,12263,1,1
train,12264,1,1
train,12265,1,1
train,12266,1,1
train,12267,1,6
train,12268,1,6
train,12269,1,1
train,12270,1,1
train,12271,1,1
train,12272,1,4
train,12273,1,1
train,12274,1,1
train,12275,1,1
train,12276,1,1
train,12277,1,1
train,12278,1,1
train,12279,1,1
train,12280,1,1
train,12281,1,1
train,12282,1,1
train,12283,1,1
train,12284,1,1
train,12285,1,1
train,12286,1,1
train,12287,1,1
train,12288,1,1
train,12289,1,1
train,12290,1,1
train,12291,1,1
train,12292,1,1
train,12293,1,1
train,12294,1,1
train,12295,1,1
train,12296,1,1
train,12297,1,1
train,12298,1,1
train,12299,1,1
train,12300,1,1
train,12301,1,1
train,12302,1,1
train,12303,1,1
train,12304,1,1
train,12305,1,1
train,12306,1,1
train,12307,1,1
train,12308,1,1
train,12309,1,1
train,12310,1,1
train,12311,1,1
train,12312,1,1
train,12313,1,1
train,12314,1,1
train,12315,1,6
train,12316,1,1
train,12317,1,4
train,12318,1,1
train,12319,1,1
train,12320,1,1
train,12321,1,1
train,12322,1,1
train,12323,1,1
train,12324,1,1
train,12325,1,1
train,12326,1,1
train,12327,1,1
train,12328,1,1
train,12329,1,1
train,12330,1,1
train,12331,1,1
train,12332,1,1
train,12333,1,1
train,12334,1,1
train,12335,1,1
train,12336,1,1
train,12337,1,1
train,12338,1,1
train,12339,1,1
train,12340,1,1
train,12341,1,1
train,12342,1,1
train,12343,1,1
train,12344,1,1
train,12345,1,1
train,12346,1,1
train,12347,1,1
train,12348,1,1
train,12349,1,1
train,12350,1,1
train,12351,1,1
train,12352,1,1
train,12353,1,1
train,12354,1,1
train,12355,1,1
train,12356,1,1
train,12357,1,1
train,12358,1,1
train,12359,1,1
train,12360,1,1
train,12361,1,1
train,12362,1,1
train,12363,1,1
train,12364,1,1
train,12365,1,1
train,12366,1,1
train,12367,1,1
train,12368,1,1
train,12369,1,1
train,12370,1,1
train,12371,1,1
train,12372,1,1
train,12373,1,1
train,12374,1,1
train,12375,1,1
train,12376,1,1
train,12377,1,1
train,12378,1,1
train,12379,1,1
train,12380,1,1
train,12381,1,1
train,12382,1,1
train,12383,1,1
train,12384,1,1
train,12385,1,5
train,12386,1,1
train,12387,1,4
train,12388,1,1
train,12389,1,1
train,12390,1,1
train,12391,1,1
train,12392,1,1
train,12393,1,1
train,12394,1,1
train,12395,1,1
train,12396,1,1
train,12397,1,1
train,12398,1,1
train,12399,1,1
train,12400,1,1
train,12401,1,1
train,12402,1,4
train,12403,1,1
train,12404,1,1
train,12405,1,1
train,12406,1,1
train,12407,1,4
train,12408,1,1
train,12409,1,1
train,12410,1,1
train,12411,1,1
train,12412,1,1
train,12413,1,1
train,12414,1,4
train,12415,1,1
train,12416,1,4
train,12417,1,1
train,12418,1,1
train,12419,1,1
train,12420,1,1
train,12421,1,1
train,12422,1,1
train,12423,1,1
train,12424,1,1
train,12425,1,1
train,12426,1,1
train,12427,1,1
train,12428,1,1
train,12429,1,1
train,12430,1,1
train,12431,1,1
train,12432,1,1
train,12433,1,1
train,12434,1,1
train,12435,1,1
train,12436,1,1
train,12437,1,1
train,12438,1,1
train,12439,1,1
train,12440,1,1
train,12441,1,1
train,12442,1,1
train,12443,1,4
train,12444,1,1
train,12445,1,1
train,12446,1,6
train,12447,1,1
train,12448,1,1
train,12449,1,1
train,12450,1,1
train,12451,1,1
train,12452,1,1
train,12453,1,1
train,12454,1,1
train,12455,1,1
train,12456,1,1
train,12457,1,1
train,12458,1,1
train,12459,1,1
train,12460,1,1
train,12461,1,1
train,12462,1,1
train,12463,1,1
train,12464,1,1
train,12465,1,6
train,12466,1,1
train,12467,1,1
train,12468,1,1
train,12469,1,1
train,12470,1,1
train,12471,1,1
train,12472,1,1
train,12473,1,1
train,12474,1,1
train,12475,1,1
train,12476,1,1
train,12477,1,1
train,12478,1,1
train,12479,1,1
train,12480,1,1
train,12481,1,1
train,12482,1,1
train,12483,1,1
train,12484,1,1
train,12485,1,1
train,12486,1,1
train,12487,1,1
train,12488,1,1
train,12489,1,1
train,12490,1,1
train,12491,1,1
train,12492,1,1
train,12493,1,1
train,12494,1,1
train,12495,1,1
train,12496,1,1
train,12497,1,1
train,12498,1,1
train,12499,1,1
train,12500,1,1
train,12501,1,1
train,12502,1,1
train,12503,1,1
train,12504,1,1
train,12505,1,1
train,12506,1,1
train,12507,1,1
train,12508,1,1
train,12509,1,1
train,12510,1,1
train,12511,1,1
train,12512,1,1
train,12513,1,5
train,12514,1,1
train,12515,1,1
train,12516,1,1
train,12517,1,1
train,12518,1,1
train,12519,1,1
train,12520,1,1
train,12521,1,1
train,12522,1,1
train,12523,1,1
train,12524,1,1
train,12525,1,1
train,12526,1,1
train,12527,1,1
train,12528,1,1
train,12529,1,1
train,12530,1,1
train,12531,1,1
train,12532,1,1
train,12533,1,1
train,12534,1,1
train,12535,1,1
train,12536,1,1
train,12537,1,1
train,12538,1,1
train,12539,1,1
train,12540,1,1
train,12541,1,1
train,12542,1,1
train,12543,1,1
train,12544,1,1
train,12545,1,1
train,12546,1,1
train,12547,1,1
train,12548,1,1
train,12549,1,1
train,12550,1,1
train,12551,1,1
train,12552,1,1
train,12553,1,1
train,12554,1,1
train,12555,1,1
train,12556,1,1
train,12557,1,1
train,12558,1,1
train,12559,1,1
train,12560,1,1
train,12561,1,1
train,12562,1,1
train,12563,1,1
train,12564,1,1
train,12565,1,1
train,12566,1,1
train,12567,1,1
train,12568,1,1
train,12569,1,1
train,12570,1,1
train,12571,1,1
train,12572,1,1
train,12573,1,1
train,12574,1,1
train,12575,1,1
train,12576,1,1
train,12577,1,1
train,12578,1,1
train,12579,1,1
train,12580,1,1
train,12581,1,1
train,12582,1,1
train,12583,1,1
train,12584,1,1
train,12585,1,1
train,12586,1,1
train,12587,1,1
train,12588,1,1
train,12589,1,1
train,12590,1,1
train,12591,1,1
train,12592,1,1
train,12593,1,1
train,12594,1,1
train,12595,1,1
train,12596,1,1
train,12597,1,1
train,12598,1,1
train,12599,1,1
train,12600,1,1
train,12601,1,1
train,12602,1,1
train,12603,1,1
train,12604,1,1
train,12605,1,1
train,12606,1,1
train,12607,1,1
train,12608,1,1
train,12609,1,1
train,12610,1,1
train,12611,1,1
train,12612,1,1
train,12613,1,1
train,12614,1,1
train,12615,1,1
train,12616,1,1
train,12617,1,1
train,12618,1,1
train,12619,1,1
train,12620,1,4
train,12621,1,4
train,12622,1,1
train,12623,1,6
train,12624,1,1
train,12625,1,1
train,12626,1,1
train,12627,1,1
train,12628,1,1
train,12629,1,1
train,12630,1,1
train,12631,1,1
train,12632,1,1
train,12633,1,1
train,12634,1,1
train,12635,1,1
train,12636,1,1
train,12637,1,1
train,12638,1,1
train,12639,1,1
train,12640,1,1
train,12641,1,1
train,12642,1,1
train,12643,1,1
train,12644,1,1
train,12645,1,1
train,12646,1,1
train,12647,1,1
train,12648,1,0
train,12649,1,1
train,12650,1,1
train,12651,1,1
train,12652,1,4
train,12653,1,1
train,12654,1,1
train,12655,1,1
train,12656,1,1
train,12657,1,1
train,12658,1,1
train,12659,1,1
train,12660,1,1
train,12661,1,1
train,12662,1,1
train,12663,1,1
train,12664,1,1
train,12665,1,1
train,12666,1,1
train,12667,1,1
train,12668,1,1
train,12669,1,1
train,12670,1,1
train,12671,1,1
train,12672,1,1
train,12673,1,1
train,12674,1,1
train,12675,1,1
train,12676,1,1
train,12677,1,1
train,12678,1,1
train,12679,1,1
train,12680,1,1
train,12681,1,1
train,12682,1,1
train,12683,1,1
train,12684,1,1
train,12685,1,1
train,12686,1,1
train,12687,1,1
train,12688,1,1
train,12689,1,1
train,12690,1,1
train,12691,1,1
train,12692,1,1
train,12693,1,1
train,12694,1,1
train,12695,1,1
train,12696,1,1
train,12697,1,1
train,12698,1,1
train,12699,1,1
train,12700,1,1
train,12701,1,1
train,12702,1,1
train,12703,1,6
train,12704,1,1
train,12705,1,1
train,12706,1,1
train,12707,1,1
train,12708,1,1
train,12709,1,1
train,12710,1,1
train,12711,1,1
train,12712,1,1
train,12713,1,1
train,12714,1,0
train,12715,1,1
train,12716,1,1
train,12717,1,1
train,12718,1,1
train,12719,1,1
train,12720,1,1
train,12721,1,1
train,12722,1,1
train,12723,1,1
train,12724,1,1
train,12725,1,1
train,12726,1,1
train,12727,1,1
train,12728,1,1
train,12729,1,1
train,12730,1,1
train,12731,1,1
train,12732,1,1
train,12733,1,1
train,12734,1,1
train,12735,1,1
train,12736,1,1
train,12737,1,1
train,12738,1,1
train,12739,1,1
train,12740,1,1
train,12741,1,1
train,12742,1,1
train,12743,1,1
train,12744,1,1
train,12745,1,1
train,12746,1,1
train,12747,1,1
train,12748,1,1
train,12749,1,5
train,12750,1,1
train,12751,1,1
train,12752,1,1
train,12753,1,1
train,12754,1,1
train,12755,1,1
train,12756,1,4
train,12757,1,1
train,12758,1,1
train,12759,1,1
train,12760,1,1
train,12761,1,1
train,12762,1,4
train,12763,1,1
train,12764,1,1
train,12765,1,1
train,12766,1,1
train,12767,1,1
train,12768,1,1
train,12769,1,1
train,12770,1,1
train,12771,1,1
train,12772,1,1
train,12773,1,1
train,12774,1,1
train,12775,1,1
train,12776,1,1
train,12777,1,1
train,12778,1,1
train,12779,1,1
train,12780,1,1
train,12781,1,1
train,12782,1,1
train,12783,1,1
train,12784,1,1
train,12785,1,1
train,12786,1,1
train,12787,1,1
train,12788,1,1
train,12789,1,1
train,12790,1,1
train,12791,1,1
train,12792,1,1
train,12793,1,1
train,12794,1,1
train,12795,1,1
train,12796,1,1
train,12797,1,1
train,12798,1,1
train,12799,1,1
train,12800,1,1
train,12801,1,1
train,12802,1,1
train,12803,1,1
train,12804,1,1
train,12805,1,1
train,12806,1,1
train,12807,1,4
train,12808,1,1
train,12809,1,1
train,12810,1,1
train,12811,1,1
train,12812,1,1
train,12813,1,1
train,12814,1,1
train,12815,1,1
train,12816,1,1
train,12817,1,1
train,12818,1,1
train,12819,1,1
train,12820,1,1
train,12821,1,1
train,12822,1,1
train,12823,1,1
train,12824,1,1
train,12825,1,1
train,12826,1,1
train,12827,1,1
train,12828,1,1
train,12829,1,1
train,12830,1,1
train,12831,1,1
train,12832,1,1
train,12833,1,1
train,12834,1,1
train,12835,1,1
train,12836,1,1
train,12837,1,1
train,12838,1,1
train,12839,1,1
train,12840,1,1
train,12841,1,4
train,12842,1,1
train,12843,1,1
train,12844,1,1
train,12845,1,1
train,12846,1,1
train,12847,1,1
train,12848,1,1
train,12849,1,1
train,12850,1,1
train,12851,1,1
train,12852,1,1
train,12853,1,1
train,12854,1,1
train,12855,1,1
train,12856,1,1
train,12857,1,1
train,12858,1,1
train,12859,1,1
train,12860,1,1
train,12861,1,1
train,12862,1,1
train,12863,1,1
train,12864,1,1
train,12865,1,1
train,12866,1,1
train,12867,1,1
train,12868,1,1
train,12869,1,1
train,12870,1,1
train,12871,1,1
train,12872,1,1
train,12873,1,1
train,12874,1,1
train,12875,1,1
train,12876,1,1
train,12877,1,1
train,12878,1,1
train,12879,1,1
train,12880,1,5
train,12881,1,1
train,12882,1,1
train,12883,1,1
train,12884,1,1
train,12885,1,1
train,12886,1,1
train,12887,1,1
train,12888,1,1
train,12889,1,1
train,12890,1,1
train,12891,1,1
train,12892,1,1
train,12893,1,1
train,12894,1,1
train,12895,1,1
train,12896,1,1
train,12897,1,1
train,12898,1,1
train,12899,1,1
train,12900,1,1
train,12901,1,1
train,12902,1,1
train,12903,1,1
train,12904,1,1
train,12905,1,1
train,12906,1,1
train,12907,1,1
train,12908,1,1
train,12909,1,1
train,12910,1,1
train,12911,1,1
train,12912,1,1
train,12913,1,1
train,12914,1,1
train,12915,1,4
train,12916,1,1
train,12917,1,1
train,12918,1,1
train,12919,1,5
train,12920,1,1
train,12921,1,1
train,12922,1,1
train,12923,1,1
train,12924,1,1
train,12925,1,1
train,12926,1,1
train,12927,1,1
train,12928,1,0
train,12929,1,1
train,12930,1,1
train,12931,1,1
train,12932,1,1
train,12933,1,1
train,12934,1,1
train,12935,1,1
train,12936,1,1
train,12937,1,1
train,12938,1,1
train,12939,1,1
train,12940,1,1
train,12941,1,1
train,12942,1,1
train,12943,1,1
train,12944,1,1
train,12945,1,1
train,12946,1,1
train,12947,1,1
train,12948,1,1
train,12949,1,1
train,12950,1,1
train,12951,1,1
train,12952,1,1
train,12953,1,1
train,12954,1,1
train,12955,1,1
train,12956,1,1
train,12957,1,1
train,12958,1,1
train,12959,1,1
train,12960,1,1
train,12961,1,1
train,12962,1,1
train,12963,1,1
train,12964,1,1
train,12965,1,1
train,12966,1,1
train,12967,1,1
train,12968,1,1
train,12969,1,1
train,12970,1,1
train,12971,1,1
train,12972,1,1
train,12973,1,1
train,12974,1,1
train,12975,1,1
train,12976,1,1
train,12977,1,1
train,12978,1,1
train,12979,1,1
train,12980,1,5
train,12981,1,1
train,12982,1,4
train,12983,1,1
train,12984,1,1
train,12985,1,1
train,12986,1,4
train,12987,1,1
train,12988,1,1
train,12989,1,1
train,12990,1,1
train,12991,1,1
train,12992,1,1
train,12993,1,1
train,12994,1,1
train,12995,1,1
train,12996,1,1
train,12997,1,6
train,12998,1,1
train,12999,1,1
train,13000,1,1
train,13001,1,1
train,13002,1,1
train,13003,1,4
train,13004,1,1
train,13005,1,1
train,13006,1,1
train,13007,1,1
train,13008,1,1
train,13009,1,1
train,13010,1,1
train,13011,1,1
train,13012,1,1
train,13013,1,1
train,13014,1,1
train,13015,1,1
train,13016,1,1
train,13017,1,1
train,13018,1,1
train,13019,1,1
train,13020,1,1
train,13021,1,1
train,13022,1,1
train,13023,1,1
train,13024,1,1
train,13025,1,1
train,13026,1,1
train,13027,1,1
train,13028,1,1
train,13029,1,1
train,13030,1,1
train,13031,1,1
train,13032,1,1
train,13033,1,1
train,13034,1,1
train,13035,1,1
train,13036,1,1
train,13037,1,1
train,13038,1,1
train,13039,1,6
train,13040,1,4
train,13041,1,1
train,13042,1,1
train,13043,1,1
train,13044,1,1
train,13045,1,1
train,13046,1,0
train,13047,1,1
train,13048,1,1
train,13049,1,1
train,13050,1,1
train,13051,1,1
train,13052,1,1
train,13053,1,1
train,13054,1,1
train,13055,1,1
train,13056,1,1
train,13057,1,1
train,13058,1,1
train,13059,1,1
train,13060,1,1
train,13061,1,1
train,13062,1,1
train,13063,1,1
train,13064,1,1
train,13065,1,4
train,13066,1,1
train,13067,1,1
train,13068,1,1
train,13069,1,1
train,13070,1,1
train,13071,1,1
train,13072,1,1
train,13073,1,1
train,13074,1,1
train,13075,1,1
train,13076,1,1
train,13077,1,1
train,13078,1,1
train,13079,1,1
train,13080,1,1
train,13081,1,1
train,13082,1,1
train,13083,1,1
train,13084,1,1
train,13085,1,1
train,13086,1,1
train,13087,1,1
train,13088,1,1
train,13089,1,1
train,13090,1,1
train,13091,1,1
train,13092,1,1
train,13093,2,0
train,13094,2,5
train,13095,2,1
train,13096,2,1
train,13097,2,4
train,13098,2,0
train,13099,2,1
train,13100,2,1
train,13101,2,1
train,13102,2,1
train,13103,2,0
train,13104,2,6
train,13105,2,1
train,13106,2,0
train,13107,2,4
train,13108,2,4
train,13109,2,4
train,13110,2,1
train,13111,2,1
train,13112,2,0
train,13113,2,1
train,13114,2,1
train,13115,2,1
train,13116,2,4
train,13117,2,4
train,13118,2,5
train,13119,2,1
train,13120,2,1
train,13121,2,2
train,13122,2,0
train,13123,2,1
train,13124,2,1
train,13125,2,1
train,13126,2,1
train,13127,2,1
train,13128,2,2
train,13129,2,1
train,13130,2,0
train,13131,2,1
train,13132,2,1
train,13133,2,1
train,13134,2,1
train,13135,2,4
train,13136,2,0
train,13137,2,1
train,13138,2,6
train,13139,2,1
train,13140,2,4
train,13141,2,0
train,13142,2,0
train,13143,2,1
train,13144,2,2
train,13145,2,0
train,13146,2,1
train,13147,2,1
train,13148,2,4
train,13149,2,0
train,13150,2,1
train,13151,2,0
train,13152,2,1
train,13153,2,0
train,13154,2,1
train,13155,2,2
train,13156,2,4
train,13157,2,1
train,13158,2,4
train,13159,2,2
train,13160,2,0
train,13161,2,6
train,13162,2,1
train,13163,2,4
train,13164,2,1
train,13165,2,1
train,13166,2,0
train,13167,2,1
train,13168,2,4
train,13169,2,0
train,13170,2,6
train,13171,2,1
train,13172,2,5
train,13173,2,1
train,13174,2,1
train,13175,2,1
train,13176,2,1
train,13177,2,1
train,13178,2,5
train,13179,2,0
train,13180,2,1
train,13181,2,1
train,13182,2,1
train,13183,2,2
train,13184,2,1
train,13185,2,1
train,13186,2,1
train,13187,2,0
train,13188,2,4
train,13189,2,1
train,13190,2,1
train,13191,2,1
train,13192,2,1
train,13193,2,4
train,13194,2,1
train,13195,2,1
train,13196,2,1
train,13197,2,4
train,13198,2,0
train,13199,2,6
train,13200,2,1
train,13201,2,4
train,13202,2,1
train,13203,2,1
train,13204,2,1
train,13205,2,4
train,13206,2,6
train,13207,2,1
train,13208,2,2
train,13209,2,2
train,13210,2,1
train,13211,2,1
train,13212,2,1
train,13213,2,1
train,13214,2,0
train,13215,2,0
train,13216,2,6
train,13217,2,1
train,13218,2,1
train,13219,2,2
train,13220,2,4
train,13221,2,1
train,13222,2,4
train,13223,2,1
train,13224,2,4
train,13225,2,0
train,13226,2,1
train,13227,2,1
train,13228,2,2
train,13229,2,1
train,13230,2,4
train,13231,2,4
train,13232,2,4
train,13233,2,1
train,13234,2,1
train,13235,2,0
train,13236,2,0
train,13237,2,0
train,13238,2,1
train,13239,2,1
train,13240,2,1
train,13241,2,0
train,13242,2,1
train,13243,2,1
train,13244,2,0
train,13245,2,1
train,13246,2,1
train,13247,2,2
train,13248,2,1
train,13249,2,1
train,13250,2,1
train,13251,2,1
train,13252,2,1
train,13253,2,1
train,13254,2,1
train,13255,2,1
train,13256,2,0
train,13257,2,5
train,13258,2,1
train,13259,2,1
train,13260,2,1
train,13261,2,1
train,13262,2,1
train,13263,2,1
train,13264,2,0
train,13265,2,1
train,13266,2,0
train,13267,2,0
train,13268,2,1
train,13269,2,4
train,13270,2,0
train,13271,2,1
train,13272,2,1
train,13273,2,1
train,13274,2,1
train,13275,2,0
train,13276,2,0
train,13277,2,1
train,13278,2,0
train,13279,2,1
train,13280,2,1
train,13281,2,1
train,13282,2,4
train,13283,2,4
train,13284,2,0
train,13285,2,1
train,13286,2,1
train,13287,2,1
train,13288,2,1
train,13289,2,0
train,13290,2,1
train,13291,2,1
train,13292,2,4
train,13293,2,2
train,13294,2,4
train,13295,2,1
train,13296,2,0
train,13297,2,2
train,13298,2,2
train,13299,2,1
train,13300,2,2
train,13301,2,0
train,13302,2,2
train,13303,2,3
train,13304,2,0
train,13305,2,4
train,13306,2,1
train,13307,2,1
train,13308,2,0
train,13309,2,1
train,13310,2,4
train,13311,2,4
train,13312,2,1
train,13313,2,4
train,13314,2,4
train,13315,2,1
train,13316,2,1
train,13317,2,2
train,13318,2,1
train,13319,2,0
train,13320,2,1
train,13321,2,2
train,13322,2,4
train,13323,2,1
train,13324,2,4
train,13325,2,0
train,13326,2,4
train,13327,2,1
train,13328,2,1
train,13329,2,1
train,13330,2,0
train,13331,2,1
train,13332,2,1
train,13333,2,4
train,13334,2,1
train,13335,2,4
train,13336,2,0
train,13337,2,1
train,13338,2,1
train,13339,2,1
train,13340,2,0
train,13341,2,0
train,13342,2,1
train,13343,2,7
train,13344,2,1
train,13345,2,1
train,13346,2,1
train,13347,2,1
train,13348,2,1
train,13349,2,1
train,13350,2,1
train,13351,2,4
train,13352,2,4
train,13353,2,1
train,13354,2,0
train,13355,2,1
train,13356,2,1
train,13357,2,1
train,13358,2,0
train,13359,2,2
train,13360,2,3
train,13361,2,1
train,13362,2,1
train,13363,2,0
train,13364,2,1
train,13365,2,4
train,13366,2,0
train,13367,2,1
train,13368,2,0
train,13369,2,5
train,13370,2,4
train,13371,2,1
train,13372,2,0
train,13373,2,4
train,13374,2,1
train,13375,2,4
train,13376,2,0
train,13377,2,1
train,13378,2,0
train,13379,2,1
train,13380,2,1
train,13381,2,0
train,13382,2,0
train,13383,2,1
train,13384,2,1
train,13385,2,1
train,13386,2,1
train,13387,2,0
train,13388,2,1
train,13389,2,1
train,13390,2,1
train,13391,2,1
train,13392,2,1
train,13393,2,2
train,13394,2,1
train,13395,2,1
train,13396,2,2
train,13397,2,1
train,13398,2,0
train,13399,2,0
train,13400,2,4
train,13401,2,1
train,13402,2,1
train,13403,2,1
train,13404,2,4
train,13405,2,1
train,13406,2,4
train,13407,2,1
train,13408,2,1
train,13409,2,1
train,13410,2,1
train,13411,2,1
train,13412,2,0
train,13413,2,1
train,13414,2,0
train,13415,2,1
train,13416,2,1
train,13417,2,1
train,13418,2,0
train,13419,2,4
train,13420,2,1
train,13421,2,4
train,13422,2,1
train,13423,2,0
train,13424,2,4
train,13425,2,1
train,13426,2,1
train,13427,2,0
train,13428,2,1
train,13429,2,1
train,13430,2,1
train,13431,2,0
train,13432,2,1
train,13433,2,0
train,13434,2,1
train,13435,2,1
train,13436,2,1
train,13437,2,0
train,13438,2,4
train,13439,2,1
train,13440,2,0
train,13441,2,4
train,13442,2,1
train,13443,2,0
train,13444,2,2
train,13445,2,1
train,13446,2,0
train,13447,2,4
train,13448,2,1
train,13449,2,1
train,13450,2,0
train,13451,2,1
train,13452,2,0
train,13453,2,1
train,13454,2,1
train,13455,2,6
train,13456,2,2
train,13457,2,1
train,13458,2,4
train,13459,2,1
train,13460,2,1
train,13461,2,0
train,13462,2,0
train,13463,2,1
train,13464,2,1
train,13465,2,0
train,13466,2,2
train,13467,2,4
train,13468,2,1
train,13469,2,1
train,13470,2,0
train,13471,2,1
train,13472,2,1
train,13473,2,6
train,13474,2,0
train,13475,2,0
train,13476,2,1
train,13477,2,1
train,13478,2,0
train,13479,2,0
train,13480,2,1
train,13481,2,2
train,13482,2,1
train,13483,2,0
train,13484,2,1
train,13485,2,4
train,13486,2,1
train,13487,2,1
train,13488,2,0
train,13489,2,2
train,13490,2,1
train,13491,2,4
train,13492,2,1
train,13493,2,0
train,13494,2,6
train,13495,2,1
train,13496,2,1
train,13497,2,1
train,13498,2,1
train,13499,2,1
train,13500,2,1
train,13501,2,4
train,13502,2,2
train,13503,2,0
train,13504,2,1
train,13505,2,1
train,13506,2,1
train,13507,2,4
train,13508,2,0
train,13509,2,0
train,13510,2,1
train,13511,2,1
train,13512,2,0
train,13513,2,0
train,13514,2,0
train,13515,2,1
train,13516,2,1
train,13517,2,1
train,13518,2,0
train,13519,2,1
train,13520,2,4
train,13521,2,0
train,13522,2,6
train,13523,2,4
train,13524,2,1
train,13525,2,1
train,13526,2,0
train,13527,2,0
train,13528,2,1
train,13529,2,1
train,13530,2,0
train,13531,2,1
train,13532,2,1
train,13533,2,0
train,13534,2,0
train,13535,2,1
train,13536,2,1
train,13537,2,1
train,13538,2,1
train,13539,2,1
train,13540,2,0
train,13541,2,4
train,13542,2,1
train,13543,2,3
train,13544,2,0
train,13545,2,4
train,13546,2,1
train,13547,2,1
train,13548,2,0
train,13549,2,1
train,13550,2,1
train,13551,2,4
train,13552,2,1
train,13553,2,0
train,13554,2,0
train,13555,2,0
train,13556,2,2
train,13557,2,0
train,13558,2,4
train,13559,2,1
train,13560,2,0
train,13561,2,0
train,13562,2,1
train,13563,2,1
train,13564,2,0
train,13565,2,0
train,13566,2,1
train,13567,2,1
train,13568,2,4
train,13569,2,1
train,13570,2,4
train,13571,2,0
train,13572,2,0
train,13573,2,1
train,13574,2,2
train,13575,2,0
train,13576,2,1
train,13577,2,2
train,13578,2,1
train,13579,2,1
train,13580,2,4
train,13581,2,0
train,13582,2,4
train,13583,2,1
train,13584,2,4
train,13585,2,1
train,13586,2,0
train,13587,2,0
train,13588,2,1
train,13589,2,1
train,13590,2,1
train,13591,2,1
train,13592,2,1
train,13593,2,1
train,13594,2,1
train,13595,2,1
train,13596,2,4
train,13597,2,1
train,13598,2,1
train,13599,2,4
train,13600,2,1
train,13601,2,1
train,13602,2,0
train,13603,2,2
train,13604,2,2
train,13605,2,1
train,13606,2,5
train,13607,2,1
train,13608,2,0
train,13609,2,0
train,13610,2,1
train,13611,2,1
train,13612,2,4
train,13613,2,1
train,13614,2,1
train,13615,2,0
train,13616,2,6
train,13617,2,0
train,13618,2,0
train,13619,2,1
train,13620,2,1
train,13621,2,1
train,13622,2,1
train,13623,2,1
train,13624,2,0
train,13625,2,1
train,13626,2,1
train,13627,2,4
train,13628,2,1
train,13629,2,1
train,13630,2,1
train,13631,2,0
train,13632,2,1
train,13633,2,1
train,13634,2,1
train,13635,2,1
train,13636,2,4
train,13637,2,1
train,13638,2,1
train,13639,2,1
train,13640,2,4
train,13641,2,0
train,13642,2,1
train,13643,2,0
train,13644,2,1
train,13645,2,2
train,13646,2,1
train,13647,2,4
train,13648,2,0
train,13649,2,1
train,13650,2,1
train,13651,2,1
train,13652,2,1
train,13653,2,0
train,13654,2,0
train,13655,2,1
train,13656,2,1
train,13657,2,2
train,13658,2,1
train,13659,2,2
train,13660,2,1
train,13661,2,0
train,13662,2,0
train,13663,2,1
train,13664,2,1
train,13665,2,1
train,13666,2,0
train,13667,2,1
train,13668,2,1
train,13669,2,1
train,13670,2,1
train,13671,2,0
train,13672,2,0
train,13673,2,4
train,13674,2,4
train,13675,2,7
train,13676,2,0
train,13677,2,0
train,13678,2,1
train,13679,2,4
train,13680,2,1
train,13681,2,4
train,13682,2,2
train,13683,2,1
train,13684,2,1
train,13685,2,0
train,13686,2,1
train,13687,2,1
train,13688,2,4
train,13689,2,1
train,13690,2,0
train,13691,2,1
train,13692,2,1
train,13693,2,1
train,13694,2,1
train,13695,2,0
train,13696,2,1
train,13697,2,1
train,13698,2,0
train,13699,2,0
train,13700,2,6
train,13701,2,1
train,13702,2,2
train,13703,2,0
train,13704,2,0
train,13705,2,1
train,13706,2,6
train,13707,2,4
train,13708,2,0
train,13709,2,4
train,13710,2,1
train,13711,2,1
train,13712,2,1
train,13713,2,1
train,13714,2,1
train,13715,2,5
train,13716,2,1
train,13717,2,1
train,13718,2,1
train,13719,2,1
train,13720,2,1
train,13721,2,0
train,13722,2,1
train,13723,2,6
train,13724,2,1
train,13725,2,1
train,13726,2,1
train,13727,2,0
train,13728,2,0
train,13729,2,1
train,13730,2,0
train,13731,2,4
train,13732,2,1
train,13733,2,4
train,13734,2,3
train,13735,2,4
train,13736,2,1
train,13737,2,1
train,13738,2,4
train,13739,2,1
train,13740,2,4
train,13741,2,2
train,13742,2,0
train,13743,2,1
train,13744,2,4
train,13745,2,1
train,13746,2,0
train,13747,2,1
train,13748,2,4
train,13749,2,1
train,13750,2,1
train,13751,2,1
train,13752,2,1
train,13753,2,1
train,13754,2,1
train,13755,2,1
train,13756,2,6
train,13757,2,0
train,13758,2,6
train,13759,2,1
train,13760,2,4
train,13761,2,4
train,13762,2,2
train,13763,2,5
train,13764,2,1
train,13765,2,1
train,13766,2,0
train,13767,2,0
train,13768,2,0
train,13769,2,1
train,13770,2,7
train,13771,2,4
train,13772,2,0
train,13773,2,1
train,13774,2,1
train,13775,2,1
train,13776,2,0
train,13777,2,1
train,13778,2,1
train,13779,2,0
train,13780,2,1
train,13781,2,1
train,13782,2,1
train,13783,2,1
train,13784,2,1
train,13785,2,1
train,13786,2,1
train,13787,2,1
train,13788,2,4
train,13789,2,1
train,13790,2,1
train,13791,2,2
train,13792,2,4
train,13793,2,2
train,13794,2,0
train,13795,2,4
train,13796,2,1
train,13797,2,0
train,13798,2,0
train,13799,2,0
train,13800,2,1
train,13801,2,1
train,13802,2,1
train,13803,2,1
train,13804,2,1
train,13805,2,4
train,13806,2,1
train,13807,2,1
train,13808,2,4
train,13809,2,1
train,13810,2,2
train,13811,2,2
train,13812,2,1
train,13813,2,4
train,13814,2,0
train,13815,2,0
train,13816,2,4
train,13817,2,0
train,13818,2,1
train,13819,2,1
train,13820,2,1
train,13821,2,1
train,13822,2,4
train,13823,2,1
train,13824,2,1
train,13825,2,1
train,13826,2,1
train,13827,2,4
train,13828,2,0
train,13829,2,4
train,13830,2,1
train,13831,2,2
train,13832,2,1
train,13833,2,1
train,13834,2,1
train,13835,2,1
train,13836,2,0
train,13837,2,1
train,13838,2,1
train,13839,2,4
train,13840,2,4
train,13841,2,4
train,13842,2,4
train,13843,2,4
train,13844,2,0
train,13845,2,1
train,13846,2,0
train,13847,2,1
train,13848,2,5
train,13849,2,1
train,13850,2,4
train,13851,2,1
train,13852,2,1
train,13853,2,6
train,13854,2,0
train,13855,2,2
train,13856,2,1
train,13857,2,1
train,13858,2,1
train,13859,2,1
train,13860,2,2
train,13861,2,1
train,13862,2,1
train,13863,2,1
train,13864,2,1
train,13865,2,4
train,13866,2,4
train,13867,2,0
train,13868,2,1
train,13869,2,1
train,13870,2,0
train,13871,2,1
train,13872,2,0
train,13873,2,0
train,13874,2,6
train,13875,2,1
train,13876,2,1
train,13877,2,0
train,13878,2,1
train,13879,2,0
train,13880,2,4
train,13881,2,4
train,13882,2,4
train,13883,2,1
train,13884,2,0
train,13885,2,6
train,13886,2,1
train,13887,2,1
train,13888,2,1
train,13889,2,0
train,13890,2,1
train,13891,2,1
train,13892,2,1
train,13893,2,2
train,13894,2,4
train,13895,2,1
train,13896,2,4
train,13897,2,4
train,13898,2,1
train,13899,2,6
train,13900,2,1
train,13901,2,1
train,13902,2,2
train,13903,2,1
train,13904,2,1
train,13905,2,1
train,13906,2,0
train,13907,2,2
train,13908,2,1
train,13909,2,1
train,13910,2,1
train,13911,2,0
train,13912,2,0
train,13913,2,2
train,13914,2,1
train,13915,2,1
train,13916,2,5
train,13917,2,1
train,13918,2,1
train,13919,2,1
train,13920,2,0
train,13921,2,1
train,13922,2,0
train,13923,2,1
train,13924,2,1
train,13925,2,0
train,13926,2,0
train,13927,2,1
train,13928,2,4
train,13929,2,1
train,13930,2,0
train,13931,2,1
train,13932,2,1
train,13933,2,0
train,13934,2,1
train,13935,2,1
train,13936,2,1
train,13937,2,4
train,13938,2,1
train,13939,2,0
train,13940,2,1
train,13941,2,1
train,13942,2,1
train,13943,2,1
train,13944,2,4
train,13945,2,0
train,13946,2,1
train,13947,2,1
train,13948,2,1
train,13949,2,3
train,13950,2,1
train,13951,2,1
train,13952,2,1
train,13953,2,5
train,13954,2,0
train,13955,2,4
train,13956,2,1
train,13957,2,1
train,13958,2,4
train,13959,2,2
train,13960,2,1
train,13961,2,1
train,13962,2,1
train,13963,2,1
train,13964,2,2
train,13965,2,0
train,13966,2,1
train,13967,2,6
train,13968,2,4
train,13969,2,2
train,13970,2,0
train,13971,2,1
train,13972,2,1
train,13973,2,1
train,13974,2,0
train,13975,2,1
train,13976,2,1
train,13977,2,2
train,13978,2,4
train,13979,2,4
train,13980,2,0
train,13981,2,1
train,13982,2,1
train,13983,2,4
train,13984,2,4
train,13985,2,1
train,13986,2,6
train,13987,2,0
train,13988,2,4
train,13989,2,1
train,13990,2,2
train,13991,2,1
train,13992,2,0
train,13993,2,2
train,13994,2,1
train,13995,2,1
train,13996,2,1
train,13997,2,0
train,13998,2,1
train,13999,2,0
train,14000,2,4
train,14001,2,1
train,14002,2,6
train,14003,2,1
train,14004,2,1
train,14005,2,0
train,14006,2,4
train,14007,2,1
train,14008,2,0
train,14009,2,1
train,14010,2,0
train,14011,2,0
train,14012,2,2
train,14013,2,4
train,14014,2,1
train,14015,2,6
train,14016,2,1
train,14017,2,4
train,14018,2,1
train,14019,2,4
train,14020,2,6
train,14021,2,1
train,14022,2,1
train,14023,2,0
train,14024,2,1
train,14025,2,4
train,14026,2,1
train,14027,2,2
train,14028,2,1
train,14029,2,1
train,14030,2,2
train,14031,2,0
train,14032,2,1
train,14033,2,1
train,14034,2,4
train,14035,2,1
train,14036,2,4
train,14037,2,4
train,14038,2,4
train,14039,2,4
train,14040,2,4
train,14041,2,0
train,14042,2,4
train,14043,2,1
train,14044,2,1
train,14045,2,1
train,14046,2,1
train,14047,2,4
train,14048,2,1
train,14049,2,0
train,14050,2,4
train,14051,2,4
train,14052,2,1
train,14053,2,1
train,14054,2,5
train,14055,2,1
train,14056,2,1
train,14057,2,0
train,14058,2,4
train,14059,2,0
train,14060,2,1
train,14061,2,0
train,14062,2,1
train,14063,2,0
train,14064,2,1
train,14065,2,1
train,14066,2,4
train,14067,2,1
train,14068,2,0
train,14069,2,0
train,14070,2,6
train,14071,2,1
train,14072,2,1
train,14073,2,1
train,14074,2,1
train,14075,2,1
train,14076,2,3
train,14077,2,1
train,14078,2,0
train,14079,2,0
train,14080,2,1
train,14081,2,4
train,14082,2,1
train,14083,2,0
train,14084,2,1
train,14085,2,1
train,14086,2,4
train,14087,2,1
train,14088,2,1
train,14089,2,2
train,14090,2,2
train,14091,2,0
train,14092,2,1
train,14093,2,4
train,14094,2,4
train,14095,2,2
train,14096,2,1
train,14097,2,1
train,14098,2,1
train,14099,2,0
train,14100,2,4
train,14101,2,0
train,14102,2,1
train,14103,2,0
train,14104,2,5
train,14105,2,0
train,14106,2,2
train,14107,2,1
train,14108,2,4
train,14109,2,1
train,14110,2,1
train,14111,2,1
train,14112,2,1
train,14113,2,2
train,14114,2,0
train,14115,2,1
train,14116,2,0
train,14117,2,4
train,14118,2,1
train,14119,2,2
train,14120,2,4
train,14121,2,2
train,14122,2,1
train,14123,2,0
train,14124,2,1
train,14125,2,1
train,14126,2,4
train,14127,2,4
train,14128,2,1
train,14129,2,1
train,14130,2,1
train,14131,2,1
train,14132,2,1
train,14133,2,1
train,14134,2,1
train,14135,2,1
train,14136,2,1
train,14137,2,1
train,14138,2,0
train,14139,2,1
train,14140,2,2
train,14141,2,0
train,14142,2,0
train,14143,2,1
train,14144,2,4
train,14145,2,1
train,14146,2,1
train,14147,2,1
train,14148,2,1
train,14149,2,1
train,14150,2,1
train,14151,2,0
train,14152,2,0
train,14153,2,5
train,14154,2,1
train,14155,2,1
train,14156,2,4
train,14157,2,1
train,14158,2,0
train,14159,2,5
train,14160,2,1
train,14161,2,1
train,14162,2,1
train,14163,2,1
train,14164,2,0
train,14165,2,1
train,14166,2,4
train,14167,2,1
train,14168,2,1
train,14169,2,1
train,14170,2,1
train,14171,2,1
train,14172,2,4
train,14173,2,1
train,14174,2,1
train,14175,2,1
train,14176,2,1
train,14177,2,1
train,14178,2,0
train,14179,2,1
train,14180,2,2
train,14181,2,1
train,14182,2,0
train,14183,2,1
train,14184,2,1
train,14185,2,0
train,14186,2,1
train,14187,2,0
train,14188,2,1
train,14189,2,1
train,14190,2,0
train,14191,2,0
train,14192,2,6
train,14193,2,1
train,14194,2,1
train,14195,2,1
train,14196,2,0
train,14197,2,4
train,14198,2,1
train,14199,2,1
train,14200,2,0
train,14201,2,0
train,14202,2,1
train,14203,2,1
train,14204,2,4
train,14205,2,0
train,14206,2,4
train,14207,2,1
train,14208,2,1
train,14209,2,1
train,14210,2,1
train,14211,2,1
train,14212,2,7
train,14213,2,1
train,14214,2,1
train,14215,2,1
train,14216,2,1
train,14217,2,4
train,14218,2,0
train,14219,2,4
train,14220,2,2
train,14221,2,1
train,14222,2,4
train,14223,2,1
train,14224,2,1
train,14225,2,1
train,14226,2,4
train,14227,2,1
train,14228,2,4
train,14229,2,0
train,14230,2,1
train,14231,2,1
train,14232,2,1
train,14233,2,4
train,14234,2,1
train,14235,2,4
train,14236,2,1
train,14237,2,4
train,14238,2,1
train,14239,2,1
train,14240,2,4
train,14241,2,1
train,14242,2,0
train,14243,2,1
train,14244,2,1
train,14245,2,6
train,14246,2,4
train,14247,2,1
train,14248,2,1
train,14249,2,4
train,14250,2,1
train,14251,2,1
train,14252,2,1
train,14253,2,1
train,14254,2,1
train,14255,2,4
train,14256,2,1
train,14257,2,1
train,14258,2,0
train,14259,2,5
train,14260,2,1
train,14261,2,2
train,14262,2,1
train,14263,2,1
train,14264,2,0
train,14265,2,0
train,14266,2,1
train,14267,2,1
train,14268,2,0
train,14269,2,1
train,14270,2,4
train,14271,2,4
train,14272,2,4
train,14273,2,1
train,14274,2,0
train,14275,2,4
train,14276,2,1
train,14277,2,2
train,14278,2,0
train,14279,2,1
train,14280,2,0
train,14281,2,6
train,14282,2,1
train,14283,2,1
train,14284,2,1
train,14285,2,2
train,14286,2,0
train,14287,2,1
train,14288,2,1
train,14289,2,1
train,14290,2,1
train,14291,2,4
train,14292,2,1
train,14293,2,2
train,14294,2,1
train,14295,2,4
train,14296,2,1
train,14297,2,1
train,14298,2,1
train,14299,2,6
train,14300,2,1
train,14301,2,1
train,14302,2,0
train,14303,2,7
train,14304,2,4
train,14305,2,1
train,14306,2,1
train,14307,2,1
train,14308,2,1
train,14309,2,2
train,14310,2,1
train,14311,2,2
train,14312,2,5
train,14313,2,1
train,14314,2,5
train,14315,2,1
train,14316,2,4
train,14317,2,1
train,14318,2,1
train,14319,2,4
train,14320,2,4
train,14321,2,0
train,14322,2,1
train,14323,2,3
train,14324,2,0
train,14325,2,1
train,14326,2,1
train,14327,2,1
train,14328,2,0
train,14329,2,1
train,14330,2,0
train,14331,2,1
train,14332,2,4
train,14333,2,4
train,14334,2,1
train,14335,2,1
train,14336,2,0
train,14337,2,1
train,14338,2,0
train,14339,2,1
train,14340,2,4
train,14341,2,0
train,14342,2,2
train,14343,2,4
train,14344,2,1
train,14345,2,1
train,14346,2,1
train,14347,2,3
train,14348,2,1
train,14349,2,1
train,14350,2,2
train,14351,2,2
train,14352,2,1
train,14353,2,1
train,14354,2,0
train,14355,2,4
train,14356,2,1
train,14357,2,1
train,14358,2,1
train,14359,2,4
train,14360,2,1
train,14361,2,4
train,14362,2,1
train,14363,2,2
train,14364,2,6
train,14365,2,1
train,14366,2,4
train,14367,2,0
train,14368,2,1
train,14369,2,1
train,14370,2,1
train,14371,2,2
train,14372,2,6
train,14373,2,6
train,14374,2,2
train,14375,2,1
train,14376,2,0
train,14377,2,1
train,14378,2,4
train,14379,2,0
train,14380,2,1
train,14381,2,0
train,14382,2,1
train,14383,2,0
train,14384,2,4
train,14385,2,1
train,14386,2,1
train,14387,2,2
train,14388,2,1
train,14389,2,5
train,14390,2,2
train,14391,2,1
train,14392,2,4
train,14393,2,1
train,14394,2,2
train,14395,2,0
train,14396,2,4
train,14397,2,1
train,14398,2,1
train,14399,2,1
train,14400,2,0
train,14401,2,0
train,14402,2,0
train,14403,2,1
train,14404,2,1
train,14405,2,1
train,14406,2,0
train,14407,2,5
train,14408,2,0
train,14409,2,0
train,14410,2,2
train,14411,2,2
train,14412,2,1
train,14413,2,4
train,14414,2,1
train,14415,2,1
train,14416,2,1
train,14417,2,1
train,14418,2,4
train,14419,2,1
train,14420,2,4
train,14421,2,4
train,14422,2,1
train,14423,2,4
train,14424,2,1
train,14425,2,1
train,14426,2,1
train,14427,2,1
train,14428,2,1
train,14429,2,1
train,14430,2,1
train,14431,2,0
train,14432,2,5
train,14433,2,1
train,14434,2,4
train,14435,2,1
train,14436,2,4
train,14437,2,0
train,14438,2,1
train,14439,2,0
train,14440,2,1
train,14441,2,0
train,14442,2,1
train,14443,2,1
train,14444,2,0
train,14445,2,1
train,14446,2,4
train,14447,2,1
train,14448,2,0
train,14449,2,4
train,14450,2,2
train,14451,2,1
train,14452,2,1
train,14453,2,1
train,14454,2,2
train,14455,2,1
train,14456,2,4
train,14457,2,1
train,14458,2,4
train,14459,2,1
train,14460,2,4
train,14461,2,1
train,14462,2,1
train,14463,2,1
train,14464,2,0
train,14465,2,1
train,14466,2,4
train,14467,2,4
train,14468,2,1
train,14469,2,1
train,14470,2,1
train,14471,2,0
train,14472,2,1
train,14473,2,1
train,14474,2,1
train,14475,2,0
train,14476,2,1
train,14477,2,0
train,14478,2,1
train,14479,2,0
train,14480,2,1
train,14481,2,4
train,14482,2,1
train,14483,2,1
train,14484,2,3
train,14485,2,0
train,14486,2,0
train,14487,2,4
train,14488,2,0
train,14489,2,2
train,14490,2,5
train,14491,2,1
train,14492,2,0
train,14493,2,0
train,14494,2,1
train,14495,2,1
train,14496,2,0
train,14497,2,0
train,14498,2,1
train,14499,2,1
train,14500,2,1
train,14501,2,4
train,14502,2,0
train,14503,2,1
train,14504,2,4
train,14505,2,3
train,14506,2,0
train,14507,2,1
train,14508,2,1
train,14509,2,2
train,14510,2,1
train,14511,2,0
train,14512,2,1
train,14513,2,1
train,14514,2,2
train,14515,2,1
train,14516,2,1
train,14517,2,1
train,14518,2,0
train,14519,2,2
train,14520,2,1
train,14521,2,0
train,14522,2,0
train,14523,2,1
train,14524,2,2
train,14525,2,4
train,14526,2,0
train,14527,2,4
train,14528,2,4
train,14529,2,1
train,14530,2,4
train,14531,2,2
train,14532,2,2
train,14533,2,6
train,14534,2,2
train,14535,2,0
train,14536,2,1
train,14537,2,1
train,14538,2,4
train,14539,2,1
train,14540,2,1
train,14541,2,6
train,14542,2,1
train,14543,2,1
train,14544,2,0
train,14545,2,2
train,14546,2,1
train,14547,2,1
train,14548,2,1
train,14549,2,1
train,14550,2,1
train,14551,2,1
train,14552,2,1
train,14553,2,0
train,14554,2,0
train,14555,2,1
train,14556,2,4
train,14557,2,1
train,14558,2,1
train,14559,2,1
train,14560,2,1
train,14561,2,1
train,14562,2,1
train,14563,2,1
train,14564,2,4
train,14565,2,1
train,14566,2,1
train,14567,2,1
train,14568,2,1
train,14569,2,1
train,14570,2,0
train,14571,2,1
train,14572,2,2
train,14573,2,1
train,14574,2,1
train,14575,2,1
train,14576,2,1
train,14577,2,1
train,14578,2,0
train,14579,2,1
train,14580,2,1
train,14581,2,0
train,14582,2,7
train,14583,2,1
train,14584,2,1
train,14585,2,1
train,14586,2,1
train,14587,2,1
train,14588,2,1
train,14589,2,1
train,14590,2,0
train,14591,2,2
train,14592,2,0
train,14593,2,1
train,14594,2,1
train,14595,2,4
train,14596,2,1
train,14597,2,4
train,14598,2,1
train,14599,2,2
train,14600,2,2
train,14601,2,4
train,14602,2,0
train,14603,2,2
train,14604,2,1
train,14605,2,1
train,14606,2,1
train,14607,2,0
train,14608,2,0
train,14609,2,2
train,14610,2,2
train,14611,2,1
train,14612,2,1
train,14613,2,1
train,14614,2,0
train,14615,2,4
train,14616,2,1
train,14617,2,0
train,14618,2,1
train,14619,2,0
train,14620,2,4
train,14621,2,4
train,14622,2,4
train,14623,2,3
train,14624,2,1
train,14625,2,1
train,14626,2,1
train,14627,2,1
train,14628,2,1
train,14629,2,1
train,14630,2,2
train,14631,2,0
train,14632,2,0
train,14633,2,0
train,14634,2,0
train,14635,2,1
train,14636,2,0
train,14637,2,1
train,14638,2,1
train,14639,2,1
train,14640,2,1
train,14641,2,1
train,14642,2,1
train,14643,2,0
train,14644,2,1
train,14645,2,1
train,14646,2,4
train,14647,2,1
train,14648,2,0
train,14649,2,1
train,14650,2,2
train,14651,2,0
train,14652,2,1
train,14653,2,4
train,14654,2,1
train,14655,2,1
train,14656,2,4
train,14657,2,1
train,14658,2,5
train,14659,2,1
train,14660,2,1
train,14661,2,1
train,14662,2,1
train,14663,2,4
train,14664,2,1
train,14665,2,1
train,14666,2,1
train,14667,2,1
train,14668,2,0
train,14669,2,1
train,14670,2,1
train,14671,2,1
train,14672,2,0
train,14673,2,1
train,14674,2,1
train,14675,2,1
train,14676,2,6
train,14677,2,1
train,14678,2,1
train,14679,2,1
train,14680,2,1
train,14681,2,1
train,14682,2,4
train,14683,2,1
train,14684,2,7
train,14685,2,1
train,14686,2,1
train,14687,2,0
train,14688,2,4
train,14689,2,1
train,14690,2,1
train,14691,2,1
train,14692,2,1
train,14693,2,2
train,14694,2,1
train,14695,2,0
train,14696,2,4
train,14697,2,1
train,14698,2,1
train,14699,2,1
train,14700,2,1
train,14701,2,1
train,14702,2,0
train,14703,2,1
train,14704,2,1
train,14705,2,0
train,14706,2,1
train,14707,2,1
train,14708,2,1
train,14709,2,0
train,14710,2,1
train,14711,2,4
train,14712,2,1
train,14713,2,1
train,14714,2,0
train,14715,2,3
train,14716,2,0
train,14717,2,1
train,14718,2,1
train,14719,2,0
train,14720,2,0
train,14721,2,1
train,14722,2,1
train,14723,2,1
train,14724,2,4
train,14725,2,1
train,14726,2,0
train,14727,2,0
train,14728,2,1
train,14729,2,1
train,14730,2,1
train,14731,2,2
train,14732,2,6
train,14733,2,1
train,14734,2,1
train,14735,2,0
train,14736,2,1
train,14737,2,1
train,14738,2,0
train,14739,2,1
train,14740,2,4
train,14741,2,1
train,14742,2,0
train,14743,2,0
train,14744,2,1
train,14745,2,1
train,14746,2,1
train,14747,2,1
train,14748,2,0
train,14749,2,1
train,14750,2,1
train,14751,2,1
train,14752,2,1
train,14753,2,1
train,14754,2,0
train,14755,2,0
train,14756,2,1
train,14757,2,1
train,14758,2,1
train,14759,2,4
train,14760,2,1
train,14761,2,1
train,14762,2,1
train,14763,2,6
train,14764,2,2
train,14765,2,1
train,14766,2,2
train,14767,2,0
train,14768,2,1
train,14769,2,1
train,14770,2,0
train,14771,2,1
train,14772,2,7
train,14773,2,1
train,14774,2,1
train,14775,2,1
train,14776,2,4
train,14777,2,1
train,14778,2,0
train,14779,2,1
train,14780,2,4
train,14781,2,0
train,14782,2,1
train,14783,2,1
train,14784,2,4
train,14785,2,1
train,14786,2,0
train,14787,2,4
train,14788,2,4
train,14789,2,1
train,14790,2,5
train,14791,2,1
train,14792,2,1
train,14793,2,1
train,14794,2,0
train,14795,2,1
train,14796,2,1
train,14797,2,4
train,14798,2,1
train,14799,2,1
train,14800,2,0
train,14801,2,4
train,14802,2,1
train,14803,2,1
train,14804,2,1
train,14805,2,1
train,14806,2,1
train,14807,2,1
train,14808,2,1
train,14809,2,1
train,14810,2,4
train,14811,2,0
train,14812,2,1
train,14813,2,1
train,14814,2,1
train,14815,2,1
train,14816,2,0
train,14817,2,0
train,14818,2,4
train,14819,2,1
train,14820,2,1
train,14821,2,1
train,14822,2,1
train,14823,2,1
train,14824,2,1
train,14825,2,2
train,14826,2,1
train,14827,2,1
train,14828,2,0
train,14829,2,0
train,14830,2,1
train,14831,2,5
train,14832,2,1
train,14833,2,0
train,14834,2,4
train,14835,2,0
train,14836,2,1
train,14837,2,1
train,14838,2,1
train,14839,2,1
train,14840,2,1
train,14841,2,0
train,14842,2,1
train,14843,2,1
train,14844,2,4
train,14845,2,1
train,14846,2,6
train,14847,2,2
train,14848,2,6
train,14849,2,1
train,14850,2,1
train,14851,2,4
train,14852,2,1
train,14853,2,1
train,14854,2,1
train,14855,2,0
train,14856,2,1
train,14857,2,0
train,14858,2,1
train,14859,2,1
train,14860,2,1
train,14861,2,6
train,14862,2,1
train,14863,2,1
train,14864,2,2
train,14865,2,0
train,14866,2,1
train,14867,2,4
train,14868,2,2
train,14869,2,1
train,14870,2,1
train,14871,2,1
train,14872,2,1
train,14873,2,1
train,14874,2,1
train,14875,2,1
train,14876,2,6
train,14877,2,1
train,14878,2,4
train,14879,2,1
train,14880,2,1
train,14881,2,1
train,14882,2,4
train,14883,2,1
train,14884,2,1
train,14885,2,0
train,14886,2,0
train,14887,2,1
train,14888,2,1
train,14889,2,0
train,14890,2,2
train,14891,2,1
train,14892,2,0
train,14893,2,1
train,14894,2,2
train,14895,2,5
train,14896,2,0
train,14897,2,1
train,14898,2,1
train,14899,2,0
train,14900,2,1
train,14901,2,1
train,14902,2,1
train,14903,2,0
train,14904,2,0
train,14905,2,1
train,14906,2,0
train,14907,2,0
train,14908,2,1
train,14909,2,0
train,14910,2,4
train,14911,2,0
train,14912,2,6
train,14913,2,4
train,14914,2,1
train,14915,2,4
train,14916,2,1
train,14917,2,4
train,14918,2,1
train,14919,2,1
train,14920,2,1
train,14921,2,1
train,14922,2,1
train,14923,2,0
train,14924,2,1
train,14925,2,4
train,14926,2,4
train,14927,2,1
train,14928,2,4
train,14929,2,1
train,14930,2,1
train,14931,2,1
train,14932,2,1
train,14933,2,1
train,14934,2,1
train,14935,2,4
train,14936,2,1
train,14937,2,4
train,14938,2,2
train,14939,2,1
train,14940,2,1
train,14941,2,1
train,14942,2,1
train,14943,2,1
train,14944,2,1
train,14945,2,0
train,14946,2,1
train,14947,2,0
train,14948,2,1
train,14949,2,0
train,14950,2,1
train,14951,2,0
train,14952,2,1
train,14953,2,4
train,14954,2,0
train,14955,2,2
train,14956,2,0
train,14957,2,1
train,14958,2,0
train,14959,2,4
train,14960,2,2
train,14961,2,1
train,14962,2,0
train,14963,2,1
train,14964,2,1
train,14965,2,1
train,14966,2,4
train,14967,2,0
train,14968,2,1
train,14969,2,0
train,14970,2,4
train,14971,2,1
train,14972,2,1
train,14973,2,6
train,14974,2,1
train,14975,2,0
train,14976,2,0
train,14977,2,4
train,14978,2,1
train,14979,2,1
train,14980,2,0
train,14981,2,4
train,14982,2,4
train,14983,2,1
train,14984,2,1
train,14985,2,0
train,14986,2,1
train,14987,2,2
train,14988,2,5
train,14989,2,1
train,14990,2,4
train,14991,2,0
train,14992,2,0
train,14993,2,5
train,14994,2,1
train,14995,2,1
train,14996,2,1
train,14997,2,4
train,14998,2,1
train,14999,2,4
train,15000,2,6
train,15001,2,1
train,15002,2,0
train,15003,2,1
train,15004,2,1
train,15005,2,0
train,15006,2,2
train,15007,2,4
train,15008,2,5
train,15009,2,4
train,15010,2,1
train,15011,2,1
train,15012,2,1
train,15013,2,1
train,15014,2,1
train,15015,2,3
train,15016,2,1
train,15017,2,4
train,15018,2,2
train,15019,2,1
train,15020,2,1
train,15021,2,1
train,15022,2,1
train,15023,2,2
train,15024,2,0
train,15025,2,2
train,15026,2,4
train,15027,2,0
train,15028,2,0
train,15029,2,1
train,15030,2,0
train,15031,2,4
train,15032,2,4
train,15033,2,1
train,15034,2,1
train,15035,2,2
train,15036,2,1
train,15037,2,0
train,15038,2,2
train,15039,2,4
train,15040,2,1
train,15041,2,0
train,15042,2,0
train,15043,2,4
train,15044,2,1
train,15045,2,3
train,15046,2,1
train,15047,2,0
train,15048,2,0
train,15049,2,1
train,15050,2,0
train,15051,2,1
train,15052,2,1
train,15053,2,1
train,15054,2,0
train,15055,2,1
train,15056,2,1
train,15057,2,4
train,15058,2,2
train,15059,2,2
train,15060,2,0
train,15061,2,1
train,15062,2,1
train,15063,2,1
train,15064,2,1
train,15065,2,1
train,15066,2,4
train,15067,2,1
train,15068,2,4
train,15069,2,1
train,15070,2,1
train,15071,2,1
train,15072,2,1
train,15073,2,1
train,15074,2,0
train,15075,2,1
train,15076,2,4
train,15077,2,1
train,15078,2,1
train,15079,2,1
train,15080,2,1
train,15081,2,7
train,15082,2,0
train,15083,2,4
train,15084,2,4
train,15085,2,1
train,15086,2,3
train,15087,2,1
train,15088,2,1
train,15089,2,1
train,15090,2,1
train,15091,2,1
train,15092,2,1
train,15093,2,1
train,15094,2,0
train,15095,2,4
train,15096,2,1
train,15097,2,1
train,15098,2,0
train,15099,2,0
train,15100,2,1
train,15101,2,1
train,15102,2,1
train,15103,2,4
train,15104,2,1
train,15105,2,4
train,15106,2,1
train,15107,2,1
train,15108,2,1
train,15109,2,1
train,15110,2,1
train,15111,2,0
train,15112,2,0
train,15113,2,1
train,15114,2,1
train,15115,2,4
train,15116,2,1
train,15117,2,0
train,15118,2,4
train,15119,2,0
train,15120,2,1
train,15121,2,1
train,15122,2,2
train,15123,2,1
train,15124,2,1
train,15125,2,1
train,15126,2,4
train,15127,2,5
train,15128,2,1
train,15129,2,1
train,15130,2,1
train,15131,2,1
train,15132,2,6
train,15133,2,6
train,15134,2,0
train,15135,2,2
train,15136,2,1
train,15137,2,2
train,15138,2,1
train,15139,2,1
train,15140,2,1
train,15141,2,6
train,15142,2,1
train,15143,2,1
train,15144,2,4
train,15145,2,1
train,15146,2,3
train,15147,2,0
train,15148,2,4
train,15149,2,1
train,15150,2,6
train,15151,2,1
train,15152,2,4
train,15153,2,2
train,15154,2,1
train,15155,2,0
train,15156,2,1
train,15157,2,1
train,15158,2,1
train,15159,2,4
train,15160,2,1
train,15161,2,7
train,15162,2,2
train,15163,2,2
train,15164,2,0
train,15165,2,1
train,15166,2,0
train,15167,2,1
train,15168,2,0
train,15169,2,1
train,15170,2,0
train,15171,2,0
train,15172,2,1
train,15173,2,1
train,15174,2,0
train,15175,2,4
train,15176,2,0
train,15177,2,1
train,15178,2,0
train,15179,2,0
train,15180,2,1
train,15181,2,1
train,15182,2,1
train,15183,2,1
train,15184,2,4
train,15185,2,0
train,15186,2,1
train,15187,2,4
train,15188,2,1
train,15189,2,1
train,15190,2,1
train,15191,2,1
train,15192,2,1
train,15193,2,1
train,15194,2,1
train,15195,2,1
train,15196,2,1
train,15197,2,1
train,15198,2,1
train,15199,2,1
train,15200,2,1
train,15201,2,1
train,15202,2,5
train,15203,2,1
train,15204,2,1
train,15205,2,1
train,15206,2,0
train,15207,2,0
train,15208,2,0
train,15209,2,1
train,15210,2,1
train,15211,2,4
train,15212,2,1
train,15213,2,4
train,15214,2,1
train,15215,2,1
train,15216,2,1
train,15217,2,1
train,15218,2,4
train,15219,2,1
train,15220,2,1
train,15221,2,1
train,15222,2,1
train,15223,2,0
train,15224,2,4
train,15225,2,2
train,15226,2,1
train,15227,2,1
train,15228,2,4
train,15229,2,1
train,15230,2,1
train,15231,2,1
train,15232,2,0
train,15233,2,2
train,15234,2,1
train,15235,2,0
train,15236,2,4
train,15237,2,4
train,15238,2,4
train,15239,2,1
train,15240,2,4
train,15241,2,0
train,15242,2,0
train,15243,2,1
train,15244,2,4
train,15245,2,1
train,15246,2,1
train,15247,2,6
train,15248,2,1
train,15249,2,1
train,15250,2,1
train,15251,2,0
train,15252,2,0
train,15253,2,4
train,15254,2,1
train,15255,2,0
train,15256,2,2
train,15257,2,4
train,15258,2,1
train,15259,2,5
train,15260,2,6
train,15261,2,1
train,15262,2,1
train,15263,2,1
train,15264,2,1
train,15265,2,1
train,15266,2,1
train,15267,2,1
train,15268,2,0
train,15269,2,1
train,15270,2,1
train,15271,2,1
train,15272,2,0
train,15273,2,1
train,15274,2,0
train,15275,2,4
train,15276,2,1
train,15277,2,1
train,15278,2,4
train,15279,2,4
train,15280,2,1
train,15281,2,4
train,15282,2,1
train,15283,2,1
train,15284,2,1
train,15285,2,4
train,15286,2,1
train,15287,2,1
train,15288,2,2
train,15289,2,0
train,15290,2,1
train,15291,2,1
train,15292,2,1
train,15293,2,1
train,15294,2,0
train,15295,2,1
train,15296,2,4
train,15297,2,4
train,15298,2,4
train,15299,2,0
train,15300,2,1
train,15301,2,1
train,15302,2,1
train,15303,2,4
train,15304,2,1
train,15305,2,1
train,15306,2,2
train,15307,2,1
train,15308,2,1
train,15309,2,1
train,15310,2,2
train,15311,2,1
train,15312,2,1
train,15313,2,6
train,15314,2,1
train,15315,2,1
train,15316,2,1
train,15317,2,1
train,15318,2,1
train,15319,2,0
train,15320,2,0
train,15321,2,0
train,15322,2,2
train,15323,2,1
train,15324,2,2
train,15325,2,1
train,15326,2,4
train,15327,2,5
train,15328,2,4
train,15329,2,1
train,15330,2,1
train,15331,2,1
train,15332,2,1
train,15333,2,0
train,15334,2,1
train,15335,2,1
train,15336,2,2
train,15337,2,4
train,15338,2,1
train,15339,2,0
train,15340,2,1
train,15341,2,0
train,15342,2,1
train,15343,2,1
train,15344,2,0
train,15345,2,0
train,15346,2,1
train,15347,2,1
train,15348,2,1
train,15349,2,1
train,15350,2,1
train,15351,2,4
train,15352,2,2
train,15353,2,1
train,15354,2,1
train,15355,2,1
train,15356,2,1
train,15357,2,1
train,15358,2,1
train,15359,2,1
train,15360,2,2
train,15361,2,0
train,15362,2,4
train,15363,2,4
train,15364,2,0
train,15365,2,1
train,15366,2,1
train,15367,2,0
train,15368,2,0
train,15369,2,6
train,15370,2,6
train,15371,2,2
train,15372,2,6
train,15373,2,5
train,15374,2,1
train,15375,2,0
train,15376,2,4
train,15377,2,1
train,15378,2,0
train,15379,2,1
train,15380,2,6
train,15381,2,4
train,15382,2,1
train,15383,2,6
train,15384,2,1
train,15385,2,4
train,15386,2,1
train,15387,2,0
train,15388,2,6
train,15389,2,1
train,15390,2,4
train,15391,2,0
train,15392,2,0
train,15393,2,4
train,15394,2,0
train,15395,2,1
train,15396,2,0
train,15397,2,1
train,15398,2,7
train,15399,2,0
train,15400,2,0
train,15401,2,1
train,15402,2,1
train,15403,2,1
train,15404,2,0
train,15405,2,1
train,15406,2,1
train,15407,2,4
train,15408,2,0
train,15409,2,1
train,15410,2,1
train,15411,2,1
train,15412,2,1
train,15413,2,0
train,15414,2,1
train,15415,2,0
train,15416,2,1
train,15417,2,0
train,15418,2,1
train,15419,2,1
train,15420,2,1
train,15421,2,1
train,15422,2,0
train,15423,2,1
train,15424,2,0
train,15425,2,0
train,15426,2,4
train,15427,2,1
train,15428,2,4
train,15429,2,1
train,15430,2,4
train,15431,2,1
train,15432,2,1
train,15433,2,1
train,15434,2,5
train,15435,2,1
train,15436,2,0
train,15437,2,1
train,15438,2,4
train,15439,2,1
train,15440,2,1
train,15441,2,1
train,15442,2,1
train,15443,2,1
train,15444,2,1
train,15445,2,1
train,15446,2,1
train,15447,2,4
train,15448,2,1
train,15449,2,4
train,15450,2,0
train,15451,2,1
train,15452,2,2
train,15453,2,1
train,15454,2,1
train,15455,2,1
train,15456,2,1
train,15457,2,0
train,15458,2,2
train,15459,2,0
train,15460,2,1
train,15461,2,1
train,15462,2,4
train,15463,2,4
train,15464,2,1
train,15465,2,1
train,15466,2,0
train,15467,2,2
train,15468,2,2
train,15469,2,1
train,15470,2,1
train,15471,2,2
train,15472,2,1
train,15473,2,0
train,15474,2,2
train,15475,2,1
train,15476,2,4
train,15477,2,1
train,15478,2,0
train,15479,2,1
train,15480,2,1
train,15481,2,4
train,15482,2,1
train,15483,2,1
train,15484,2,1
train,15485,2,1
train,15486,2,3
train,15487,2,1
train,15488,2,0
train,15489,2,3
train,15490,2,1
train,15491,2,1
train,15492,2,1
train,15493,2,1
train,15494,2,1
train,15495,2,1
train,15496,2,1
train,15497,2,1
train,15498,2,0
train,15499,2,1
train,15500,2,2
train,15501,2,0
train,15502,2,1
train,15503,2,1
train,15504,2,1
train,15505,2,1
train,15506,2,1
train,15507,2,0
train,15508,2,1
train,15509,2,1
train,15510,2,0
train,15511,2,1
train,15512,2,2
train,15513,2,1
train,15514,2,1
train,15515,2,4
train,15516,2,1
train,15517,2,1
train,15518,2,4
train,15519,2,0
train,15520,2,1
train,15521,2,1
train,15522,2,2
train,15523,2,1
train,15524,2,1
train,15525,2,0
train,15526,2,1
train,15527,2,0
train,15528,2,1
train,15529,2,1
train,15530,2,4
train,15531,2,1
train,15532,2,2
train,15533,2,3
train,15534,2,1
train,15535,2,1
train,15536,2,1
train,15537,2,4
train,15538,2,4
train,15539,2,1
train,15540,2,2
train,15541,2,1
train,15542,2,1
train,15543,2,0
train,15544,2,1
train,15545,2,4
train,15546,2,1
train,15547,2,1
train,15548,2,1
train,15549,2,0
train,15550,2,1
train,15551,2,1
train,15552,2,1
train,15553,2,1
train,15554,2,0
train,15555,2,1
train,15556,2,0
train,15557,2,0
train,15558,2,0
train,15559,2,1
train,15560,2,1
train,15561,2,4
train,15562,2,0
train,15563,2,1
train,15564,2,1
train,15565,2,1
train,15566,2,1
train,15567,2,2
train,15568,2,1
train,15569,2,1
train,15570,2,1
train,15571,2,1
train,15572,2,1
train,15573,2,1
train,15574,2,1
train,15575,2,4
train,15576,2,1
train,15577,2,4
train,15578,2,1
train,15579,2,0
train,15580,2,4
train,15581,2,1
train,15582,2,0
train,15583,2,1
train,15584,2,0
train,15585,2,1
train,15586,2,1
train,15587,2,1
train,15588,2,1
train,15589,2,1
train,15590,2,1
train,15591,2,0
train,15592,2,1
train,15593,2,1
train,15594,2,0
train,15595,2,5
train,15596,2,1
train,15597,2,0
train,15598,2,1
train,15599,2,4
train,15600,2,1
train,15601,2,4
train,15602,2,1
train,15603,2,1
train,15604,2,1
train,15605,2,1
train,15606,2,1
train,15607,2,1
train,15608,2,0
train,15609,2,2
train,15610,2,6
train,15611,2,4
train,15612,2,1
train,15613,2,4
train,15614,2,0
train,15615,2,1
train,15616,2,4
train,15617,2,1
train,15618,2,4
train,15619,2,1
train,15620,2,1
train,15621,2,1
train,15622,2,2
train,15623,2,0
train,15624,2,4
train,15625,2,1
train,15626,2,1
train,15627,2,0
train,15628,2,1
train,15629,2,1
train,15630,2,6
train,15631,2,1
train,15632,2,4
train,15633,2,0
train,15634,2,5
train,15635,2,1
train,15636,2,1
train,15637,2,2
train,15638,2,0
train,15639,2,1
train,15640,2,3
train,15641,2,1
train,15642,2,1
train,15643,2,0
train,15644,2,1
train,15645,2,1
train,15646,2,4
train,15647,2,2
train,15648,2,0
train,15649,2,4
train,15650,2,2
train,15651,2,2
train,15652,2,1
train,15653,2,4
train,15654,2,5
train,15655,2,1
train,15656,2,4
train,15657,2,0
train,15658,2,1
train,15659,2,1
train,15660,2,1
train,15661,2,1
train,15662,2,4
train,15663,2,1
train,15664,2,6
train,15665,2,0
train,15666,2,1
train,15667,2,1
train,15668,2,1
train,15669,2,1
train,15670,2,2
train,15671,2,1
train,15672,2,1
train,15673,2,1
train,15674,2,1
train,15675,2,1
train,15676,2,0
train,15677,2,2
train,15678,2,0
train,15679,2,4
train,15680,2,1
train,15681,2,6
train,15682,2,1
train,15683,2,1
train,15684,2,2
train,15685,2,1
train,15686,2,1
train,15687,2,0
train,15688,2,1
train,15689,2,1
train,15690,2,0
train,15691,2,0
train,15692,2,1
train,15693,2,1
train,15694,2,1
train,15695,2,1
train,15696,2,4
train,15697,2,1
train,15698,2,0
train,15699,2,1
train,15700,2,0
train,15701,2,0
train,15702,2,2
train,15703,2,1
train,15704,2,0
train,15705,2,1
train,15706,2,1
train,15707,2,1
train,15708,2,4
train,15709,2,0
train,15710,2,4
train,15711,2,2
train,15712,2,1
train,15713,2,1
train,15714,2,4
train,15715,2,1
train,15716,2,0
train,15717,2,2
train,15718,2,4
train,15719,2,0
train,15720,2,0
train,15721,2,1
train,15722,2,1
train,15723,2,1
train,15724,2,1
train,15725,2,1
train,15726,2,0
train,15727,2,1
train,15728,2,1
train,15729,2,2
train,15730,2,1
train,15731,2,0
train,15732,2,1
train,15733,2,1
train,15734,2,1
train,15735,2,0
train,15736,2,0
train,15737,2,0
train,15738,2,1
train,15739,2,1
train,15740,2,2
train,15741,2,0
train,15742,2,1
train,15743,2,1
train,15744,2,1
train,15745,2,5
train,15746,2,1
train,15747,2,1
train,15748,2,1
train,15749,2,1
train,15750,2,4
train,15751,2,0
train,15752,2,0
train,15753,2,1
train,15754,2,2
train,15755,2,0
train,15756,2,0
train,15757,2,1
train,15758,2,1
train,15759,2,4
train,15760,2,1
train,15761,2,1
train,15762,2,4
train,15763,2,1
train,15764,2,0
train,15765,2,1
train,15766,2,1
train,15767,2,1
train,15768,2,0
train,15769,2,1
train,15770,2,1
train,15771,2,0
train,15772,2,0
train,15773,2,2
train,15774,2,6
train,15775,2,1
train,15776,2,1
train,15777,2,1
train,15778,2,1
train,15779,2,1
train,15780,2,0
train,15781,2,1
train,15782,2,1
train,15783,2,4
train,15784,3,1
train,15785,3,1
train,15786,3,4
train,15787,3,0
train,15788,3,2
train,15789,3,0
train,15790,3,1
train,15791,3,0
train,15792,3,7
train,15793,3,1
train,15794,3,1
train,15795,3,7
train,15796,3,0
train,15797,3,4
train,15798,3,7
train,15799,3,4
train,15800,3,0
train,15801,3,1
train,15802,3,0
train,15803,3,2
train,15804,3,2
train,15805,3,1
train,15806,3,2
train,15807,3,0
train,15808,3,0
train,15809,3,2
train,15810,3,0
train,15811,3,1
train,15812,3,1
train,15813,3,7
train,15814,3,0
train,15815,3,2
train,15816,3,2
train,15817,3,0
train,15818,3,3
train,15819,3,4
train,15820,3,7
train,15821,3,1
train,15822,3,4
train,15823,3,1
train,15824,3,1
train,15825,3,1
train,15826,3,4
train,15827,3,1
train,15828,3,4
train,15829,3,1
train,15830,3,4
train,15831,3,2
train,15832,3,7
train,15833,3,1
train,15834,3,2
train,15835,3,4
train,15836,3,3
train,15837,3,4
train,15838,3,3
train,15839,3,2
train,15840,3,2
train,15841,3,1
train,15842,3,1
train,15843,3,1
train,15844,3,1
train,15845,3,1
train,15846,3,4
train,15847,3,1
train,15848,3,4
train,15849,3,4
train,15850,3,2
train,15851,3,1
train,15852,3,4
train,15853,3,7
train,15854,3,0
train,15855,3,1
train,15856,3,1
train,15857,3,1
train,15858,3,4
train,15859,3,2
train,15860,3,4
train,15861,3,7
train,15862,3,1
train,15863,3,1
train,15864,3,4
train,15865,3,4
train,15866,3,7
train,15867,3,4
train,15868,3,4
train,15869,3,7
train,15870,3,4
train,15871,3,1
train,15872,3,4
train,15873,3,7
train,15874,3,7
train,15875,3,0
train,15876,3,4
train,15877,3,1
train,15878,3,1
train,15879,3,0
train,15880,3,1
train,15881,3,4
train,15882,3,0
train,15883,3,4
train,15884,3,4
train,15885,3,1
train,15886,3,1
train,15887,3,4
train,15888,3,4
train,15889,3,7
train,15890,3,1
train,15891,3,1
train,15892,3,4
train,15893,3,2
train,15894,3,0
train,15895,3,1
train,15896,3,3
train,15897,3,0
train,15898,3,1
train,15899,3,7
train,15900,3,0
train,15901,3,4
train,15902,3,1
train,15903,3,0
train,15904,3,4
train,15905,3,7
train,15906,3,4
train,15907,3,1
train,15908,3,1
train,15909,3,4
train,15910,3,2
train,15911,3,0
train,15912,3,4
train,15913,3,0
train,15914,3,1
train,15915,3,4
train,15916,3,1
train,15917,3,4
train,15918,3,4
train,15919,3,1
train,15920,3,0
train,15921,3,1
train,15922,3,0
train,15923,3,2
train,15924,3,4
train,15925,3,1
train,15926,3,1
train,15927,3,3
train,15928,3,0
train,15929,3,7
train,15930,3,1
train,15931,3,4
train,15932,3,3
train,15933,3,7
train,15934,3,0
train,15935,3,2
train,15936,3,0
train,15937,3,4
train,15938,3,0
train,15939,3,1
train,15940,3,0
train,15941,3,4
train,15942,3,0
train,15943,3,1
train,15944,3,4
train,15945,3,0
train,15946,3,2
train,15947,3,4
train,15948,3,1
train,15949,3,1
train,15950,3,7
train,15951,3,4
train,15952,3,0
train,15953,3,0
train,15954,3,1
train,15955,3,4
train,15956,3,2
train,15957,3,1
train,15958,3,1
train,15959,3,1
train,15960,3,4
train,15961,3,5
train,15962,3,4
train,15963,3,0
train,15964,3,0
train,15965,3,4
train,15966,3,1
train,15967,3,3
train,15968,3,4
train,15969,3,3
train,15970,3,1
train,15971,3,7
train,15972,3,1
train,15973,3,7
train,15974,3,1
train,15975,3,1
train,15976,3,0
train,15977,3,0
train,15978,3,1
train,15979,3,0
train,15980,3,3
train,15981,3,1
train,15982,3,7
train,15983,3,7
train,15984,3,1
train,15985,3,1
train,15986,3,2
train,15987,3,4
train,15988,3,1
train,15989,3,1
train,15990,3,4
train,15991,3,7
train,15992,3,7
train,15993,3,2
train,15994,3,1
train,15995,3,4
train,15996,3,0
train,15997,3,1
train,15998,3,1
train,15999,3,4
train,16000,3,7
train,16001,3,0
train,16002,3,1
train,16003,3,4
train,16004,3,2
train,16005,3,1
train,16006,3,1
train,16007,3,1
train,16008,3,1
train,16009,3,1
train,16010,3,1
train,16011,3,7
train,16012,3,2
train,16013,3,1
train,16014,3,1
train,16015,3,4
train,16016,3,1
train,16017,3,1
train,16018,3,3
train,16019,3,1
train,16020,3,0
train,16021,3,4
train,16022,3,0
train,16023,3,1
train,16024,3,0
train,16025,3,0
train,16026,3,0
train,16027,3,1
train,16028,3,4
train,16029,3,1
train,16030,3,1
train,16031,3,4
train,16032,3,1
train,16033,3,4
train,16034,3,0
train,16035,3,2
train,16036,3,2
train,16037,3,2
train,16038,3,4
train,16039,3,7
train,16040,3,1
train,16041,3,7
train,16042,3,3
train,16043,3,3
train,16044,3,4
train,16045,3,3
train,16046,3,1
train,16047,3,1
train,16048,3,1
train,16049,3,5
train,16050,3,1
train,16051,3,0
train,16052,3,2
train,16053,3,0
train,16054,3,2
train,16055,3,4
train,16056,3,7
train,16057,3,1
train,16058,3,4
train,16059,3,1
train,16060,3,4
train,16061,3,2
train,16062,3,4
train,16063,3,2
train,16064,3,4
train,16065,3,7
train,16066,3,4
train,16067,3,0
train,16068,3,1
train,16069,3,4
train,16070,3,1
train,16071,3,0
train,16072,3,1
train,16073,3,1
train,16074,3,2
train,16075,3,0
train,16076,3,2
train,16077,3,1
train,16078,3,0
train,16079,3,1
train,16080,3,1
train,16081,3,1
train,16082,3,4
train,16083,3,4
train,16084,3,1
train,16085,3,4
train,16086,3,1
train,16087,3,4
train,16088,3,1
train,16089,3,7
train,16090,3,5
train,16091,3,1
train,16092,3,3
train,16093,3,4
train,16094,3,2
train,16095,3,1
train,16096,3,1
train,16097,3,1
train,16098,3,1
train,16099,3,2
train,16100,3,3
train,16101,3,7
train,16102,3,0
train,16103,3,4
train,16104,3,1
train,16105,3,2
train,16106,3,4
train,16107,3,4
train,16108,3,4
train,16109,3,2
train,16110,3,4
train,16111,3,3
train,16112,3,1
train,16113,3,7
train,16114,3,0
train,16115,3,0
train,16116,3,0
train,16117,3,2
train,16118,3,1
train,16119,3,4
train,16120,3,2
train,16121,3,1
train,16122,3,4
train,16123,3,1
train,16124,3,1
train,16125,3,2
train,16126,3,1
train,16127,3,4
train,16128,3,0
train,16129,3,1
train,16130,3,0
train,16131,3,4
train,16132,3,1
train,16133,3,0
train,16134,3,0
train,16135,3,3
train,16136,3,1
train,16137,3,0
train,16138,3,1
train,16139,3,1
train,16140,3,2
train,16141,3,1
train,16142,3,1
train,16143,3,1
train,16144,3,6
train,16145,3,0
train,16146,3,2
train,16147,3,7
train,16148,3,0
train,16149,3,4
train,16150,3,1
train,16151,3,2
train,16152,3,4
train,16153,3,0
train,16154,3,3
train,16155,3,1
train,16156,3,0
train,16157,3,2
train,16158,3,2
train,16159,3,0
train,16160,3,4
train,16161,3,2
train,16162,3,1
train,16163,3,4
train,16164,3,4
train,16165,3,1
train,16166,3,2
train,16167,3,2
train,16168,3,1
train,16169,3,3
train,16170,3,3
train,16171,3,2
train,16172,3,4
train,16173,3,2
train,16174,3,1
train,16175,3,1
train,16176,3,1
train,16177,3,4
train,16178,3,1
train,16179,3,4
train,16180,3,4
train,16181,3,1
train,16182,3,7
train,16183,3,4
train,16184,3,1
train,16185,3,4
train,16186,3,0
train,16187,3,4
train,16188,3,1
train,16189,3,4
train,16190,3,7
train,16191,3,0
train,16192,3,4
train,16193,3,1
train,16194,3,3
train,16195,3,4
train,16196,3,1
train,16197,3,0
train,16198,3,2
train,16199,3,7
train,16200,3,1
train,16201,3,3
train,16202,3,1
train,16203,3,0
train,16204,3,1
train,16205,3,4
train,16206,3,1
train,16207,3,1
train,16208,3,0
train,16209,3,4
train,16210,3,1
train,16211,3,0
train,16212,3,1
train,16213,3,4
train,16214,3,0
train,16215,3,2
train,16216,3,4
train,16217,3,1
train,16218,3,5
train,16219,3,1
train,16220,3,1
train,16221,3,3
train,16222,3,2
train,16223,3,1
train,16224,3,2
train,16225,3,1
train,16226,3,2
train,16227,3,0
train,16228,3,1
train,16229,3,2
train,16230,3,1
train,16231,3,2
train,16232,3,5
train,16233,3,3
train,16234,3,3
train,16235,3,2
train,16236,3,1
train,16237,3,1
train,16238,3,5
train,16239,3,4
train,16240,3,2
train,16241,3,4
train,16242,3,4
train,16243,3,0
train,16244,3,2
train,16245,3,0
train,16246,3,3
train,16247,3,4
train,16248,3,1
train,16249,3,1
train,16250,3,1
train,16251,3,4
train,16252,3,0
train,16253,3,1
train,16254,3,4
train,16255,3,3
train,16256,3,1
train,16257,3,0
train,16258,3,1
train,16259,3,7
train,16260,3,4
train,16261,3,1
train,16262,3,1
train,16263,3,1
train,16264,3,2
train,16265,3,1
train,16266,3,0
train,16267,3,2
train,16268,3,0
train,16269,3,7
train,16270,3,1
train,16271,3,1
train,16272,3,4
train,16273,3,4
train,16274,3,4
train,16275,3,2
train,16276,3,3
train,16277,3,4
train,16278,3,0
train,16279,3,0
train,16280,3,2
train,16281,3,4
train,16282,3,1
train,16283,3,2
train,16284,3,4
train,16285,3,1
train,16286,3,1
train,16287,3,4
train,16288,3,4
train,16289,3,3
train,16290,3,7
train,16291,3,4
train,16292,3,0
train,16293,3,2
train,16294,3,0
train,16295,3,7
train,16296,3,7
train,16297,3,1
train,16298,3,1
train,16299,3,7
train,16300,3,1
train,16301,3,1
train,16302,3,4
train,16303,3,1
train,16304,3,1
train,16305,3,1
train,16306,3,4
train,16307,3,3
train,16308,3,0
train,16309,3,7
train,16310,3,1
train,16311,3,1
train,16312,3,0
train,16313,3,1
train,16314,3,0
train,16315,3,7
train,16316,3,3
train,16317,3,1
train,16318,3,3
train,16319,3,1
train,16320,3,7
train,16321,3,7
train,16322,3,4
train,16323,3,1
train,16324,3,1
train,16325,3,0
train,16326,3,1
train,16327,3,2
train,16328,3,0
train,16329,3,4
train,16330,3,1
train,16331,3,0
train,16332,3,4
train,16333,3,4
train,16334,3,3
train,16335,3,2
train,16336,3,3
train,16337,3,4
train,16338,3,4
train,16339,3,1
train,16340,3,0
train,16341,3,1
train,16342,3,1
train,16343,3,1
train,16344,3,7
train,16345,3,4
train,16346,3,3
train,16347,3,1
train,16348,3,3
train,16349,3,0
train,16350,3,0
train,16351,3,4
train,16352,3,1
train,16353,3,1
train,16354,3,1
train,16355,3,1
train,16356,3,1
train,16357,3,1
train,16358,3,0
train,16359,3,1
train,16360,3,1
train,16361,3,1
train,16362,3,1
train,16363,3,2
train,16364,3,0
train,16365,3,1
train,16366,3,2
train,16367,3,1
train,16368,3,2
train,16369,3,4
train,16370,3,4
train,16371,3,2
train,16372,3,3
train,16373,3,2
train,16374,3,7
train,16375,3,5
train,16376,3,4
train,16377,3,1
train,16378,3,1
train,16379,3,4
train,16380,3,4
train,16381,3,2
train,16382,3,1
train,16383,3,1
train,16384,3,1
train,16385,3,1
train,16386,3,3
train,16387,3,4
train,16388,3,2
train,16389,3,0
train,16390,3,4
train,16391,3,4
train,16392,3,0
train,16393,3,1
train,16394,3,4
train,16395,3,2
train,16396,3,0
train,16397,3,1
train,16398,3,4
train,16399,3,4
train,16400,3,0
train,16401,3,4
train,16402,3,7
train,16403,3,2
train,16404,3,1
train,16405,3,4
train,16406,3,1
train,16407,3,4
train,16408,3,4
train,16409,3,0
train,16410,3,0
train,16411,3,1
train,16412,3,1
train,16413,3,4
train,16414,3,7
train,16415,3,0
train,16416,3,2
train,16417,3,0
train,16418,3,4
train,16419,3,0
train,16420,3,4
train,16421,3,0
train,16422,3,4
train,16423,3,2
train,16424,3,1
train,16425,3,2
train,16426,3,1
train,16427,3,1
train,16428,3,1
train,16429,3,4
train,16430,3,4
train,16431,3,1
train,16432,3,1
train,16433,3,3
train,16434,3,1
train,16435,3,0
train,16436,3,0
train,16437,3,1
train,16438,3,1
train,16439,3,1
train,16440,3,3
train,16441,3,1
train,16442,3,0
train,16443,3,2
train,16444,3,4
train,16445,3,1
train,16446,3,0
train,16447,3,1
train,16448,3,4
train,16449,3,1
train,16450,3,1
train,16451,3,1
train,16452,3,1
train,16453,3,4
train,16454,3,2
train,16455,3,4
train,16456,3,4
train,16457,3,1
train,16458,3,1
train,16459,3,0
train,16460,3,4
train,16461,3,7
train,16462,3,4
train,16463,3,1
train,16464,3,0
train,16465,3,1
train,16466,3,5
train,16467,3,4
train,16468,3,1
train,16469,3,0
train,16470,3,2
train,16471,3,1
train,16472,3,4
train,16473,3,7
train,16474,3,4
train,16475,3,1
train,16476,3,4
train,16477,3,1
train,16478,3,1
train,16479,3,0
train,16480,3,1
train,16481,3,4
train,16482,3,1
train,16483,3,4
train,16484,3,7
train,16485,3,1
train,16486,3,2
train,16487,3,1
train,16488,3,0
train,16489,3,1
train,16490,3,0
train,16491,3,1
train,16492,3,2
train,16493,3,0
train,16494,3,4
train,16495,3,1
train,16496,3,4
train,16497,3,0
train,16498,3,0
train,16499,3,1
train,16500,3,0
train,16501,3,4
train,16502,3,0
train,16503,3,0
train,16504,3,1
train,16505,3,1
train,16506,3,4
train,16507,3,2
train,16508,3,4
train,16509,3,4
train,16510,3,1
train,16511,3,3
train,16512,3,0
train,16513,3,4
train,16514,3,1
train,16515,3,4
train,16516,3,0
train,16517,3,1
train,16518,3,1
train,16519,3,0
train,16520,3,4
train,16521,3,1
train,16522,3,1
train,16523,3,4
train,16524,3,0
train,16525,3,0
train,16526,3,4
train,16527,3,4
train,16528,3,1
train,16529,3,1
train,16530,3,3
train,16531,3,1
train,16532,3,3
train,16533,3,1
train,16534,3,4
train,16535,3,4
train,16536,3,1
train,16537,3,0
train,16538,3,4
train,16539,3,4
train,16540,3,1
train,16541,3,7
train,16542,3,1
train,16543,3,1
train,16544,3,4
train,16545,3,1
train,16546,3,1
train,16547,3,1
train,16548,3,1
train,16549,3,2
train,16550,3,1
train,16551,3,2
train,16552,3,0
train,16553,3,4
train,16554,3,0
train,16555,3,0
train,16556,3,0
train,16557,3,7
train,16558,3,4
train,16559,3,7
train,16560,3,7
train,16561,3,0
train,16562,3,4
train,16563,3,0
train,16564,3,4
train,16565,3,4
train,16566,3,2
train,16567,3,1
train,16568,3,7
train,16569,3,1
train,16570,3,4
train,16571,3,0
train,16572,3,2
train,16573,3,0
train,16574,3,2
train,16575,3,1
train,16576,3,1
train,16577,3,1
train,16578,3,2
train,16579,3,4
train,16580,3,1
train,16581,3,4
train,16582,3,7
train,16583,3,2
train,16584,3,1
train,16585,3,4
train,16586,3,0
train,16587,3,4
train,16588,3,0
train,16589,3,1
train,16590,3,1
train,16591,3,0
train,16592,3,2
train,16593,3,1
train,16594,3,1
train,16595,3,2
train,16596,3,1
train,16597,3,1
train,16598,3,1
train,16599,3,1
train,16600,3,0
train,16601,3,1
train,16602,3,4
train,16603,3,7
train,16604,3,3
train,16605,3,4
train,16606,3,1
train,16607,3,7
train,16608,3,1
train,16609,3,1
train,16610,3,4
train,16611,3,4
train,16612,3,0
train,16613,3,1
train,16614,3,1
train,16615,3,4
train,16616,3,1
train,16617,3,1
train,16618,3,1
train,16619,3,2
train,16620,3,0
train,16621,3,4
train,16622,3,4
train,16623,3,1
train,16624,3,1
train,16625,3,1
train,16626,3,1
train,16627,3,0
train,16628,3,1
train,16629,3,4
train,16630,3,1
train,16631,3,1
train,16632,3,0
train,16633,3,7
train,16634,3,1
train,16635,3,3
train,16636,3,1
train,16637,3,1
train,16638,3,1
train,16639,3,4
train,16640,3,1
train,16641,3,2
train,16642,3,4
train,16643,3,4
train,16644,3,7
train,16645,3,4
train,16646,3,4
train,16647,3,1
train,16648,3,1
train,16649,3,1
train,16650,3,4
train,16651,3,1
train,16652,3,0
train,16653,3,1
train,16654,3,0
train,16655,3,4
train,16656,3,0
train,16657,3,4
train,16658,3,4
train,16659,3,2
train,16660,3,0
train,16661,3,4
train,16662,3,7
train,16663,3,4
train,16664,3,4
train,16665,3,1
train,16666,3,0
train,16667,3,0
train,16668,3,4
train,16669,3,1
train,16670,3,0
train,16671,3,1
train,16672,3,7
train,16673,3,4
train,16674,3,2
train,16675,3,1
train,16676,3,0
train,16677,3,7
train,16678,3,7
train,16679,3,4
train,16680,3,0
train,16681,3,1
train,16682,3,5
train,16683,3,4
train,16684,3,1
train,16685,3,1
train,16686,3,1
train,16687,3,1
train,16688,3,0
train,16689,3,1
train,16690,3,2
train,16691,3,4
train,16692,3,2
train,16693,3,1
train,16694,3,1
train,16695,3,4
train,16696,3,2
train,16697,3,0
train,16698,3,3
train,16699,3,1
train,16700,3,2
train,16701,3,1
train,16702,3,0
train,16703,3,1
train,16704,3,1
train,16705,3,0
train,16706,3,0
train,16707,3,1
train,16708,3,1
train,16709,3,2
train,16710,3,4
train,16711,3,1
train,16712,3,2
train,16713,3,1
train,16714,3,1
train,16715,3,1
train,16716,3,4
train,16717,3,4
train,16718,3,1
train,16719,3,1
train,16720,3,1
train,16721,3,0
train,16722,3,7
train,16723,3,1
train,16724,3,0
train,16725,3,2
train,16726,3,1
train,16727,3,1
train,16728,3,4
train,16729,3,1
train,16730,3,1
train,16731,3,2
train,16732,3,4
train,16733,3,4
train,16734,3,4
train,16735,3,1
train,16736,3,1
train,16737,3,4
train,16738,3,1
train,16739,3,5
train,16740,3,4
train,16741,3,2
train,16742,3,1
train,16743,3,0
train,16744,3,2
train,16745,3,7
train,16746,3,4
train,16747,3,1
train,16748,3,1
train,16749,3,7
train,16750,3,0
train,16751,3,1
train,16752,3,3
train,16753,3,2
train,16754,3,2
train,16755,3,4
train,16756,3,7
train,16757,3,0
train,16758,3,1
train,16759,3,1
train,16760,3,1
train,16761,3,2
train,16762,3,2
train,16763,3,4
train,16764,3,2
train,16765,3,2
train,16766,3,4
train,16767,3,2
train,16768,3,1
train,16769,3,0
train,16770,3,1
train,16771,3,1
train,16772,3,4
train,16773,3,7
train,16774,3,4
train,16775,3,1
train,16776,3,4
train,16777,3,2
train,16778,3,4
train,16779,3,7
train,16780,3,4
train,16781,3,4
train,16782,3,7
train,16783,3,1
train,16784,3,7
train,16785,3,4
train,16786,3,7
train,16787,3,3
train,16788,3,0
train,16789,3,4
train,16790,3,0
train,16791,3,5
train,16792,3,7
train,16793,3,1
train,16794,3,7
train,16795,3,4
train,16796,3,2
train,16797,3,4
train,16798,3,1
train,16799,3,4
train,16800,3,7
train,16801,3,4
train,16802,3,4
train,16803,3,2
train,16804,3,0
train,16805,3,1
train,16806,3,1
train,16807,3,3
train,16808,3,2
train,16809,3,1
train,16810,3,2
train,16811,3,0
train,16812,3,1
train,16813,3,1
train,16814,3,4
train,16815,3,1
train,16816,3,2
train,16817,3,4
train,16818,3,1
train,16819,3,4
train,16820,3,1
train,16821,3,1
train,16822,3,4
train,16823,3,2
train,16824,3,1
train,16825,3,1
train,16826,3,0
train,16827,3,2
train,16828,3,0
train,16829,3,1
train,16830,3,0
train,16831,3,1
train,16832,3,1
train,16833,3,1
train,16834,3,0
train,16835,3,4
train,16836,3,0
train,16837,3,7
train,16838,3,2
train,16839,3,2
train,16840,3,4
train,16841,3,1
train,16842,3,2
train,16843,3,0
train,16844,3,7
train,16845,3,1
train,16846,3,1
train,16847,3,0
train,16848,3,1
train,16849,3,1
train,16850,3,1
train,16851,3,7
train,16852,3,4
train,16853,3,7
train,16854,3,2
train,16855,3,0
train,16856,3,1
train,16857,3,0
train,16858,3,0
train,16859,3,4
train,16860,3,1
train,16861,3,0
train,16862,3,1
train,16863,3,4
train,16864,3,3
train,16865,3,1
train,16866,3,7
train,16867,3,1
train,16868,3,2
train,16869,3,1
train,16870,3,2
train,16871,3,0
train,16872,3,4
train,16873,3,0
train,16874,3,2
train,16875,3,4
train,16876,3,0
train,16877,3,4
train,16878,3,7
train,16879,3,0
train,16880,3,2
train,16881,3,0
train,16882,3,1
train,16883,3,1
train,16884,3,1
train,16885,3,1
train,16886,3,1
train,16887,3,4
train,16888,3,0
train,16889,3,2
train,16890,3,1
train,16891,3,2
train,16892,3,7
train,16893,3,7
train,16894,3,0
train,16895,3,1
train,16896,3,2
train,16897,3,4
train,16898,3,4
train,16899,3,1
train,16900,3,4
train,16901,3,1
train,16902,3,0
train,16903,3,4
train,16904,3,1
train,16905,3,4
train,16906,3,2
train,16907,3,4
train,16908,3,1
train,16909,3,0
train,16910,3,4
train,16911,3,1
train,16912,3,2
train,16913,3,2
train,16914,3,1
train,16915,3,1
train,16916,3,1
train,16917,3,2
train,16918,3,1
train,16919,3,1
train,16920,3,4
train,16921,3,1
train,16922,3,3
train,16923,3,7
train,16924,3,2
train,16925,3,3
train,16926,3,4
train,16927,3,2
train,16928,3,1
train,16929,3,2
train,16930,3,3
train,16931,3,2
train,16932,3,7
train,16933,3,1
train,16934,3,1
train,16935,3,1
train,16936,3,0
train,16937,3,1
train,16938,3,1
train,16939,3,1
train,16940,3,0
train,16941,3,4
train,16942,3,0
train,16943,3,1
train,16944,3,1
train,16945,3,4
train,16946,3,0
train,16947,3,2
train,16948,3,1
train,16949,3,1
train,16950,3,2
train,16951,3,1
train,16952,3,4
train,16953,3,0
train,16954,3,4
train,16955,3,1
train,16956,3,1
train,16957,3,7
train,16958,3,1
train,16959,3,1
train,16960,3,1
train,16961,3,0
train,16962,3,1
train,16963,3,7
train,16964,3,4
train,16965,3,4
train,16966,3,2
train,16967,3,1
train,16968,3,1
train,16969,3,4
train,16970,3,7
train,16971,3,1
train,16972,3,4
train,16973,3,3
train,16974,3,4
train,16975,3,4
train,16976,3,7
train,16977,3,1
train,16978,3,0
train,16979,3,7
train,16980,3,0
train,16981,3,1
train,16982,3,1
train,16983,3,1
train,16984,3,1
train,16985,3,1
train,16986,3,0
train,16987,3,1
train,16988,3,4
train,16989,3,2
train,16990,3,3
train,16991,3,1
train,16992,3,2
train,16993,3,4
train,16994,3,1
train,16995,3,2
train,16996,3,1
train,16997,3,7
train,16998,3,1
train,16999,3,1
train,17000,3,2
train,17001,3,1
train,17002,3,1
train,17003,3,1
train,17004,3,4
train,17005,3,2
train,17006,3,4
train,17007,3,1
train,17008,3,2
train,17009,3,2
train,17010,3,0
train,17011,3,0
train,17012,3,7
train,17013,3,4
train,17014,3,1
train,17015,3,4
train,17016,3,1
train,17017,3,1
train,17018,3,1
train,17019,3,1
train,17020,3,4
train,17021,3,7
train,17022,3,1
train,17023,3,4
train,17024,3,1
train,17025,3,1
train,17026,3,1
train,17027,3,2
train,17028,3,1
train,17029,3,1
train,17030,3,4
train,17031,3,1
train,17032,3,1
train,17033,3,0
train,17034,3,1
train,17035,3,0
train,17036,3,1
train,17037,3,1
train,17038,3,4
train,17039,3,1
train,17040,3,1
train,17041,3,1
train,17042,3,2
train,17043,3,4
train,17044,3,4
train,17045,3,1
train,17046,3,7
train,17047,3,1
train,17048,3,4
train,17049,3,1
train,17050,3,4
train,17051,3,4
train,17052,3,1
train,17053,3,1
train,17054,3,0
train,17055,3,2
train,17056,3,3
train,17057,3,1
train,17058,3,0
train,17059,3,1
train,17060,3,1
train,17061,3,7
train,17062,3,1
train,17063,3,7
train,17064,3,2
train,17065,3,1
train,17066,3,7
train,17067,3,1
train,17068,3,3
train,17069,3,1
train,17070,3,2
train,17071,3,3
train,17072,3,7
train,17073,3,4
train,17074,3,0
train,17075,3,1
train,17076,3,1
train,17077,3,1
train,17078,3,0
train,17079,3,0
train,17080,3,3
train,17081,3,1
train,17082,3,4
train,17083,3,4
train,17084,3,1
train,17085,3,4
train,17086,3,1
train,17087,3,2
train,17088,3,3
train,17089,3,3
train,17090,3,1
train,17091,3,1
train,17092,3,1
train,17093,3,3
train,17094,3,7
train,17095,3,1
train,17096,3,0
train,17097,3,1
train,17098,3,1
train,17099,3,1
train,17100,3,0
train,17101,3,4
train,17102,3,1
train,17103,3,4
train,17104,3,1
train,17105,3,1
train,17106,3,1
train,17107,3,1
train,17108,3,1
train,17109,3,4
train,17110,3,1
train,17111,3,1
train,17112,3,0
train,17113,3,4
train,17114,3,2
train,17115,3,2
train,17116,3,5
train,17117,3,4
train,17118,3,0
train,17119,3,2
train,17120,3,6
train,17121,3,4
train,17122,3,1
train,17123,3,1
train,17124,3,1
train,17125,3,1
train,17126,3,1
train,17127,3,4
train,17128,3,0
train,17129,3,4
train,17130,3,1
train,17131,3,1
train,17132,3,2
train,17133,3,4
train,17134,3,4
train,17135,3,7
train,17136,3,5
train,17137,3,2
train,17138,3,3
train,17139,3,1
train,17140,3,1
train,17141,3,1
train,17142,3,1
train,17143,3,4
train,17144,3,4
train,17145,3,4
train,17146,3,3
train,17147,3,4
train,17148,3,1
train,17149,3,1
train,17150,3,4
train,17151,3,1
train,17152,3,4
train,17153,3,1
train,17154,3,0
train,17155,3,1
train,17156,3,1
train,17157,3,0
train,17158,3,0
train,17159,3,0
train,17160,3,1
train,17161,3,3
train,17162,3,1
train,17163,3,7
train,17164,3,4
train,17165,3,2
train,17166,3,4
train,17167,3,4
train,17168,3,1
train,17169,3,0
train,17170,3,2
train,17171,3,4
train,17172,3,1
train,17173,3,4
train,17174,3,1
train,17175,3,7
train,17176,3,1
train,17177,3,0
train,17178,3,0
train,17179,3,1
train,17180,3,5
train,17181,3,7
train,17182,3,4
train,17183,3,1
train,17184,3,4
train,17185,3,4
train,17186,3,2
train,17187,3,4
train,17188,3,4
train,17189,3,4
train,17190,3,2
train,17191,3,7
train,17192,3,4
train,17193,3,0
train,17194,3,1
train,17195,3,3
train,17196,3,7
train,17197,3,2
train,17198,3,1
train,17199,3,1
train,17200,3,1
train,17201,3,4
train,17202,3,4
train,17203,3,5
train,17204,3,1
train,17205,3,1
train,17206,3,1
train,17207,3,4
train,17208,3,1
train,17209,3,2
train,17210,3,2
train,17211,3,0
train,17212,3,7
train,17213,3,0
train,17214,3,3
train,17215,3,2
train,17216,3,1
train,17217,3,1
train,17218,3,0
train,17219,3,0
train,17220,3,4
train,17221,3,3
train,17222,3,1
train,17223,3,4
train,17224,3,2
train,17225,3,0
train,17226,3,1
train,17227,3,4
train,17228,3,1
train,17229,3,7
train,17230,3,1
train,17231,3,4
train,17232,3,0
train,17233,3,1
train,17234,3,1
train,17235,3,1
train,17236,3,0
train,17237,3,0
train,17238,3,1
train,17239,3,4
train,17240,3,1
train,17241,3,7
train,17242,3,1
train,17243,3,1
train,17244,3,4
train,17245,3,4
train,17246,3,1
train,17247,3,0
train,17248,3,0
train,17249,3,2
train,17250,3,4
train,17251,3,7
train,17252,3,3
train,17253,3,3
train,17254,3,0
train,17255,3,1
train,17256,3,2
train,17257,3,0
train,17258,3,1
train,17259,3,4
train,17260,3,4
train,17261,3,2
train,17262,3,4
train,17263,3,1
train,17264,3,1
train,17265,3,3
train,17266,3,1
train,17267,3,3
train,17268,3,1
train,17269,3,0
train,17270,3,7
train,17271,3,4
train,17272,3,4
train,17273,3,1
train,17274,3,0
train,17275,3,4
train,17276,3,1
train,17277,3,4
train,17278,3,0
train,17279,3,1
train,17280,3,4
train,17281,3,1
train,17282,3,7
train,17283,3,0
train,17284,3,4
train,17285,3,1
train,17286,3,1
train,17287,3,0
train,17288,3,4
train,17289,3,2
train,17290,3,4
train,17291,3,4
train,17292,3,1
train,17293,3,2
train,17294,3,1
train,17295,3,1
train,17296,3,1
train,17297,3,4
train,17298,3,6
train,17299,3,2
train,17300,3,2
train,17301,3,0
train,17302,3,0
train,17303,3,4
train,17304,3,4
train,17305,3,7
train,17306,3,1
train,17307,3,3
train,17308,3,0
train,17309,3,4
train,17310,3,4
train,17311,3,2
train,17312,3,2
train,17313,3,0
train,17314,3,1
train,17315,3,7
train,17316,3,4
train,17317,3,1
train,17318,3,0
train,17319,3,4
train,17320,3,0
train,17321,3,0
train,17322,3,0
train,17323,3,1
train,17324,3,4
train,17325,3,1
train,17326,3,0
train,17327,3,1
train,17328,3,3
train,17329,3,1
train,17330,3,4
train,17331,3,7
train,17332,3,0
train,17333,3,2
train,17334,3,0
train,17335,3,1
train,17336,3,1
train,17337,3,4
train,17338,3,1
train,17339,3,2
train,17340,3,4
train,17341,3,4
train,17342,3,7
train,17343,3,1
train,17344,3,1
train,17345,3,4
train,17346,3,4
train,17347,3,1
train,17348,3,2
train,17349,3,1
train,17350,3,1
train,17351,3,2
train,17352,3,7
train,17353,3,7
train,17354,3,1
train,17355,3,4
train,17356,3,1
train,17357,3,1
train,17358,3,4
train,17359,3,4
train,17360,3,1
train,17361,3,5
train,17362,3,1
train,17363,3,1
train,17364,3,4
train,17365,3,4
train,17366,3,0
train,17367,3,1
train,17368,3,3
train,17369,3,2
train,17370,3,2
train,17371,3,1
train,17372,3,1
train,17373,3,0
train,17374,3,0
train,17375,3,2
train,17376,3,1
train,17377,3,2
train,17378,3,4
train,17379,3,7
train,17380,3,1
train,17381,3,0
train,17382,3,2
train,17383,3,2
train,17384,3,1
train,17385,3,4
train,17386,3,3
train,17387,3,0
train,17388,3,1
train,17389,3,2
train,17390,3,0
train,17391,3,1
train,17392,3,2
train,17393,3,3
train,17394,3,0
train,17395,3,4
train,17396,3,1
train,17397,3,0
train,17398,3,4
train,17399,3,2
train,17400,3,4
train,17401,3,0
train,17402,3,1
train,17403,3,1
train,17404,3,2
train,17405,3,0
train,17406,3,0
train,17407,3,1
train,17408,3,4
train,17409,3,1
train,17410,3,4
train,17411,3,2
train,17412,3,0
train,17413,3,4
train,17414,3,3
train,17415,3,4
train,17416,3,1
train,17417,3,1
train,17418,3,4
train,17419,3,1
train,17420,3,1
train,17421,3,1
train,17422,3,2
train,17423,3,4
train,17424,3,1
train,17425,3,2
train,17426,3,1
train,17427,3,1
train,17428,3,7
train,17429,3,2
train,17430,3,4
train,17431,3,3
train,17432,3,1
train,17433,3,2
train,17434,3,1
train,17435,3,3
train,17436,3,1
train,17437,3,4
train,17438,3,2
train,17439,3,4
train,17440,3,7
train,17441,3,4
train,17442,3,2
train,17443,3,7
train,17444,3,7
train,17445,3,2
train,17446,3,4
train,17447,3,1
train,17448,3,5
train,17449,3,1
train,17450,3,5
train,17451,3,3
train,17452,3,3
train,17453,3,2
train,17454,3,1
train,17455,3,7
train,17456,3,1
train,17457,3,1
train,17458,3,4
train,17459,3,1
train,17460,3,0
train,17461,3,7
train,17462,3,0
train,17463,3,1
train,17464,3,1
train,17465,3,1
train,17466,3,3
train,17467,3,1
train,17468,3,1
train,17469,3,2
train,17470,3,4
train,17471,3,1
train,17472,3,4
train,17473,3,1
train,17474,3,4
train,17475,3,4
train,17476,3,1
train,17477,3,0
train,17478,3,4
train,17479,3,1
train,17480,3,1
train,17481,3,1
train,17482,3,0
train,17483,3,2
train,17484,3,1
train,17485,3,4
train,17486,3,7
train,17487,3,7
train,17488,3,2
train,17489,3,0
train,17490,3,2
train,17491,3,2
train,17492,3,4
train,17493,3,2
train,17494,3,7
train,17495,3,1
train,17496,3,1
train,17497,3,1
train,17498,3,4
train,17499,3,0
train,17500,3,4
train,17501,3,0
train,17502,3,0
train,17503,3,0
train,17504,3,1
train,17505,3,7
train,17506,3,1
train,17507,3,1
train,17508,3,1
train,17509,3,3
train,17510,3,1
train,17511,3,1
train,17512,3,4
train,17513,3,4
train,17514,3,0
train,17515,3,7
train,17516,3,7
train,17517,3,7
train,17518,3,2
train,17519,3,4
train,17520,3,1
train,17521,3,2
train,17522,3,1
train,17523,3,2
train,17524,3,7
train,17525,3,0
train,17526,3,2
train,17527,3,0
train,17528,3,2
train,17529,3,2
train,17530,3,2
train,17531,3,7
train,17532,3,1
train,17533,3,1
train,17534,3,4
train,17535,3,2
train,17536,3,1
train,17537,3,4
train,17538,3,1
train,17539,3,1
train,17540,3,1
train,17541,3,4
train,17542,3,7
train,17543,3,4
train,17544,3,0
train,17545,3,4
train,17546,3,1
train,17547,3,1
train,17548,3,1
train,17549,3,4
train,17550,3,1
train,17551,3,4
train,17552,3,7
train,17553,3,2
train,17554,3,7
train,17555,3,2
train,17556,3,0
train,17557,3,1
train,17558,3,0
train,17559,3,0
train,17560,3,1
train,17561,3,1
train,17562,3,4
train,17563,3,0
train,17564,3,0
train,17565,3,0
train,17566,3,4
train,17567,3,4
train,17568,3,4
train,17569,3,4
train,17570,3,4
train,17571,3,2
train,17572,3,3
train,17573,3,4
train,17574,3,1
train,17575,3,4
train,17576,3,3
train,17577,3,1
train,17578,3,2
train,17579,3,7
train,17580,3,2
train,17581,3,1
train,17582,3,1
train,17583,3,1
train,17584,3,5
train,17585,3,4
train,17586,3,7
train,17587,3,5
train,17588,3,1
train,17589,3,1
train,17590,3,7
train,17591,4,1
train,17592,4,0
train,17593,4,1
train,17594,4,1
train,17595,4,0
train,17596,4,1
train,17597,4,1
train,17598,4,0
train,17599,4,0
train,17600,4,4
train,17601,4,1
train,17602,4,1
train,17603,4,1
train,17604,4,4
train,17605,4,0
train,17606,4,1
train,17607,4,0
train,17608,4,1
train,17609,4,1
train,17610,4,1
train,17611,4,0
train,17612,4,1
train,17613,4,1
train,17614,4,1
train,17615,4,1
train,17616,4,0
train,17617,4,1
train,17618,4,1
train,17619,4,1
train,17620,4,4
train,17621,4,0
train,17622,4,1
train,17623,4,4
train,17624,4,1
train,17625,4,1
train,17626,4,1
train,17627,4,4
train,17628,4,4
train,17629,4,1
train,17630,4,4
train,17631,4,0
train,17632,4,0
train,17633,4,1
train,17634,4,1
train,17635,4,4
train,17636,4,1
train,17637,4,1
train,17638,4,4
train,17639,4,1
train,17640,4,1
train,17641,4,1
train,17642,4,1
train,17643,4,1
train,17644,4,0
train,17645,4,4
train,17646,4,1
train,17647,4,0
train,17648,4,4
train,17649,4,1
train,17650,4,0
train,17651,4,1
train,17652,4,1
train,17653,4,1
train,17654,4,1
train,17655,4,4
train,17656,4,4
train,17657,4,1
train,17658,4,1
train,17659,4,1
train,17660,4,0
train,17661,4,0
train,17662,4,0
train,17663,4,1
train,17664,4,1
train,17665,4,0
train,17666,4,0
train,17667,4,1
train,17668,4,1
train,17669,4,0
train,17670,4,1
train,17671,4,1
train,17672,4,1
train,17673,4,1
train,17674,4,0
train,17675,4,0
train,17676,4,1
train,17677,4,1
train,17678,4,1
train,17679,4,1
train,17680,4,0
train,17681,4,1
train,17682,4,1
train,17683,4,1
train,17684,4,1
train,17685,4,1
train,17686,4,0
train,17687,4,0
train,17688,4,4
train,17689,4,4
train,17690,4,1
train,17691,4,4
train,17692,4,1
train,17693,4,0
train,17694,4,4
train,17695,4,4
train,17696,4,0
train,17697,4,0
train,17698,4,1
train,17699,4,4
train,17700,4,0
train,17701,4,1
train,17702,4,1
train,17703,4,1
train,17704,4,1
train,17705,4,1
train,17706,4,4
train,17707,4,4
train,17708,4,1
train,17709,4,1
train,17710,4,1
train,17711,4,1
train,17712,4,4
train,17713,4,1
train,17714,4,4
train,17715,4,4
train,17716,4,1
train,17717,4,1
train,17718,4,1
train,17719,4,1
train,17720,4,4
train,17721,4,0
train,17722,4,1
train,17723,4,4
train,17724,4,4
train,17725,4,1
train,17726,4,1
train,17727,4,0
train,17728,4,1
train,17729,4,1
train,17730,4,1
train,17731,4,4
train,17732,4,1
train,17733,4,1
train,17734,4,1
train,17735,4,1
train,17736,4,1
train,17737,4,1
train,17738,4,0
train,17739,4,1
train,17740,4,4
train,17741,4,1
train,17742,4,0
train,17743,4,4
train,17744,4,0
train,17745,4,4
train,17746,4,1
train,17747,4,1
train,17748,4,1
train,17749,4,1
train,17750,4,4
train,17751,4,4
train,17752,4,1
train,17753,4,1
train,17754,4,4
train,17755,4,0
train,17756,4,1
train,17757,4,1
train,17758,4,4
train,17759,4,1
train,17760,4,1
train,17761,4,1
train,17762,4,1
train,17763,4,1
train,17764,4,1
train,17765,4,0
train,17766,4,1
train,17767,4,1
train,17768,4,1
train,17769,4,4
train,17770,4,0
train,17771,4,0
train,17772,4,0
train,17773,4,1
train,17774,4,0
train,17775,4,1
train,17776,4,1
train,17777,4,0
train,17778,4,0
train,17779,4,4
train,17780,4,1
train,17781,4,0
train,17782,4,0
train,17783,4,0
train,17784,4,0
train,17785,4,4
train,17786,4,4
train,17787,4,1
train,17788,4,1
train,17789,4,1
train,17790,4,1
train,17791,4,0
train,17792,4,1
train,17793,4,0
train,17794,4,1
train,17795,4,1
train,17796,4,0
train,17797,4,1
train,17798,4,1
train,17799,4,1
train,17800,4,4
train,17801,4,4
train,17802,4,1
train,17803,4,4
train,17804,4,4
train,17805,4,1
train,17806,4,1
train,17807,4,1
train,17808,4,1
train,17809,4,4
train,17810,4,1
train,17811,4,0
train,17812,4,1
train,17813,4,1
train,17814,4,0
train,17815,4,1
train,17816,4,1
train,17817,4,4
train,17818,4,4
train,17819,4,4
train,17820,4,0
train,17821,4,0
train,17822,4,4
train,17823,4,1
train,17824,4,0
train,17825,4,1
train,17826,4,1
train,17827,4,0
train,17828,4,1
train,17829,4,1
train,17830,4,0
train,17831,4,4
train,17832,4,1
train,17833,4,1
train,17834,4,1
train,17835,4,1
train,17836,4,1
train,17837,4,1
train,17838,4,1
train,17839,4,4
train,17840,4,4
train,17841,4,0
train,17842,4,1
train,17843,4,1
train,17844,4,1
train,17845,4,0
train,17846,4,1
train,17847,4,0
train,17848,4,1
train,17849,4,1
train,17850,4,1
train,17851,4,4
train,17852,4,1
train,17853,4,4
train,17854,4,0
train,17855,4,1
train,17856,4,1
train,17857,4,1
train,17858,4,0
train,17859,4,0
train,17860,4,4
train,17861,4,1
train,17862,4,4
train,17863,4,4
train,17864,4,1
train,17865,4,1
train,17866,4,1
train,17867,4,4
train,17868,4,1
train,17869,4,1
train,17870,4,1
train,17871,4,4
train,17872,4,1
train,17873,4,4
train,17874,4,4
train,17875,4,1
train,17876,4,0
train,17877,4,0
train,17878,4,0
train,17879,4,4
train,17880,4,4
train,17881,4,1
train,17882,4,1
train,17883,4,1
train,17884,4,0
train,17885,4,4
train,17886,4,4
train,17887,4,0
train,17888,4,1
train,17889,4,1
train,17890,4,1
train,17891,4,4
train,17892,4,1
train,17893,4,0
train,17894,4,4
train,17895,4,4
train,17896,4,4
train,17897,4,0
train,17898,4,0
train,17899,4,0
train,17900,4,1
train,17901,4,1
train,17902,4,4
train,17903,4,4
train,17904,4,1
train,17905,4,4
train,17906,4,0
train,17907,4,0
train,17908,4,0
train,17909,4,0
train,17910,4,1
train,17911,4,4
train,17912,4,4
train,17913,4,1
train,17914,4,1
train,17915,4,4
train,17916,4,0
train,17917,4,4
train,17918,4,1
train,17919,4,1
train,17920,4,0
train,17921,4,1
train,17922,4,1
train,17923,4,1
train,17924,4,1
train,17925,4,1
train,17926,4,4
train,17927,4,1
train,17928,4,1
train,17929,4,1
train,17930,4,1
train,17931,4,1
train,17932,4,1
train,17933,4,1
train,17934,4,4
train,17935,4,1
train,17936,4,4
train,17937,4,1
train,17938,4,1
train,17939,4,1
train,17940,4,0
train,17941,4,4
train,17942,4,1
train,17943,4,4
train,17944,4,0
train,17945,4,1
train,17946,4,0
train,17947,4,0
train,17948,4,1
train,17949,4,0
train,17950,4,1
train,17951,4,1
train,17952,4,1
train,17953,4,0
train,17954,4,1
train,17955,4,1
train,17956,4,1
train,17957,4,1
train,17958,4,0
train,17959,4,1
train,17960,4,4
train,17961,4,1
train,17962,4,0
train,17963,4,4
train,17964,4,1
train,17965,4,1
train,17966,4,1
train,17967,4,4
train,17968,4,1
train,17969,4,0
train,17970,4,1
train,17971,4,0
train,17972,4,1
train,17973,4,1
train,17974,4,1
train,17975,4,1
train,17976,4,0
train,17977,4,1
train,17978,4,0
train,17979,4,0
train,17980,4,0
train,17981,4,0
train,17982,4,0
train,17983,4,0
train,17984,4,1
train,17985,4,1
train,17986,4,1
train,17987,4,0
train,17988,4,0
train,17989,4,1
train,17990,4,1
train,17991,4,1
train,17992,4,1
train,17993,4,4
train,17994,4,1
train,17995,4,4
train,17996,4,4
train,17997,4,0
train,17998,4,0
train,17999,4,4
train,18000,4,4
train,18001,4,0
train,18002,4,4
train,18003,4,4
train,18004,4,1
train,18005,4,1
train,18006,4,4
train,18007,4,1
train,18008,4,0
train,18009,4,1
train,18010,4,0
train,18011,4,1
train,18012,4,0
train,18013,4,1
train,18014,4,4
train,18015,4,4
train,18016,4,1
train,18017,4,4
train,18018,4,4
train,18019,4,1
train,18020,4,1
train,18021,4,1
train,18022,4,1
train,18023,4,1
train,18024,4,4
train,18025,4,1
train,18026,4,0
train,18027,4,1
train,18028,4,1
train,18029,4,1
train,18030,4,0
train,18031,4,1
train,18032,4,4
train,18033,4,1
train,18034,4,1
train,18035,4,1
train,18036,4,1
train,18037,4,0
train,18038,4,0
train,18039,4,1
train,18040,4,1
train,18041,4,0
train,18042,4,0
train,18043,4,1
train,18044,4,4
train,18045,4,1
train,18046,4,0
train,18047,4,1
train,18048,4,1
train,18049,4,0
train,18050,4,1
train,18051,4,0
train,18052,4,0
train,18053,4,1
train,18054,4,0
train,18055,4,1
train,18056,4,1
train,18057,4,1
train,18058,4,1
train,18059,4,0
train,18060,4,0
train,18061,4,0
train,18062,4,1
train,18063,4,1
train,18064,4,4
train,18065,4,1
train,18066,4,1
train,18067,4,0
train,18068,4,0
train,18069,4,0
train,18070,4,4
train,18071,4,1
train,18072,4,1
train,18073,4,4
train,18074,4,0
train,18075,4,1
train,18076,4,0
train,18077,4,4
train,18078,4,1
train,18079,4,1
train,18080,4,0
train,18081,4,4
train,18082,4,1
train,18083,4,4
train,18084,4,0
train,18085,4,1
train,18086,4,4
train,18087,4,1
train,18088,4,0
train,18089,4,1
train,18090,4,1
train,18091,4,0
train,18092,4,4
train,18093,4,0
train,18094,4,1
train,18095,4,1
train,18096,4,0
train,18097,4,1
train,18098,4,0
train,18099,4,0
train,18100,4,1
train,18101,4,1
train,18102,4,1
train,18103,4,0
train,18104,4,1
train,18105,4,0
train,18106,4,4
train,18107,4,1
train,18108,4,4
train,18109,4,1
train,18110,4,4
train,18111,4,1
train,18112,4,0
train,18113,4,0
train,18114,4,1
train,18115,4,4
train,18116,4,1
train,18117,4,1
train,18118,4,1
train,18119,4,4
train,18120,4,0
train,18121,4,1
train,18122,4,0
train,18123,4,1
train,18124,4,0
train,18125,4,4
train,18126,4,0
train,18127,4,1
train,18128,4,1
train,18129,4,1
train,18130,4,1
train,18131,4,4
train,18132,4,1
train,18133,4,1
train,18134,4,1
train,18135,4,0
train,18136,4,0
train,18137,4,1
train,18138,4,4
train,18139,4,1
train,18140,4,0
train,18141,4,1
train,18142,4,1
train,18143,4,1
train,18144,4,1
train,18145,4,1
train,18146,4,1
train,18147,4,1
train,18148,4,0
train,18149,4,4
train,18150,4,1
train,18151,4,4
train,18152,4,1
train,18153,4,1
train,18154,4,1
train,18155,4,1
train,18156,4,1
train,18157,4,0
train,18158,4,0
train,18159,4,1
train,18160,4,1
train,18161,4,0
train,18162,4,1
train,18163,4,4
train,18164,4,1
train,18165,4,4
train,18166,4,0
train,18167,4,1
train,18168,4,4
train,18169,4,4
train,18170,4,4
train,18171,4,1
train,18172,4,1
train,18173,4,1
train,18174,4,1
train,18175,4,0
train,18176,4,0
train,18177,4,1
train,18178,4,1
train,18179,4,0
train,18180,4,1
train,18181,4,4
train,18182,4,1
train,18183,4,0
train,18184,4,0
train,18185,4,4
train,18186,4,1
train,18187,4,0
train,18188,4,1
train,18189,4,1
train,18190,4,1
train,18191,4,1
train,18192,4,4
train,18193,4,1
train,18194,4,1
train,18195,4,1
train,18196,4,1
train,18197,4,1
train,18198,4,4
train,18199,4,1
train,18200,4,4
train,18201,4,0
train,18202,4,1
train,18203,4,4
train,18204,4,1
train,18205,4,0
train,18206,4,1
train,18207,4,4
train,18208,4,1
train,18209,4,1
train,18210,4,0
train,18211,4,0
train,18212,4,0
train,18213,4,0
train,18214,4,4
train,18215,4,4
train,18216,4,4
train,18217,4,1
train,18218,4,0
train,18219,4,1
train,18220,4,0
train,18221,4,1
train,18222,4,4
train,18223,4,4
train,18224,4,4
train,18225,4,1
train,18226,4,4
train,18227,4,0
train,18228,4,0
train,18229,4,1
train,18230,4,4
train,18231,4,4
train,18232,4,0
train,18233,4,0
train,18234,4,1
train,18235,4,4
train,18236,4,4
train,18237,4,0
train,18238,4,4
train,18239,4,0
train,18240,4,0
train,18241,4,1
train,18242,4,1
train,18243,4,1
train,18244,4,1
train,18245,4,1
train,18246,5,0
train,18247,5,1
train,18248,5,1
train,18249,5,1
train,18250,5,1
train,18251,5,1
train,18252,5,1
train,18253,5,5
train,18254,5,1
train,18255,5,0
train,18256,5,0
train,18257,5,1
train,18258,5,1
train,18259,5,1
train,18260,5,1
train,18261,5,1
train,18262,5,4
train,18263,5,1
train,18264,5,1
train,18265,5,1
train,18266,5,1
train,18267,5,1
train,18268,5,1
train,18269,5,1
train,18270,5,1
train,18271,5,4
train,18272,5,1
train,18273,5,6
train,18274,5,1
train,18275,5,1
train,18276,5,1
train,18277,5,1
train,18278,5,1
train,18279,5,1
train,18280,5,0
train,18281,5,1
train,18282,5,1
train,18283,5,1
train,18284,5,1
train,18285,5,1
train,18286,5,1
train,18287,5,0
train,18288,5,1
train,18289,5,1
train,18290,5,1
train,18291,5,1
train,18292,5,1
train,18293,5,1
train,18294,5,1
train,18295,5,1
train,18296,5,1
train,18297,5,0
train,18298,5,1
train,18299,5,0
train,18300,5,1
train,18301,5,1
train,18302,5,1
train,18303,5,1
train,18304,5,1
train,18305,5,1
train,18306,5,1
train,18307,5,1
train,18308,5,1
train,18309,5,1
train,18310,5,1
train,18311,5,1
train,18312,5,1
train,18313,5,0
train,18314,5,1
train,18315,5,1
train,18316,5,1
train,18317,5,1
train,18318,5,1
train,18319,5,1
train,18320,5,1
train,18321,5,1
train,18322,5,1
train,18323,5,0
train,18324,5,1
train,18325,5,1
train,18326,5,1
train,18327,5,1
train,18328,5,1
train,18329,5,0
train,18330,5,1
train,18331,5,1
train,18332,5,0
train,18333,5,1
train,18334,5,4
train,18335,5,1
train,18336,5,0
train,18337,5,1
train,18338,5,1
train,18339,5,0
train,18340,5,1
train,18341,5,1
train,18342,5,0
train,18343,5,1
train,18344,5,1
train,18345,5,1
train,18346,5,0
train,18347,5,0
train,18348,5,1
train,18349,5,1
train,18350,5,1
train,18351,5,1
train,18352,5,0
train,18353,5,1
train,18354,5,1
train,18355,5,2
train,18356,5,1
train,18357,5,0
train,18358,5,1
train,18359,5,1
train,18360,5,1
train,18361,5,0
train,18362,5,0
train,18363,5,2
train,18364,5,1
train,18365,5,1
train,18366,5,1
train,18367,5,1
train,18368,5,0
train,18369,5,0
train,18370,5,1
train,18371,5,1
train,18372,5,1
train,18373,5,1
train,18374,5,0
train,18375,5,0
train,18376,5,1
train,18377,5,5
train,18378,5,1
train,18379,5,1
train,18380,5,1
train,18381,5,1
train,18382,5,0
train,18383,5,1
train,18384,5,1
train,18385,5,1
train,18386,5,0
train,18387,5,0
train,18388,5,1
train,18389,5,1
train,18390,5,1
train,18391,5,0
train,18392,5,1
train,18393,5,1
train,18394,5,1
train,18395,5,1
train,18396,5,1
train,18397,5,0
train,18398,5,1
train,18399,5,0
train,18400,5,1
train,18401,5,1
train,18402,5,2
train,18403,5,1
train,18404,5,1
train,18405,5,1
train,18406,5,0
train,18407,5,1
train,18408,5,1
train,18409,5,1
train,18410,5,1
train,18411,5,1
train,18412,5,1
train,18413,5,1
train,18414,5,1
train,18415,5,1
train,18416,5,1
train,18417,5,1
train,18418,5,1
train,18419,5,1
train,18420,5,1
train,18421,5,1
train,18422,5,0
train,18423,5,1
train,18424,5,1
train,18425,5,1
train,18426,5,1
train,18427,5,0
train,18428,5,1
train,18429,5,1
train,18430,5,1
train,18431,5,2
train,18432,5,1
train,18433,5,1
train,18434,5,0
train,18435,5,1
train,18436,5,0
train,18437,5,0
train,18438,5,1
train,18439,5,4
train,18440,5,1
train,18441,5,1
train,18442,5,1
train,18443,5,0
train,18444,5,1
train,18445,5,0
train,18446,5,1
train,18447,5,1
train,18448,5,1
train,18449,5,1
train,18450,5,0
train,18451,5,1
train,18452,5,1
train,18453,5,1
train,18454,5,1
train,18455,5,1
train,18456,5,1
train,18457,5,1
train,18458,5,1
train,18459,5,1
train,18460,5,1
train,18461,5,1
train,18462,5,1
train,18463,5,6
train,18464,5,1
train,18465,5,1
train,18466,5,1
train,18467,5,1
train,18468,5,1
train,18469,5,1
train,18470,5,1
train,18471,5,1
train,18472,5,0
train,18473,5,1
train,18474,5,1
train,18475,5,1
train,18476,5,1
train,18477,5,1
train,18478,5,1
train,18479,5,1
train,18480,5,1
train,18481,5,1
train,18482,5,1
train,18483,5,0
train,18484,5,1
train,18485,5,1
train,18486,5,1
train,18487,5,1
train,18488,5,0
train,18489,5,1
train,18490,5,0
train,18491,5,1
train,18492,5,1
train,18493,5,1
train,18494,5,0
train,18495,5,1
train,18496,5,1
train,18497,5,1
train,18498,5,1
train,18499,5,1
train,18500,5,1
train,18501,5,1
train,18502,5,1
train,18503,5,1
train,18504,5,1
train,18505,5,1
train,18506,5,0
train,18507,5,4
train,18508,5,1
train,18509,5,1
train,18510,5,1
train,18511,5,1
train,18512,5,1
train,18513,5,1
train,18514,5,1
train,18515,5,1
train,18516,5,1
train,18517,5,1
train,18518,5,0
train,18519,5,1
train,18520,5,1
train,18521,5,1
train,18522,5,4
train,18523,5,1
train,18524,5,1
train,18525,5,1
train,18526,5,1
train,18527,5,1
train,18528,5,1
train,18529,5,1
train,18530,5,0
train,18531,5,1
train,18532,5,0
train,18533,5,1
train,18534,5,0
train,18535,5,0
train,18536,5,1
train,18537,5,1
train,18538,5,1
train,18539,5,1
train,18540,5,1
train,18541,5,1
train,18542,5,1
train,18543,5,1
train,18544,5,0
train,18545,5,2
train,18546,5,1
train,18547,5,0
train,18548,5,5
train,18549,5,1
train,18550,5,1
train,18551,5,1
train,18552,5,1
train,18553,5,1
train,18554,5,0
train,18555,5,1
train,18556,5,1
train,18557,5,0
train,18558,5,0
train,18559,5,1
train,18560,5,1
train,18561,5,1
train,18562,5,1
train,18563,5,1
train,18564,5,1
train,18565,5,1
train,18566,5,1
train,18567,5,1
train,18568,5,1
train,18569,5,1
train,18570,5,1
train,18571,5,1
train,18572,5,1
train,18573,5,1
train,18574,5,1
train,18575,5,1
train,18576,5,1
train,18577,5,0
train,18578,5,1
train,18579,5,0
train,18580,5,1
train,18581,5,0
train,18582,5,1
train,18583,5,5
train,18584,5,1
train,18585,5,1
train,18586,5,1
train,18587,5,1
train,18588,5,1
train,18589,5,1
train,18590,5,1
train,18591,5,1
train,18592,5,1
train,18593,5,1
train,18594,5,1
train,18595,5,1
train,18596,5,1
test,0,0,2
test,1,0,4
test,2,0,1
test,3,0,2
test,4,0,0
test,5,0,0
test,6,0,0
test,7,0,4
test,8,0,2
test,9,0,4
test,10,0,3
test,11,0,4
test,12,0,0
test,13,0,2
test,14,0,0
test,15,0,3
test,16,0,0
test,17,0,2
test,18,0,0
test,19,0,0
test,20,0,4
test,21,0,1
test,22,0,3
test,23,0,1
test,24,0,7
test,25,0,1
test,26,0,0
test,27,0,2
test,28,0,1
test,29,0,2
test,30,0,3
test,31,0,4
test,32,0,0
test,33,0,1
test,34,0,1
test,35,0,0
test,36,0,1
test,37,0,0
test,38,0,1
test,39,0,5
test,40,0,3
test,41,0,1
test,42,0,1
test,43,0,2
test,44,0,2
test,45,0,0
test,46,0,0
test,47,0,1
test,48,0,4
test,49,0,1
test,50,0,4
test,51,0,0
test,52,0,0
test,53,0,2
test,54,0,0
test,55,0,2
test,56,0,3
test,57,0,0
test,58,0,0
test,59,0,1
test,60,0,4
test,61,0,1
test,62,0,0
test,63,0,3
test,64,0,3
test,65,0,0
test,66,0,2
test,67,0,1
test,68,0,1
test,69,0,1
test,70,0,1
test,71,0,0
test,72,0,1
test,73,0,1
test,74,0,1
test,75,0,2
test,76,0,2
test,77,0,0
test,78,0,2
test,79,0,3
test,80,0,1
test,81,0,0
test,82,0,3
test,83,0,2
test,84,0,4
test,85,0,2
test,86,0,0
test,87,0,1
test,88,0,0
test,89,0,1
test,90,0,3
test,91,0,0
test,92,0,7
test,93,0,6
test,94,0,2
test,95,0,3
test,96,0,4
test,97,0,4
test,98,0,0
test,99,0,1
test,100,0,1
test,101,0,2
test,102,0,2
test,103,0,2
test,104,0,3
test,105,0,0
test,106,0,1
test,107,0,3
test,108,0,1
test,109,0,0
test,110,0,0
test,111,0,1
test,112,0,0
test,113,0,0
test,114,0,2
test,115,0,0
test,116,0,7
test,117,0,0
test,118,0,2
test,119,0,1
test,120,0,1
test,121,0,5
test,122,0,7
test,123,0,3
test,124,0,0
test,125,0,2
test,126,0,0
test,127,0,2
test,128,0,7
test,129,0,0
test,130,0,2
test,131,0,1
test,132,0,2
test,133,0,3
test,134,0,1
test,135,0,1
test,136,0,2
test,137,0,2
test,138,0,1
test,139,0,1
test,140,0,0
test,141,0,0
test,142,0,4
test,143,0,0
test,144,0,1
test,145,0,0
test,146,0,1
test,147,0,2
test,148,0,2
test,149,0,2
test,150,0,6
test,151,0,2
test,152,0,1
test,153,0,1
test,154,0,0
test,155,0,0
test,156,0,2
test,157,0,2
test,158,0,2
test,159,0,2
test,160,0,7
test,161,0,2
test,162,0,2
test,163,0,1
test,164,0,2
test,165,0,1
test,166,0,4
test,167,0,1
test,168,0,1
test,169,0,0
test,170,0,2
test,171,0,1
test,172,0,4
test,173,0,0
test,174,0,0
test,175,0,0
test,176,0,3
test,177,0,1
test,178,0,1
test,179,0,1
test,180,0,0
test,181,0,0
test,182,0,2
test,183,0,1
test,184,0,4
test,185,0,7
test,186,0,1
test,187,0,1
test,188,0,2
test,189,0,0
test,190,0,2
test,191,0,0
test,192,0,1
test,193,0,1
test,194,0,2
test,195,0,4
test,196,0,2
test,197,0,2
test,198,0,1
test,199,0,3
test,200,0,2
test,201,0,0
test,202,0,0
test,203,0,1
test,204,0,2
test,205,0,1
test,206,0,6
test,207,0,7
test,208,0,1
test,209,0,2
test,210,0,1
test,211,0,0
test,212,0,2
test,213,0,0
test,214,0,1
test,215,0,0
test,216,0,3
test,217,0,0
test,218,0,0
test,219,0,1
test,220,0,1
test,221,0,4
test,222,0,7
test,223,0,1
test,224,0,7
test,225,0,0
test,226,0,0
test,227,0,2
test,228,0,4
test,229,0,1
test,230,0,3
test,231,0,7
test,232,0,0
test,233,0,7
test,234,0,0
test,235,0,1
test,236,0,1
test,237,0,0
test,238,0,0
test,239,0,0
test,240,0,1
test,241,0,0
test,242,0,0
test,243,0,0
test,244,0,3
test,245,0,1
test,246,0,7
test,247,0,0
test,248,0,7
test,249,0,1
test,250,0,1
test,251,0,4
test,252,0,2
test,253,0,1
test,254,0,1
test,255,0,0
test,256,0,1
test,257,0,0
test,258,0,1
test,259,0,1
test,260,0,2
test,261,0,0
test,262,0,0
test,263,0,0
test,264,0,0
test,265,0,1
test,266,0,5
test,267,0,4
test,268,0,0
test,269,0,1
test,270,0,0
test,271,0,1
test,272,0,0
test,273,0,2
test,274,0,2
test,275,0,1
test,276,0,3
test,277,0,2
test,278,0,1
test,279,0,2
test,280,0,1
test,281,0,1
test,282,0,2
test,283,0,0
test,284,0,4
test,285,0,1
test,286,0,0
test,287,0,2
test,288,0,4
test,289,0,4
test,290,0,0
test,291,0,4
test,292,0,0
test,293,0,4
test,294,0,0
test,295,0,2
test,296,0,1
test,297,0,2
test,298,0,1
test,299,0,3
test,300,0,2
test,301,0,1
test,302,0,2
test,303,0,0
test,304,0,1
test,305,0,1
test,306,0,0
test,307,0,4
test,308,0,2
test,309,0,0
test,310,0,0
test,311,0,1
test,312,0,7
test,313,0,1
test,314,0,0
test,315,0,1
test,316,0,0
test,317,0,1
test,318,0,2
test,319,0,1
test,320,0,1
test,321,0,1
test,322,0,1
test,323,0,7
test,324,0,0
test,325,0,2
test,326,0,1
test,327,0,0
test,328,0,0
test,329,0,2
test,330,0,7
test,331,0,3
test,332,0,2
test,333,0,0
test,334,0,4
test,335,0,0
test,336,0,7
test,337,0,2
test,338,0,2
test,339,0,0
test,340,0,0
test,341,0,1
test,342,0,0
test,343,0,1
test,344,0,0
test,345,0,1
test,346,0,1
test,347,0,1
test,348,0,7
test,349,0,0
test,350,0,1
test,351,0,0
test,352,0,6
test,353,0,3
test,354,0,1
test,355,0,0
test,356,0,1
test,357,0,0
test,358,0,2
test,359,0,0
test,360,0,7
test,361,0,0
test,362,0,2
test,363,0,1
test,364,0,2
test,365,0,1
test,366,0,4
test,367,0,1
test,368,0,0
test,369,0,5
test,370,0,1
test,371,0,1
test,372,0,1
test,373,0,0
test,374,0,4
test,375,0,1
test,376,0,6
test,377,0,0
test,378,0,1
test,379,0,0
test,380,0,2
test,381,0,2
test,382,0,0
test,383,0,0
test,384,0,2
test,385,0,2
test,386,0,2
test,387,0,2
test,388,0,2
test,389,0,2
test,390,0,4
test,391,0,0
test,392,0,1
test,393,0,2
test,394,0,1
test,395,0,1
test,396,0,2
test,397,0,3
test,398,0,1
test,399,0,4
test,400,0,5
test,401,0,1
test,402,0,1
test,403,0,1
test,404,0,1
test,405,0,2
test,406,0,0
test,407,0,1
test,408,0,0
test,409,0,3
test,410,0,1
test,411,0,1
test,412,0,1
test,413,0,3
test,414,0,1
test,415,0,2
test,416,0,1
test,417,0,1
test,418,0,1
test,419,0,1
test,420,0,1
test,421,0,1
test,422,0,0
test,423,0,2
test,424,0,1
test,425,0,4
test,426,0,1
test,427,0,2
test,428,0,2
test,429,0,7
test,430,0,4
test,431,0,1
test,432,0,4
test,433,0,2
test,434,0,2
test,435,0,4
test,436,0,0
test,437,0,1
test,438,0,2
test,439,0,2
test,440,0,1
test,441,0,1
test,442,0,2
test,443,0,1
test,444,0,6
test,445,0,1
test,446,0,1
test,447,0,2
test,448,0,1
test,449,0,1
test,450,0,4
test,451,0,0
test,452,0,2
test,453,0,1
test,454,0,2
test,455,0,1
test,456,0,1
test,457,0,2
test,458,0,1
test,459,0,4
test,460,0,1
test,461,0,2
test,462,0,2
test,463,0,4
test,464,0,1
test,465,0,1
test,466,0,4
test,467,0,0
test,468,0,1
test,469,0,1
test,470,0,1
test,471,0,1
test,472,0,0
test,473,0,0
test,474,0,1
test,475,0,0
test,476,0,2
test,477,0,4
test,478,0,0
test,479,0,7
test,480,0,4
test,481,0,4
test,482,0,3
test,483,0,1
test,484,0,4
test,485,0,7
test,486,0,0
test,487,0,0
test,488,0,2
test,489,0,1
test,490,0,2
test,491,0,4
test,492,0,4
test,493,0,7
test,494,0,1
test,495,0,1
test,496,0,1
test,497,0,0
test,498,0,0
test,499,0,2
test,500,0,0
test,501,0,2
test,502,0,1
test,503,0,3
test,504,0,2
test,505,0,1
test,506,0,2
test,507,0,3
test,508,0,0
test,509,0,1
test,510,0,1
test,511,0,1
test,512,0,1
test,513,0,1
test,514,0,1
test,515,0,1
test,516,0,2
test,517,0,3
test,518,0,7
test,519,0,1
test,520,0,0
test,521,0,2
test,522,0,4
test,523,0,4
test,524,0,2
test,525,0,5
test,526,0,1
test,527,0,1
test,528,0,1
test,529,0,1
test,530,0,1
test,531,0,0
test,532,0,0
test,533,0,0
test,534,0,1
test,535,0,1
test,536,0,2
test,537,0,0
test,538,0,3
test,539,0,7
test,540,0,0
test,541,0,2
test,542,0,2
test,543,0,1
test,544,0,0
test,545,0,0
test,546,0,1
test,547,0,4
test,548,0,1
test,549,0,1
test,550,0,2
test,551,0,1
test,552,0,1
test,553,0,1
test,554,0,4
test,555,0,0
test,556,0,0
test,557,0,7
test,558,0,2
test,559,0,1
test,560,0,2
test,561,0,3
test,562,0,4
test,563,0,1
test,564,0,2
test,565,0,1
test,566,0,1
test,567,0,0
test,568,0,4
test,569,0,1
test,570,0,0
test,571,0,1
test,572,0,1
test,573,0,7
test,574,0,0
test,575,0,2
test,576,0,7
test,577,0,1
test,578,0,1
test,579,0,4
test,580,0,1
test,581,0,1
test,582,0,2
test,583,0,4
test,584,0,0
test,585,0,2
test,586,0,2
test,587,0,1
test,588,0,1
test,589,0,7
test,590,0,2
test,591,0,2
test,592,0,2
test,593,0,7
test,594,0,1
test,595,0,1
test,596,0,1
test,597,0,1
test,598,0,0
test,599,0,0
test,600,0,1
test,601,0,1
test,602,0,0
test,603,0,2
test,604,0,2
test,605,0,0
test,606,0,1
test,607,0,4
test,608,0,0
test,609,0,2
test,610,0,0
test,611,0,7
test,612,0,2
test,613,0,2
test,614,0,0
test,615,0,7
test,616,0,1
test,617,0,7
test,618,0,1
test,619,0,1
test,620,0,1
test,621,0,1
test,622,0,0
test,623,0,0
test,624,0,1
test,625,0,2
test,626,0,1
test,627,0,0
test,628,0,0
test,629,0,4
test,630,0,2
test,631,0,2
test,632,0,1
test,633,0,1
test,634,0,2
test,635,0,0
test,636,0,0
test,637,0,1
test,638,0,1
test,639,0,0
test,640,0,1
test,641,0,1
test,642,0,0
test,643,0,1
test,644,0,4
test,645,0,1
test,646,0,2
test,647,0,7
test,648,0,0
test,649,0,0
test,650,0,0
test,651,0,1
test,652,0,0
test,653,0,2
test,654,0,2
test,655,0,0
test,656,0,1
test,657,0,2
test,658,0,4
test,659,0,1
test,660,0,4
test,661,0,1
test,662,0,2
test,663,0,3
test,664,0,1
test,665,0,1
test,666,0,1
test,667,0,4
test,668,0,1
test,669,0,0
test,670,0,1
test,671,0,1
test,672,0,0
test,673,0,1
test,674,0,0
test,675,0,1
test,676,0,1
test,677,0,4
test,678,0,2
test,679,0,1
test,680,0,1
test,681,0,1
test,682,0,1
test,683,0,3
test,684,0,4
test,685,0,0
test,686,0,1
test,687,0,0
test,688,0,0
test,689,0,4
test,690,0,2
test,691,0,7
test,692,0,0
test,693,0,1
test,694,0,4
test,695,0,0
test,696,0,2
test,697,0,2
test,698,0,0
test,699,0,7
test,700,0,1
test,701,0,0
test,702,0,1
test,703,0,2
test,704,0,1
test,705,0,1
test,706,0,3
test,707,0,1
test,708,0,1
test,709,0,1
test,710,0,0
test,711,0,1
test,712,0,2
test,713,0,1
test,714,0,2
test,715,0,1
test,716,0,7
test,717,0,1
test,718,0,1
test,719,0,2
test,720,0,0
test,721,0,2
test,722,0,1
test,723,0,0
test,724,0,4
test,725,0,0
test,726,0,0
test,727,0,4
test,728,0,4
test,729,0,2
test,730,0,2
test,731,0,4
test,732,0,7
test,733,0,4
test,734,0,2
test,735,0,1
test,736,0,0
test,737,0,5
test,738,0,2
test,739,0,2
test,740,0,3
test,741,0,1
test,742,0,1
test,743,0,0
test,744,0,2
test,745,0,2
test,746,0,1
test,747,0,1
test,748,0,1
test,749,0,2
test,750,0,0
test,751,0,3
test,752,0,0
test,753,0,2
test,754,0,6
test,755,0,1
test,756,0,1
test,757,0,0
test,758,0,4
test,759,0,2
test,760,0,1
test,761,0,1
test,762,0,2
test,763,0,0
test,764,0,1
test,765,0,1
test,766,0,1
test,767,0,2
test,768,0,0
test,769,0,1
test,770,0,1
test,771,0,0
test,772,0,1
test,773,0,1
test,774,0,0
test,775,0,7
test,776,0,2
test,777,0,0
test,778,0,4
test,779,0,2
test,780,0,2
test,781,0,1
test,782,0,1
test,783,0,7
test,784,0,2
test,785,0,1
test,786,0,0
test,787,0,2
test,788,0,1
test,789,0,2
test,790,0,1
test,791,0,0
test,792,0,2
test,793,0,4
test,794,0,0
test,795,0,2
test,796,0,2
test,797,0,1
test,798,0,1
test,799,0,3
test,800,0,2
test,801,0,1
test,802,0,1
test,803,0,0
test,804,0,7
test,805,0,3
test,806,0,1
test,807,0,2
test,808,0,0
test,809,0,1
test,810,0,4
test,811,0,2
test,812,0,0
test,813,0,4
test,814,0,0
test,815,0,3
test,816,0,1
test,817,0,1
test,818,0,2
test,819,0,1
test,820,0,0
test,821,0,4
test,822,0,2
test,823,0,2
test,824,0,1
test,825,0,2
test,826,0,1
test,827,0,2
test,828,0,0
test,829,0,2
test,830,0,1
test,831,0,0
test,832,0,1
test,833,0,0
test,834,0,2
test,835,0,1
test,836,0,0
test,837,0,0
test,838,0,1
test,839,0,1
test,840,0,0
test,841,0,4
test,842,0,1
test,843,0,1
test,844,0,1
test,845,0,1
test,846,0,1
test,847,0,3
test,848,0,0
test,849,0,2
test,850,0,4
test,851,0,4
test,852,0,2
test,853,0,1
test,854,0,4
test,855,0,1
test,856,0,0
test,857,0,1
test,858,0,1
test,859,0,0
test,860,0,2
test,861,0,0
test,862,0,2
test,863,0,0
test,864,0,7
test,865,0,1
test,866,0,1
test,867,0,4
test,868,0,1
test,869,0,1
test,870,0,0
test,871,0,1
test,872,0,1
test,873,0,7
test,874,0,1
test,875,0,2
test,876,0,2
test,877,0,1
test,878,0,0
test,879,0,2
test,880,0,4
test,881,0,1
test,882,0,3
test,883,0,0
test,884,0,1
test,885,0,1
test,886,0,0
test,887,0,0
test,888,0,7
test,889,0,2
test,890,0,0
test,891,0,2
test,892,0,2
test,893,0,1
test,894,0,0
test,895,0,1
test,896,0,2
test,897,0,2
test,898,0,0
test,899,0,2
test,900,0,1
test,901,0,1
test,902,0,4
test,903,0,0
test,904,0,1
test,905,0,0
test,906,0,2
test,907,0,2
test,908,0,0
test,909,0,0
test,910,0,6
test,911,0,1
test,912,0,1
test,913,0,0
test,914,0,2
test,915,0,1
test,916,0,1
test,917,0,1
test,918,0,1
test,919,0,1
test,920,0,4
test,921,0,3
test,922,0,1
test,923,0,0
test,924,0,0
test,925,0,1
test,926,0,2
test,927,0,2
test,928,0,1
test,929,0,1
test,930,0,0
test,931,0,1
test,932,0,0
test,933,0,2
test,934,0,2
test,935,0,1
test,936,0,2
test,937,0,0
test,938,0,7
test,939,0,1
test,940,0,2
test,941,0,3
test,942,0,2
test,943,0,2
test,944,0,1
test,945,0,1
test,946,0,2
test,947,0,1
test,948,0,2
test,949,0,0
test,950,0,3
test,951,0,2
test,952,0,0
test,953,0,2
test,954,0,0
test,955,0,0
test,956,0,2
test,957,0,1
test,958,0,2
test,959,0,7
test,960,0,0
test,961,0,1
test,962,0,2
test,963,0,1
test,964,0,2
test,965,0,3
test,966,0,7
test,967,0,1
test,968,0,1
test,969,0,2
test,970,0,4
test,971,0,6
test,972,0,2
test,973,0,1
test,974,0,1
test,975,0,2
test,976,0,4
test,977,0,1
test,978,0,1
test,979,0,0
test,980,0,0
test,981,0,3
test,982,0,1
test,983,0,0
test,984,0,1
test,985,0,0
test,986,0,2
test,987,0,0
test,988,0,5
test,989,0,2
test,990,0,0
test,991,0,1
test,992,0,1
test,993,0,1
test,994,0,4
test,995,0,2
test,996,0,2
test,997,0,1
test,998,0,7
test,999,0,1
test,1000,0,0
test,1001,0,1
test,1002,0,2
test,1003,0,2
test,1004,0,3
test,1005,0,1
test,1006,0,1
test,1007,0,1
test,1008,0,2
test,1009,0,0
test,1010,0,1
test,1011,0,1
test,1012,0,0
test,1013,0,1
test,1014,0,1
test,1015,0,1
test,1016,0,1
test,1017,0,1
test,1018,0,1
test,1019,0,2
test,1020,0,1
test,1021,0,1
test,1022,0,7
test,1023,0,3
test,1024,0,1
test,1025,0,7
test,1026,0,0
test,1027,0,1
test,1028,0,2
test,1029,0,0
test,1030,0,5
test,1031,0,5
test,1032,0,2
test,1033,0,0
test,1034,0,2
test,1035,0,7
test,1036,0,0
test,1037,0,0
test,1038,0,2
test,1039,0,1
test,1040,0,2
test,1041,0,2
test,1042,0,1
test,1043,0,2
test,1044,0,1
test,1045,0,2
test,1046,0,0
test,1047,0,1
test,1048,0,1
test,1049,0,1
test,1050,0,2
test,1051,0,2
test,1052,0,0
test,1053,0,0
test,1054,0,1
test,1055,0,1
test,1056,0,1
test,1057,0,0
test,1058,0,2
test,1059,0,2
test,1060,0,0
test,1061,0,0
test,1062,0,4
test,1063,0,1
test,1064,0,1
test,1065,0,0
test,1066,0,1
test,1067,0,2
test,1068,0,0
test,1069,0,7
test,1070,0,2
test,1071,0,1
test,1072,0,4
test,1073,0,3
test,1074,0,1
test,1075,0,0
test,1076,0,4
test,1077,0,0
test,1078,0,2
test,1079,0,1
test,1080,0,0
test,1081,0,0
test,1082,0,1
test,1083,0,2
test,1084,0,2
test,1085,0,1
test,1086,0,0
test,1087,0,1
test,1088,0,7
test,1089,0,1
test,1090,0,2
test,1091,0,1
test,1092,0,2
test,1093,0,0
test,1094,0,1
test,1095,0,2
test,1096,0,1
test,1097,0,1
test,1098,0,1
test,1099,0,4
test,1100,0,1
test,1101,0,4
test,1102,0,1
test,1103,0,0
test,1104,0,2
test,1105,0,0
test,1106,0,0
test,1107,0,1
test,1108,0,2
test,1109,0,6
test,1110,0,0
test,1111,0,1
test,1112,0,4
test,1113,0,2
test,1114,0,2
test,1115,0,1
test,1116,0,4
test,1117,0,1
test,1118,0,7
test,1119,0,0
test,1120,0,5
test,1121,0,1
test,1122,0,0
test,1123,0,0
test,1124,0,2
test,1125,0,4
test,1126,0,2
test,1127,0,1
test,1128,0,1
test,1129,0,1
test,1130,0,1
test,1131,0,1
test,1132,0,2
test,1133,0,3
test,1134,0,2
test,1135,0,7
test,1136,0,0
test,1137,0,2
test,1138,0,1
test,1139,0,0
test,1140,0,2
test,1141,0,1
test,1142,0,2
test,1143,0,3
test,1144,0,7
test,1145,0,0
test,1146,0,1
test,1147,0,2
test,1148,0,3
test,1149,0,2
test,1150,0,2
test,1151,0,1
test,1152,0,0
test,1153,0,1
test,1154,0,4
test,1155,0,1
test,1156,0,2
test,1157,0,2
test,1158,0,0
test,1159,0,6
test,1160,0,1
test,1161,0,2
test,1162,0,1
test,1163,0,1
test,1164,0,1
test,1165,0,0
test,1166,0,1
test,1167,0,2
test,1168,0,2
test,1169,0,1
test,1170,0,2
test,1171,0,3
test,1172,0,4
test,1173,0,1
test,1174,0,2
test,1175,0,2
test,1176,0,4
test,1177,0,0
test,1178,0,0
test,1179,0,2
test,1180,0,2
test,1181,0,7
test,1182,0,7
test,1183,0,0
test,1184,0,2
test,1185,0,0
test,1186,0,1
test,1187,0,0
test,1188,0,7
test,1189,0,0
test,1190,0,1
test,1191,0,0
test,1192,0,2
test,1193,0,3
test,1194,0,2
test,1195,0,1
test,1196,0,1
test,1197,0,1
test,1198,0,2
test,1199,0,4
test,1200,0,1
test,1201,0,2
test,1202,0,1
test,1203,0,7
test,1204,0,4
test,1205,0,1
test,1206,0,0
test,1207,0,2
test,1208,0,1
test,1209,0,2
test,1210,0,0
test,1211,0,0
test,1212,0,3
test,1213,0,4
test,1214,0,3
test,1215,0,0
test,1216,0,1
test,1217,0,2
test,1218,0,3
test,1219,0,7
test,1220,0,0
test,1221,0,1
test,1222,0,2
test,1223,0,1
test,1224,0,1
test,1225,0,1
test,1226,0,5
test,1227,0,2
test,1228,0,7
test,1229,0,2
test,1230,0,0
test,1231,0,1
test,1232,0,1
test,1233,0,1
test,1234,0,1
test,1235,0,7
test,1236,0,1
test,1237,0,1
test,1238,0,2
test,1239,0,6
test,1240,0,1
test,1241,0,1
test,1242,0,4
test,1243,0,1
test,1244,0,2
test,1245,0,1
test,1246,0,1
test,1247,0,2
test,1248,0,1
test,1249,0,2
test,1250,0,1
test,1251,0,2
test,1252,0,2
test,1253,0,1
test,1254,0,4
test,1255,0,1
test,1256,0,2
test,1257,0,3
test,1258,0,0
test,1259,0,3
test,1260,0,1
test,1261,0,0
test,1262,0,1
test,1263,0,4
test,1264,0,1
test,1265,0,0
test,1266,0,1
test,1267,0,3
test,1268,0,4
test,1269,0,2
test,1270,0,4
test,1271,0,2
test,1272,0,7
test,1273,0,2
test,1274,0,2
test,1275,0,2
test,1276,0,2
test,1277,0,1
test,1278,0,0
test,1279,0,1
test,1280,0,0
test,1281,0,1
test,1282,0,4
test,1283,0,2
test,1284,0,1
test,1285,0,1
test,1286,0,6
test,1287,0,1
test,1288,0,2
test,1289,0,1
test,1290,0,2
test,1291,0,2
test,1292,0,1
test,1293,0,1
test,1294,0,1
test,1295,0,1
test,1296,0,1
test,1297,0,1
test,1298,0,7
test,1299,0,0
test,1300,0,0
test,1301,0,2
test,1302,0,1
test,1303,0,1
test,1304,0,2
test,1305,0,2
test,1306,0,3
test,1307,0,0
test,1308,0,1
test,1309,0,2
test,1310,0,2
test,1311,0,2
test,1312,0,2
test,1313,0,1
test,1314,0,4
test,1315,0,7
test,1316,0,0
test,1317,0,0
test,1318,0,1
test,1319,0,0
test,1320,0,1
test,1321,0,1
test,1322,0,0
test,1323,0,1
test,1324,0,1
test,1325,0,3
test,1326,0,0
test,1327,0,1
test,1328,0,0
test,1329,0,0
test,1330,0,1
test,1331,0,1
test,1332,0,2
test,1333,0,4
test,1334,0,2
test,1335,0,0
test,1336,0,3
test,1337,0,4
test,1338,0,2
test,1339,0,1
test,1340,0,2
test,1341,0,2
test,1342,0,2
test,1343,0,2
test,1344,0,1
test,1345,0,0
test,1346,0,1
test,1347,0,1
test,1348,0,0
test,1349,0,2
test,1350,0,4
test,1351,0,1
test,1352,0,1
test,1353,0,0
test,1354,0,0
test,1355,0,1
test,1356,0,2
test,1357,0,1
test,1358,0,7
test,1359,0,4
test,1360,0,1
test,1361,0,0
test,1362,0,0
test,1363,0,1
test,1364,0,1
test,1365,0,2
test,1366,0,1
test,1367,0,1
test,1368,0,1
test,1369,0,7
test,1370,0,1
test,1371,0,1
test,1372,0,3
test,1373,0,0
test,1374,0,2
test,1375,0,2
test,1376,0,2
test,1377,0,2
test,1378,0,2
test,1379,0,4
test,1380,0,1
test,1381,0,2
test,1382,0,1
test,1383,0,4
test,1384,0,0
test,1385,0,2
test,1386,0,0
test,1387,0,2
test,1388,0,2
test,1389,0,2
test,1390,0,0
test,1391,0,4
test,1392,0,1
test,1393,0,0
test,1394,0,2
test,1395,0,2
test,1396,0,2
test,1397,0,0
test,1398,0,0
test,1399,0,7
test,1400,0,5
test,1401,0,7
test,1402,0,3
test,1403,0,0
test,1404,0,1
test,1405,0,0
test,1406,0,1
test,1407,0,1
test,1408,0,2
test,1409,0,2
test,1410,0,0
test,1411,0,1
test,1412,0,1
test,1413,0,0
test,1414,0,4
test,1415,0,0
test,1416,0,2
test,1417,0,1
test,1418,0,2
test,1419,0,1
test,1420,0,0
test,1421,0,2
test,1422,0,2
test,1423,0,2
test,1424,0,0
test,1425,0,0
test,1426,0,1
test,1427,0,1
test,1428,0,0
test,1429,0,1
test,1430,0,0
test,1431,0,0
test,1432,0,2
test,1433,0,1
test,1434,0,2
test,1435,0,0
test,1436,0,3
test,1437,0,2
test,1438,0,1
test,1439,0,2
test,1440,0,3
test,1441,0,2
test,1442,0,2
test,1443,0,2
test,1444,0,1
test,1445,0,1
test,1446,0,0
test,1447,0,1
test,1448,0,1
test,1449,0,0
test,1450,0,1
test,1451,0,0
test,1452,0,1
test,1453,0,1
test,1454,0,1
test,1455,0,1
test,1456,0,2
test,1457,0,2
test,1458,0,2
test,1459,0,2
test,1460,0,0
test,1461,0,2
test,1462,0,2
test,1463,0,1
test,1464,0,1
test,1465,0,0
test,1466,0,3
test,1467,0,2
test,1468,0,1
test,1469,0,4
test,1470,0,3
test,1471,0,0
test,1472,0,2
test,1473,0,4
test,1474,0,0
test,1475,0,0
test,1476,0,4
test,1477,0,3
test,1478,0,5
test,1479,0,2
test,1480,0,0
test,1481,0,0
test,1482,0,1
test,1483,0,2
test,1484,0,2
test,1485,0,1
test,1486,0,1
test,1487,0,1
test,1488,0,4
test,1489,0,2
test,1490,0,7
test,1491,0,4
test,1492,0,1
test,1493,0,0
test,1494,0,2
test,1495,0,1
test,1496,0,0
test,1497,0,3
test,1498,0,0
test,1499,0,3
test,1500,0,1
test,1501,0,2
test,1502,0,1
test,1503,0,2
test,1504,0,5
test,1505,0,3
test,1506,0,2
test,1507,0,1
test,1508,0,4
test,1509,0,3
test,1510,0,7
test,1511,0,0
test,1512,0,2
test,1513,0,2
test,1514,0,0
test,1515,0,1
test,1516,0,2
test,1517,0,0
test,1518,0,2
test,1519,0,1
test,1520,0,1
test,1521,0,2
test,1522,0,0
test,1523,0,2
test,1524,0,0
test,1525,0,4
test,1526,0,1
test,1527,0,0
test,1528,0,2
test,1529,0,2
test,1530,0,0
test,1531,0,3
test,1532,0,2
test,1533,0,5
test,1534,0,2
test,1535,0,2
test,1536,0,1
test,1537,0,3
test,1538,0,3
test,1539,0,1
test,1540,0,0
test,1541,0,2
test,1542,0,1
test,1543,0,4
test,1544,0,1
test,1545,0,1
test,1546,0,4
test,1547,0,4
test,1548,0,1
test,1549,0,3
test,1550,0,4
test,1551,0,4
test,1552,0,0
test,1553,0,1
test,1554,0,1
test,1555,0,1
test,1556,0,4
test,1557,0,1
test,1558,0,0
test,1559,0,0
test,1560,0,2
test,1561,0,1
test,1562,0,4
test,1563,0,0
test,1564,0,0
test,1565,0,0
test,1566,0,0
test,1567,0,2
test,1568,0,2
test,1569,0,0
test,1570,0,4
test,1571,0,4
test,1572,0,4
test,1573,0,0
test,1574,0,1
test,1575,0,2
test,1576,0,1
test,1577,0,0
test,1578,0,4
test,1579,0,1
test,1580,0,1
test,1581,0,1
test,1582,0,1
test,1583,0,1
test,1584,0,2
test,1585,0,1
test,1586,0,4
test,1587,0,2
test,1588,0,0
test,1589,0,1
test,1590,0,1
test,1591,0,1
test,1592,0,1
test,1593,0,4
test,1594,0,1
test,1595,0,1
test,1596,0,2
test,1597,0,1
test,1598,0,1
test,1599,0,5
test,1600,0,1
test,1601,0,0
test,1602,0,1
test,1603,0,2
test,1604,0,1
test,1605,0,2
test,1606,0,1
test,1607,0,1
test,1608,0,0
test,1609,0,1
test,1610,0,4
test,1611,0,0
test,1612,0,6
test,1613,0,1
test,1614,0,0
test,1615,0,1
test,1616,0,1
test,1617,0,1
test,1618,0,0
test,1619,0,0
test,1620,0,6
test,1621,0,1
test,1622,0,0
test,1623,0,5
test,1624,0,0
test,1625,0,4
test,1626,0,0
test,1627,0,1
test,1628,0,3
test,1629,0,1
test,1630,0,3
test,1631,0,7
test,1632,0,4
test,1633,0,1
test,1634,0,0
test,1635,0,1
test,1636,0,2
test,1637,0,3
test,1638,0,1
test,1639,0,0
test,1640,0,1
test,1641,0,0
test,1642,0,1
test,1643,0,0
test,1644,0,2
test,1645,0,0
test,1646,0,6
test,1647,0,1
test,1648,0,2
test,1649,0,1
test,1650,0,1
test,1651,0,4
test,1652,0,0
test,1653,0,7
test,1654,0,2
test,1655,0,3
test,1656,0,0
test,1657,0,3
test,1658,0,0
test,1659,0,1
test,1660,0,4
test,1661,0,2
test,1662,0,1
test,1663,0,1
test,1664,0,1
test,1665,0,0
test,1666,0,2
test,1667,0,0
test,1668,0,1
test,1669,0,0
test,1670,0,1
test,1671,0,1
test,1672,0,2
test,1673,0,1
test,1674,0,4
test,1675,0,3
test,1676,0,1
test,1677,0,2
test,1678,0,0
test,1679,0,1
test,1680,0,1
test,1681,0,0
test,1682,0,1
test,1683,0,1
test,1684,0,1
test,1685,0,2
test,1686,0,3
test,1687,0,3
test,1688,0,1
test,1689,0,4
test,1690,0,0
test,1691,0,1
test,1692,0,0
test,1693,0,1
test,1694,0,1
test,1695,0,1
test,1696,0,2
test,1697,0,1
test,1698,0,0
test,1699,0,2
test,1700,0,0
test,1701,0,2
test,1702,0,1
test,1703,0,3
test,1704,0,1
test,1705,0,7
test,1706,0,2
test,1707,0,0
test,1708,0,0
test,1709,0,7
test,1710,0,0
test,1711,0,0
test,1712,0,1
test,1713,0,1
test,1714,0,1
test,1715,0,2
test,1716,0,4
test,1717,0,0
test,1718,0,1
test,1719,0,1
test,1720,0,7
test,1721,0,6
test,1722,0,0
test,1723,0,1
test,1724,0,0
test,1725,0,2
test,1726,0,0
test,1727,0,1
test,1728,0,2
test,1729,0,1
test,1730,0,1
test,1731,0,0
test,1732,0,0
test,1733,0,3
test,1734,0,0
test,1735,0,4
test,1736,0,1
test,1737,0,2
test,1738,0,2
test,1739,0,2
test,1740,0,3
test,1741,0,2
test,1742,0,0
test,1743,0,3
test,1744,0,1
test,1745,0,2
test,1746,0,1
test,1747,0,4
test,1748,0,4
test,1749,0,2
test,1750,0,7
test,1751,0,4
test,1752,0,0
test,1753,0,0
test,1754,0,3
test,1755,0,2
test,1756,0,1
test,1757,0,0
test,1758,0,1
test,1759,0,4
test,1760,0,2
test,1761,0,4
test,1762,0,1
test,1763,0,7
test,1764,0,2
test,1765,0,0
test,1766,0,0
test,1767,0,2
test,1768,0,5
test,1769,0,1
test,1770,0,1
test,1771,0,4
test,1772,0,6
test,1773,0,2
test,1774,0,0
test,1775,0,1
test,1776,0,1
test,1777,0,1
test,1778,0,0
test,1779,0,7
test,1780,0,1
test,1781,0,1
test,1782,0,1
test,1783,0,5
test,1784,0,3
test,1785,0,0
test,1786,0,4
test,1787,0,4
test,1788,0,2
test,1789,0,7
test,1790,0,2
test,1791,0,2
test,1792,0,1
test,1793,0,1
test,1794,0,2
test,1795,0,4
test,1796,0,1
test,1797,0,0
test,1798,0,0
test,1799,0,2
test,1800,0,4
test,1801,0,2
test,1802,0,0
test,1803,0,2
test,1804,0,0
test,1805,0,1
test,1806,0,4
test,1807,0,1
test,1808,0,2
test,1809,0,1
test,1810,0,1
test,1811,0,2
test,1812,0,0
test,1813,0,0
test,1814,0,2
test,1815,0,2
test,1816,0,1
test,1817,0,3
test,1818,0,4
test,1819,0,2
test,1820,0,7
test,1821,0,0
test,1822,0,5
test,1823,0,0
test,1824,0,1
test,1825,0,0
test,1826,0,4
test,1827,0,4
test,1828,0,5
test,1829,0,1
test,1830,0,2
test,1831,0,0
test,1832,0,1
test,1833,0,0
test,1834,0,2
test,1835,0,2
test,1836,0,1
test,1837,0,1
test,1838,0,1
test,1839,0,1
test,1840,0,0
test,1841,0,2
test,1842,0,2
test,1843,0,0
test,1844,0,2
test,1845,0,0
test,1846,0,2
test,1847,0,3
test,1848,0,3
test,1849,0,0
test,1850,0,2
test,1851,0,2
test,1852,0,1
test,1853,0,2
test,1854,0,2
test,1855,0,4
test,1856,0,0
test,1857,0,2
test,1858,0,2
test,1859,0,3
test,1860,0,1
test,1861,0,1
test,1862,0,0
test,1863,0,0
test,1864,0,1
test,1865,0,0
test,1866,0,1
test,1867,0,0
test,1868,0,1
test,1869,0,2
test,1870,0,2
test,1871,0,0
test,1872,0,4
test,1873,0,0
test,1874,0,4
test,1875,0,4
test,1876,0,1
test,1877,0,1
test,1878,0,1
test,1879,0,0
test,1880,0,0
test,1881,0,1
test,1882,0,1
test,1883,0,4
test,1884,0,0
test,1885,0,2
test,1886,0,1
test,1887,0,2
test,1888,0,1
test,1889,0,2
test,1890,0,4
test,1891,0,2
test,1892,0,4
test,1893,0,1
test,1894,0,0
test,1895,0,1
test,1896,0,2
test,1897,0,2
test,1898,0,2
test,1899,0,3
test,1900,0,1
test,1901,0,2
test,1902,0,7
test,1903,0,1
test,1904,0,1
test,1905,0,1
test,1906,0,2
test,1907,0,2
test,1908,0,3
test,1909,0,1
test,1910,0,0
test,1911,0,3
test,1912,0,2
test,1913,0,0
test,1914,0,2
test,1915,0,1
test,1916,0,5
test,1917,0,2
test,1918,0,4
test,1919,0,2
test,1920,0,2
test,1921,0,1
test,1922,0,2
test,1923,0,7
test,1924,0,6
test,1925,0,1
test,1926,0,0
test,1927,0,4
test,1928,0,1
test,1929,0,1
test,1930,0,0
test,1931,0,0
test,1932,0,0
test,1933,0,3
test,1934,0,0
test,1935,0,2
test,1936,0,2
test,1937,0,2
test,1938,0,0
test,1939,0,2
test,1940,0,0
test,1941,0,1
test,1942,0,2
test,1943,0,2
test,1944,0,2
test,1945,0,1
test,1946,0,2
test,1947,0,1
test,1948,0,2
test,1949,0,2
test,1950,0,3
test,1951,0,1
test,1952,0,2
test,1953,0,0
test,1954,0,1
test,1955,0,0
test,1956,0,2
test,1957,0,7
test,1958,0,1
test,1959,0,2
test,1960,0,0
test,1961,0,0
test,1962,0,1
test,1963,0,1
test,1964,0,1
test,1965,0,1
test,1966,0,1
test,1967,0,2
test,1968,0,1
test,1969,0,0
test,1970,0,1
test,1971,0,0
test,1972,0,2
test,1973,0,2
test,1974,0,0
test,1975,0,1
test,1976,0,2
test,1977,0,7
test,1978,0,3
test,1979,0,0
test,1980,0,4
test,1981,0,1
test,1982,0,1
test,1983,0,0
test,1984,0,2
test,1985,0,5
test,1986,0,1
test,1987,0,2
test,1988,0,1
test,1989,0,1
test,1990,0,4
test,1991,0,0
test,1992,0,2
test,1993,0,2
test,1994,0,1
test,1995,0,0
test,1996,0,2
test,1997,0,4
test,1998,0,4
test,1999,0,1
test,2000,0,1
test,2001,0,0
test,2002,0,0
test,2003,0,1
test,2004,0,1
test,2005,0,1
test,2006,0,0
test,2007,0,2
test,2008,0,0
test,2009,0,0
test,2010,0,0
test,2011,0,6
test,2012,0,2
test,2013,0,1
test,2014,0,1
test,2015,0,1
test,2016,0,3
test,2017,0,0
test,2018,0,4
test,2019,0,4
test,2020,0,2
test,2021,0,2
test,2022,0,0
test,2023,0,2
test,2024,0,1
test,2025,0,0
test,2026,0,0
test,2027,0,0
test,2028,0,2
test,2029,0,7
test,2030,0,2
test,2031,0,1
test,2032,0,3
test,2033,0,0
test,2034,0,1
test,2035,0,0
test,2036,0,3
test,2037,0,0
test,2038,0,1
test,2039,0,0
test,2040,0,1
test,2041,0,1
test,2042,0,1
test,2043,0,2
test,2044,0,1
test,2045,0,4
test,2046,0,0
test,2047,0,0
test,2048,0,3
test,2049,0,1
test,2050,0,1
test,2051,0,4
test,2052,0,2
test,2053,0,0
test,2054,0,2
test,2055,0,4
test,2056,0,2
test,2057,0,2
test,2058,0,1
test,2059,0,2
test,2060,0,2
test,2061,0,4
test,2062,0,0
test,2063,0,1
test,2064,0,2
test,2065,0,4
test,2066,0,0
test,2067,0,1
test,2068,0,0
test,2069,0,1
test,2070,0,4
test,2071,0,1
test,2072,0,4
test,2073,0,1
test,2074,0,1
test,2075,0,2
test,2076,0,1
test,2077,0,1
test,2078,0,4
test,2079,0,1
test,2080,0,1
test,2081,0,0
test,2082,0,1
test,2083,0,4
test,2084,0,0
test,2085,0,0
test,2086,0,0
test,2087,0,7
test,2088,0,0
test,2089,0,0
test,2090,0,1
test,2091,0,1
test,2092,0,0
test,2093,0,0
test,2094,0,1
test,2095,0,1
test,2096,0,1
test,2097,0,1
test,2098,0,1
test,2099,0,0
test,2100,0,2
test,2101,0,2
test,2102,0,7
test,2103,0,1
test,2104,0,2
test,2105,0,1
test,2106,0,1
test,2107,0,4
test,2108,0,1
test,2109,0,0
test,2110,0,7
test,2111,0,1
test,2112,0,0
test,2113,0,0
test,2114,0,2
test,2115,0,6
test,2116,0,0
test,2117,0,2
test,2118,0,1
test,2119,0,2
test,2120,0,2
test,2121,0,0
test,2122,0,4
test,2123,0,1
test,2124,0,1
test,2125,0,1
test,2126,0,2
test,2127,0,4
test,2128,0,0
test,2129,0,2
test,2130,0,1
test,2131,0,2
test,2132,0,3
test,2133,0,1
test,2134,0,1
test,2135,0,1
test,2136,0,2
test,2137,0,2
test,2138,0,1
test,2139,0,0
test,2140,0,2
test,2141,0,1
test,2142,0,0
test,2143,0,0
test,2144,0,1
test,2145,0,1
test,2146,0,3
test,2147,0,2
test,2148,0,2
test,2149,0,1
test,2150,0,3
test,2151,0,1
test,2152,0,0
test,2153,0,0
test,2154,0,4
test,2155,0,6
test,2156,0,1
test,2157,0,0
test,2158,0,0
test,2159,0,2
test,2160,0,2
test,2161,0,7
test,2162,0,2
test,2163,0,1
test,2164,0,2
test,2165,0,4
test,2166,0,1
test,2167,0,0
test,2168,0,0
test,2169,0,1
test,2170,0,0
test,2171,0,4
test,2172,0,2
test,2173,0,2
test,2174,0,4
test,2175,0,1
test,2176,0,0
test,2177,0,2
test,2178,0,2
test,2179,0,4
test,2180,0,3
test,2181,0,1
test,2182,0,0
test,2183,0,1
test,2184,0,0
test,2185,0,2
test,2186,0,0
test,2187,0,0
test,2188,0,2
test,2189,0,0
test,2190,0,1
test,2191,0,0
test,2192,0,1
test,2193,0,2
test,2194,0,2
test,2195,0,0
test,2196,0,1
test,2197,0,2
test,2198,0,0
test,2199,0,1
test,2200,0,1
test,2201,0,1
test,2202,0,0
test,2203,0,2
test,2204,0,4
test,2205,0,3
test,2206,0,1
test,2207,0,7
test,2208,0,0
test,2209,0,0
test,2210,0,0
test,2211,0,3
test,2212,0,2
test,2213,0,1
test,2214,0,0
test,2215,0,2
test,2216,0,4
test,2217,0,1
test,2218,0,7
test,2219,0,4
test,2220,0,2
test,2221,0,4
test,2222,0,3
test,2223,0,2
test,2224,0,1
test,2225,0,0
test,2226,0,1
test,2227,0,4
test,2228,0,0
test,2229,0,1
test,2230,0,4
test,2231,0,1
test,2232,0,4
test,2233,0,0
test,2234,0,1
test,2235,0,0
test,2236,0,7
test,2237,0,4
test,2238,0,2
test,2239,0,1
test,2240,0,0
test,2241,0,1
test,2242,0,4
test,2243,0,1
test,2244,0,0
test,2245,0,1
test,2246,0,0
test,2247,0,7
test,2248,0,2
test,2249,0,4
test,2250,0,1
test,2251,0,1
test,2252,0,3
test,2253,0,0
test,2254,0,4
test,2255,0,2
test,2256,0,0
test,2257,0,4
test,2258,0,0
test,2259,0,0
test,2260,0,0
test,2261,0,0
test,2262,0,0
test,2263,0,1
test,2264,0,1
test,2265,0,0
test,2266,0,0
test,2267,0,2
test,2268,0,5
test,2269,0,4
test,2270,0,1
test,2271,0,2
test,2272,0,2
test,2273,0,1
test,2274,0,2
test,2275,0,2
test,2276,0,1
test,2277,0,1
test,2278,0,1
test,2279,0,2
test,2280,0,3
test,2281,0,4
test,2282,0,1
test,2283,0,1
test,2284,0,7
test,2285,0,3
test,2286,0,2
test,2287,0,0
test,2288,0,4
test,2289,0,3
test,2290,0,6
test,2291,0,1
test,2292,0,2
test,2293,0,1
test,2294,0,1
test,2295,0,1
test,2296,0,1
test,2297,0,0
test,2298,0,1
test,2299,0,0
test,2300,0,1
test,2301,0,3
test,2302,0,0
test,2303,0,1
test,2304,0,2
test,2305,0,0
test,2306,0,1
test,2307,0,3
test,2308,0,3
test,2309,0,1
test,2310,0,1
test,2311,0,2
test,2312,0,2
test,2313,0,2
test,2314,0,2
test,2315,0,5
test,2316,0,3
test,2317,0,1
test,2318,0,0
test,2319,0,1
test,2320,0,1
test,2321,0,2
test,2322,0,3
test,2323,0,0
test,2324,0,1
test,2325,0,3
test,2326,0,2
test,2327,0,4
test,2328,0,1
test,2329,0,1
test,2330,0,2
test,2331,0,1
test,2332,0,0
test,2333,0,1
test,2334,0,6
test,2335,0,2
test,2336,0,0
test,2337,0,0
test,2338,0,1
test,2339,0,0
test,2340,0,0
test,2341,0,1
test,2342,0,0
test,2343,0,0
test,2344,0,0
test,2345,0,0
test,2346,0,0
test,2347,0,1
test,2348,0,2
test,2349,0,2
test,2350,0,1
test,2351,0,0
test,2352,0,1
test,2353,0,2
test,2354,0,4
test,2355,0,1
test,2356,0,0
test,2357,0,0
test,2358,0,1
test,2359,0,3
test,2360,0,4
test,2361,0,0
test,2362,0,2
test,2363,0,0
test,2364,0,2
test,2365,0,1
test,2366,0,0
test,2367,0,0
test,2368,0,1
test,2369,0,1
test,2370,0,0
test,2371,0,0
test,2372,0,1
test,2373,0,2
test,2374,0,0
test,2375,0,0
test,2376,0,3
test,2377,0,1
test,2378,0,1
test,2379,0,1
test,2380,0,2
test,2381,0,0
test,2382,0,1
test,2383,0,3
test,2384,0,4
test,2385,0,3
test,2386,0,7
test,2387,0,0
test,2388,0,0
test,2389,0,0
test,2390,0,1
test,2391,0,1
test,2392,0,3
test,2393,0,1
test,2394,0,5
test,2395,0,1
test,2396,0,2
test,2397,0,1
test,2398,0,0
test,2399,0,0
test,2400,0,0
test,2401,0,1
test,2402,0,1
test,2403,0,0
test,2404,0,0
test,2405,0,2
test,2406,0,1
test,2407,0,4
test,2408,0,1
test,2409,0,4
test,2410,0,1
test,2411,0,0
test,2412,0,1
test,2413,0,0
test,2414,0,1
test,2415,0,0
test,2416,0,2
test,2417,0,2
test,2418,0,1
test,2419,0,1
test,2420,0,0
test,2421,0,2
test,2422,0,1
test,2423,0,1
test,2424,0,1
test,2425,0,2
test,2426,0,2
test,2427,0,2
test,2428,0,2
test,2429,0,2
test,2430,0,2
test,2431,0,1
test,2432,0,1
test,2433,0,2
test,2434,0,2
test,2435,0,1
test,2436,0,0
test,2437,0,2
test,2438,0,0
test,2439,0,4
test,2440,0,7
test,2441,0,1
test,2442,0,2
test,2443,0,0
test,2444,0,1
test,2445,0,1
test,2446,0,7
test,2447,0,1
test,2448,0,4
test,2449,0,2
test,2450,0,1
test,2451,0,2
test,2452,0,2
test,2453,0,4
test,2454,0,1
test,2455,0,4
test,2456,0,1
test,2457,0,0
test,2458,0,1
test,2459,0,0
test,2460,0,0
test,2461,0,2
test,2462,0,1
test,2463,0,1
test,2464,0,1
test,2465,0,0
test,2466,0,2
test,2467,0,7
test,2468,0,0
test,2469,0,0
test,2470,0,1
test,2471,0,1
test,2472,0,2
test,2473,0,1
test,2474,0,0
test,2475,0,1
test,2476,0,1
test,2477,0,0
test,2478,0,2
test,2479,0,0
test,2480,0,1
test,2481,0,0
test,2482,0,1
test,2483,1,1
test,2484,1,1
test,2485,1,1
test,2486,1,1
test,2487,1,1
test,2488,1,1
test,2489,1,1
test,2490,1,1
test,2491,1,1
test,2492,1,1
test,2493,1,1
test,2494,1,1
test,2495,1,1
test,2496,1,1
test,2497,1,1
test,2498,1,1
test,2499,1,1
test,2500,1,1
test,2501,1,1
test,2502,1,1
test,2503,1,1
test,2504,1,1
test,2505,1,1
test,2506,1,1
test,2507,1,1
test,2508,1,1
test,2509,1,1
test,2510,1,1
test,2511,1,1
test,2512,1,1
test,2513,1,1
test,2514,1,1
test,2515,1,1
test,2516,1,1
test,2517,1,1
test,2518,1,1
test,2519,1,1
test,2520,1,1
test,2521,1,1
test,2522,1,5
test,2523,1,1
test,2524,1,1
test,2525,1,1
test,2526,1,1
test,2527,1,1
test,2528,1,1
test,2529,1,1
test,2530,1,1
test,2531,1,1
test,2532,1,1
test,2533,1,1
test,2534,1,1
test,2535,1,1
test,2536,1,1
test,2537,1,1
test,2538,1,1
test,2539,1,1
test,2540,1,1
test,2541,1,1
test,2542,1,1
test,2543,1,1
test,2544,1,1
test,2545,1,1
test,2546,1,1
test,2547,1,1
test,2548,1,1
test,2549,1,1
test,2550,1,1
test,2551,1,1
test,2552,1,1
test,2553,1,1
test,2554,1,0
test,2555,1,1
test,2556,1,1
test,2557,1,1
test,2558,1,1
test,2559,1,1
test,2560,1,1
test,2561,1,1
test,2562,1,1
test,2563,1,1
test,2564,1,5
test,2565,1,1
test,2566,1,1
test,2567,1,5
test,2568,1,1
test,2569,1,1
test,2570,1,1
test,2571,1,1
test,2572,1,1
test,2573,1,1
test,2574,1,1
test,2575,1,1
test,2576,1,4
test,2577,1,1
test,2578,1,1
test,2579,1,1
test,2580,1,1
test,2581,1,1
test,2582,1,1
test,2583,1,1
test,2584,1,1
test,2585,1,1
test,2586,1,1
test,2587,1,1
test,2588,1,6
test,2589,1,1
test,2590,1,1
test,2591,1,1
test,2592,1,1
test,2593,1,1
test,2594,1,1
test,2595,1,1
test,2596,1,1
test,2597,1,1
test,2598,1,1
test,2599,1,1
test,2600,1,1
test,2601,1,4
test,2602,1,1
test,2603,1,1
test,2604,1,1
test,2605,1,1
test,2606,1,1
test,2607,1,1
test,2608,1,1
test,2609,1,1
test,2610,1,1
test,2611,1,1
test,2612,1,1
test,2613,1,1
test,2614,1,4
test,2615,1,1
test,2616,1,1
test,2617,1,1
test,2618,1,1
test,2619,1,1
test,2620,1,1
test,2621,1,1
test,2622,1,1
test,2623,1,1
test,2624,1,1
test,2625,1,1
test,2626,1,1
test,2627,1,1
test,2628,1,1
test,2629,1,1
test,2630,1,1
test,2631,1,4
test,2632,1,1
test,2633,1,1
test,2634,1,1
test,2635,1,1
test,2636,1,1
test,2637,1,1
test,2638,1,1
test,2639,1,1
test,2640,1,1
test,2641,1,1
test,2642,1,1
test,2643,1,1
test,2644,1,1
test,2645,1,1
test,2646,1,1
test,2647,1,1
test,2648,1,1
test,2649,1,1
test,2650,1,1
test,2651,1,1
test,2652,1,1
test,2653,1,1
test,2654,1,1
test,2655,1,1
test,2656,1,1
test,2657,1,1
test,2658,1,1
test,2659,1,1
test,2660,1,1
test,2661,1,1
test,2662,1,1
test,2663,1,1
test,2664,1,1
test,2665,1,1
test,2666,1,1
test,2667,1,1
test,2668,1,1
test,2669,1,1
test,2670,1,1
test,2671,1,1
test,2672,1,1
test,2673,1,1
test,2674,1,1
test,2675,1,1
test,2676,1,1
test,2677,1,1
test,2678,1,1
test,2679,1,1
test,2680,1,1
test,2681,1,1
test,2682,1,1
test,2683,1,1
test,2684,1,1
test,2685,1,1
test,2686,1,1
test,2687,1,1
test,2688,1,1
test,2689,1,1
test,2690,1,1
test,2691,1,1
test,2692,1,1
test,2693,1,1
test,2694,1,1
test,2695,1,1
test,2696,1,1
test,2697,1,1
test,2698,1,1
test,2699,1,1
test,2700,1,1
test,2701,1,1
test,2702,1,5
test,2703,1,1
test,2704,1,1
test,2705,1,1
test,2706,1,1
test,2707,1,1
test,2708,1,1
test,2709,1,1
test,2710,1,1
test,2711,1,1
test,2712,1,1
test,2713,1,1
test,2714,1,1
test,2715,1,1
test,2716,1,1
test,2717,1,1
test,2718,1,1
test,2719,1,4
test,2720,1,1
test,2721,1,6
test,2722,1,1
test,2723,1,4
test,2724,1,1
test,2725,1,1
test,2726,1,1
test,2727,1,1
test,2728,1,1
test,2729,1,1
test,2730,1,1
test,2731,1,1
test,2732,1,1
test,2733,1,1
test,2734,1,1
test,2735,1,1
test,2736,1,1
test,2737,1,1
test,2738,1,1
test,2739,1,1
test,2740,1,1
test,2741,1,1
test,2742,1,4
test,2743,1,1
test,2744,1,1
test,2745,1,1
test,2746,1,1
test,2747,1,1
test,2748,1,1
test,2749,1,1
test,2750,1,1
test,2751,1,1
test,2752,1,1
test,2753,1,1
test,2754,1,1
test,2755,1,1
test,2756,1,1
test,2757,1,1
test,2758,1,1
test,2759,1,1
test,2760,1,1
test,2761,1,4
test,2762,1,1
test,2763,1,1
test,2764,1,1
test,2765,1,1
test,2766,1,1
test,2767,1,1
test,2768,1,1
test,2769,1,4
test,2770,1,1
test,2771,1,1
test,2772,1,1
test,2773,1,1
test,2774,1,1
test,2775,1,1
test,2776,1,1
test,2777,1,1
test,2778,1,1
test,2779,1,1
test,2780,1,1
test,2781,1,1
test,2782,1,1
test,2783,1,1
test,2784,1,1
test,2785,1,1
test,2786,1,1
test,2787,1,1
test,2788,1,1
test,2789,1,1
test,2790,1,1
test,2791,1,1
test,2792,1,1
test,2793,1,1
test,2794,1,1
test,2795,1,1
test,2796,1,1
test,2797,1,1
test,2798,1,1
test,2799,1,1
test,2800,1,1
test,2801,1,1
test,2802,1,1
test,2803,1,1
test,2804,1,1
test,2805,1,1
test,2806,1,1
test,2807,1,1
test,2808,1,1
test,2809,1,1
test,2810,1,1
test,2811,1,1
test,2812,1,1
test,2813,1,1
test,2814,1,1
test,2815,1,1
test,2816,1,1
test,2817,1,1
test,2818,1,1
test,2819,1,1
test,2820,1,1
test,2821,1,1
test,2822,1,1
test,2823,1,1
test,2824,1,1
test,2825,1,4
test,2826,1,1
test,2827,1,1
test,2828,1,1
test,2829,1,1
test,2830,1,1
test,2831,1,1
test,2832,1,1
test,2833,1,1
test,2834,1,1
test,2835,1,1
test,2836,1,1
test,2837,1,1
test,2838,1,1
test,2839,1,6
test,2840,1,1
test,2841,1,1
test,2842,1,1
test,2843,1,1
test,2844,1,1
test,2845,1,1
test,2846,1,1
test,2847,1,1
test,2848,1,1
test,2849,1,1
test,2850,1,1
test,2851,1,1
test,2852,1,1
test,2853,1,1
test,2854,1,1
test,2855,1,1
test,2856,1,1
test,2857,1,1
test,2858,1,1
test,2859,1,1
test,2860,1,1
test,2861,1,1
test,2862,1,1
test,2863,1,1
test,2864,1,1
test,2865,1,1
test,2866,1,1
test,2867,1,1
test,2868,1,1
test,2869,1,1
test,2870,1,1
test,2871,1,1
test,2872,1,1
test,2873,1,1
test,2874,1,1
test,2875,1,1
test,2876,1,1
test,2877,1,1
test,2878,1,1
test,2879,1,1
test,2880,1,1
test,2881,1,1
test,2882,1,1
test,2883,1,1
test,2884,1,1
test,2885,1,1
test,2886,1,1
test,2887,1,4
test,2888,1,1
test,2889,1,1
test,2890,1,1
test,2891,1,1
test,2892,1,1
test,2893,1,1
test,2894,1,1
test,2895,1,1
test,2896,1,1
test,2897,1,1
test,2898,1,5
test,2899,1,1
test,2900,1,1
test,2901,1,1
test,2902,1,1
test,2903,1,1
test,2904,1,1
test,2905,1,4
test,2906,1,1
test,2907,1,1
test,2908,1,1
test,2909,1,1
test,2910,1,4
test,2911,1,1
test,2912,1,1
test,2913,1,1
test,2914,1,1
test,2915,1,1
test,2916,1,1
test,2917,1,1
test,2918,1,1
test,2919,1,1
test,2920,1,1
test,2921,1,1
test,2922,1,1
test,2923,1,1
test,2924,1,1
test,2925,1,1
test,2926,1,6
test,2927,1,1
test,2928,1,6
test,2929,1,1
test,2930,1,1
test,2931,1,1
test,2932,1,1
test,2933,1,1
test,2934,1,1
test,2935,1,1
test,2936,1,1
test,2937,1,0
test,2938,1,1
test,2939,1,1
test,2940,1,1
test,2941,1,1
test,2942,1,1
test,2943,1,1
test,2944,1,1
test,2945,1,1
test,2946,1,1
test,2947,1,1
test,2948,1,1
test,2949,1,1
test,2950,1,1
test,2951,1,1
test,2952,1,1
test,2953,1,1
test,2954,1,1
test,2955,1,1
test,2956,1,1
test,2957,1,1
test,2958,1,1
test,2959,1,1
test,2960,1,1
test,2961,1,1
test,2962,1,1
test,2963,1,1
test,2964,1,1
test,2965,1,1
test,2966,1,1
test,2967,1,1
test,2968,1,1
test,2969,1,4
test,2970,1,1
test,2971,1,1
test,2972,1,1
test,2973,1,1
test,2974,1,1
test,2975,1,1
test,2976,1,1
test,2977,1,1
test,2978,1,1
test,2979,1,1
test,2980,1,6
test,2981,1,1
test,2982,1,4
test,2983,1,1
test,2984,1,1
test,2985,1,1
test,2986,1,1
test,2987,1,1
test,2988,1,1
test,2989,1,1
test,2990,1,0
test,2991,1,1
test,2992,1,1
test,2993,1,1
test,2994,1,1
test,2995,1,1
test,2996,1,1
test,2997,1,1
test,2998,1,1
test,2999,1,1
test,3000,1,6
test,3001,1,1
test,3002,1,1
test,3003,1,1
test,3004,1,1
test,3005,1,1
test,3006,1,1
test,3007,1,1
test,3008,1,1
test,3009,1,6
test,3010,1,1
test,3011,1,1
test,3012,1,1
test,3013,1,1
test,3014,1,4
test,3015,1,1
test,3016,1,1
test,3017,1,1
test,3018,1,1
test,3019,1,1
test,3020,1,1
test,3021,1,1
test,3022,1,1
test,3023,1,1
test,3024,1,1
test,3025,1,1
test,3026,1,1
test,3027,1,1
test,3028,1,1
test,3029,1,1
test,3030,1,1
test,3031,1,1
test,3032,1,1
test,3033,1,1
test,3034,1,1
test,3035,1,1
test,3036,1,1
test,3037,1,1
test,3038,1,1
test,3039,1,1
test,3040,1,1
test,3041,1,1
test,3042,1,1
test,3043,1,1
test,3044,1,1
test,3045,1,1
test,3046,1,1
test,3047,1,1
test,3048,1,1
test,3049,1,1
test,3050,1,1
test,3051,1,1
test,3052,1,1
test,3053,1,1
test,3054,1,4
test,3055,1,1
test,3056,1,1
test,3057,1,1
test,3058,1,1
test,3059,1,5
test,3060,1,1
test,3061,1,1
test,3062,1,1
test,3063,1,1
test,3064,1,1
test,3065,1,1
test,3066,1,1
test,3067,1,1
test,3068,1,1
test,3069,1,5
test,3070,1,1
test,3071,1,1
test,3072,1,1
test,3073,1,1
test,3074,1,1
test,3075,1,1
test,3076,1,1
test,3077,1,1
test,3078,1,1
test,3079,1,1
test,3080,1,1
test,3081,1,1
test,3082,1,1
test,3083,1,1
test,3084,1,1
test,3085,1,1
test,3086,1,1
test,3087,1,1
test,3088,1,1
test,3089,1,1
test,3090,1,1
test,3091,1,1
test,3092,1,1
test,3093,1,1
test,3094,1,1
test,3095,1,1
test,3096,1,1
test,3097,1,1
test,3098,1,1
test,3099,1,1
test,3100,1,1
test,3101,1,1
test,3102,1,1
test,3103,1,1
test,3104,1,1
test,3105,1,1
test,3106,1,1
test,3107,1,1
test,3108,1,4
test,3109,1,1
test,3110,1,1
test,3111,1,1
test,3112,1,1
test,3113,1,1
test,3114,1,1
test,3115,1,1
test,3116,1,1
test,3117,1,1
test,3118,1,1
test,3119,1,1
test,3120,1,1
test,3121,1,1
test,3122,1,1
test,3123,1,1
test,3124,1,1
test,3125,1,1
test,3126,1,1
test,3127,1,1
test,3128,1,1
test,3129,1,1
test,3130,1,1
test,3131,1,1
test,3132,1,4
test,3133,1,1
test,3134,1,1
test,3135,1,1
test,3136,1,1
test,3137,1,1
test,3138,1,1
test,3139,1,1
test,3140,1,1
test,3141,1,1
test,3142,1,1
test,3143,1,1
test,3144,1,1
test,3145,1,1
test,3146,1,1
test,3147,1,1
test,3148,1,1
test,3149,1,1
test,3150,1,1
test,3151,1,1
test,3152,1,1
test,3153,1,1
test,3154,1,1
test,3155,1,1
test,3156,1,1
test,3157,1,4
test,3158,1,1
test,3159,1,1
test,3160,1,1
test,3161,1,1
test,3162,1,4
test,3163,1,1
test,3164,1,1
test,3165,1,4
test,3166,1,1
test,3167,1,1
test,3168,1,1
test,3169,1,1
test,3170,1,1
test,3171,1,1
test,3172,1,1
test,3173,1,1
test,3174,1,1
test,3175,1,4
test,3176,1,1
test,3177,1,4
test,3178,1,1
test,3179,1,1
test,3180,1,1
test,3181,1,1
test,3182,1,1
test,3183,1,1
test,3184,1,4
test,3185,1,1
test,3186,1,1
test,3187,1,1
test,3188,1,1
test,3189,1,1
test,3190,1,1
test,3191,1,1
test,3192,1,1
test,3193,1,1
test,3194,1,1
test,3195,1,1
test,3196,1,1
test,3197,1,1
test,3198,1,1
test,3199,1,1
test,3200,1,1
test,3201,1,1
test,3202,1,1
test,3203,1,0
test,3204,1,6
test,3205,1,1
test,3206,1,1
test,3207,1,1
test,3208,1,4
test,3209,1,1
test,3210,1,1
test,3211,1,1
test,3212,1,1
test,3213,1,1
test,3214,1,1
test,3215,1,1
test,3216,1,1
test,3217,1,1
test,3218,1,1
test,3219,1,1
test,3220,1,1
test,3221,1,1
test,3222,1,1
test,3223,1,1
test,3224,1,1
test,3225,1,1
test,3226,1,1
test,3227,1,1
test,3228,1,1
test,3229,1,1
test,3230,1,1
test,3231,1,1
test,3232,1,1
test,3233,1,1
test,3234,1,1
test,3235,1,1
test,3236,1,1
test,3237,1,1
test,3238,1,1
test,3239,1,1
test,3240,1,1
test,3241,1,1
test,3242,1,1
test,3243,1,4
test,3244,1,1
test,3245,1,1
test,3246,1,1
test,3247,1,1
test,3248,1,1
test,3249,1,1
test,3250,1,4
test,3251,1,1
test,3252,1,1
test,3253,1,1
test,3254,1,1
test,3255,1,1
test,3256,1,1
test,3257,1,1
test,3258,1,1
test,3259,1,1
test,3260,1,1
test,3261,1,1
test,3262,1,1
test,3263,1,1
test,3264,1,1
test,3265,1,1
test,3266,1,1
test,3267,1,1
test,3268,1,1
test,3269,1,1
test,3270,1,1
test,3271,1,1
test,3272,1,1
test,3273,1,1
test,3274,2,1
test,3275,2,0
test,3276,2,2
test,3277,2,1
test,3278,2,1
test,3279,2,4
test,3280,2,0
test,3281,2,2
test,3282,2,4
test,3283,2,1
test,3284,2,2
test,3285,2,0
test,3286,2,1
test,3287,2,1
test,3288,2,1
test,3289,2,2
test,3290,2,1
test,3291,2,0
test,3292,2,1
test,3293,2,1
test,3294,2,6
test,3295,2,1
test,3296,2,4
test,3297,2,4
test,3298,2,1
test,3299,2,1
test,3300,2,1
test,3301,2,1
test,3302,2,0
test,3303,2,1
test,3304,2,0
test,3305,2,1
test,3306,2,4
test,3307,2,5
test,3308,2,2
test,3309,2,4
test,3310,2,1
test,3311,2,1
test,3312,2,1
test,3313,2,1
test,3314,2,1
test,3315,2,0
test,3316,2,1
test,3317,2,1
test,3318,2,1
test,3319,2,0
test,3320,2,1
test,3321,2,0
test,3322,2,1
test,3323,2,4
test,3324,2,0
test,3325,2,1
test,3326,2,1
test,3327,2,4
test,3328,2,0
test,3329,2,1
test,3330,2,1
test,3331,2,4
test,3332,2,0
test,3333,2,0
test,3334,2,1
test,3335,2,1
test,3336,2,1
test,3337,2,5
test,3338,2,1
test,3339,2,1
test,3340,2,1
test,3341,2,1
test,3342,2,2
test,3343,2,0
test,3344,2,1
test,3345,2,1
test,3346,2,4
test,3347,2,4
test,3348,2,4
test,3349,2,1
test,3350,2,1
test,3351,2,1
test,3352,2,0
test,3353,2,1
test,3354,2,0
test,3355,2,1
test,3356,2,0
test,3357,2,1
test,3358,2,1
test,3359,2,4
test,3360,2,1
test,3361,2,4
test,3362,2,1
test,3363,2,0
test,3364,2,1
test,3365,2,1
test,3366,2,4
test,3367,2,4
test,3368,2,1
test,3369,2,0
test,3370,2,1
test,3371,2,4
test,3372,2,1
test,3373,2,1
test,3374,2,1
test,3375,2,4
test,3376,2,4
test,3377,2,1
test,3378,2,2
test,3379,2,0
test,3380,2,5
test,3381,2,1
test,3382,2,4
test,3383,2,0
test,3384,2,1
test,3385,2,1
test,3386,2,1
test,3387,2,0
test,3388,2,1
test,3389,2,1
test,3390,2,0
test,3391,2,0
test,3392,2,1
test,3393,2,1
test,3394,2,2
test,3395,2,2
test,3396,2,1
test,3397,2,1
test,3398,2,0
test,3399,2,0
test,3400,2,5
test,3401,2,1
test,3402,2,1
test,3403,2,4
test,3404,2,1
test,3405,2,1
test,3406,2,4
test,3407,2,1
test,3408,2,0
test,3409,2,1
test,3410,2,1
test,3411,2,1
test,3412,2,1
test,3413,2,0
test,3414,2,0
test,3415,2,4
test,3416,2,1
test,3417,2,1
test,3418,2,0
test,3419,2,1
test,3420,2,1
test,3421,2,1
test,3422,2,6
test,3423,2,0
test,3424,2,1
test,3425,2,4
test,3426,2,2
test,3427,2,0
test,3428,2,1
test,3429,2,1
test,3430,2,2
test,3431,2,0
test,3432,2,1
test,3433,2,2
test,3434,2,1
test,3435,2,4
test,3436,2,1
test,3437,2,1
test,3438,2,1
test,3439,2,4
test,3440,2,0
test,3441,2,0
test,3442,2,1
test,3443,2,0
test,3444,2,1
test,3445,2,1
test,3446,2,4
test,3447,2,1
test,3448,2,0
test,3449,2,1
test,3450,2,1
test,3451,2,0
test,3452,2,0
test,3453,2,1
test,3454,2,1
test,3455,2,1
test,3456,2,1
test,3457,2,2
test,3458,2,0
test,3459,2,4
test,3460,2,4
test,3461,2,1
test,3462,2,1
test,3463,2,0
test,3464,2,0
test,3465,2,0
test,3466,2,1
test,3467,2,0
test,3468,2,1
test,3469,2,1
test,3470,2,1
test,3471,2,1
test,3472,2,1
test,3473,2,1
test,3474,2,1
test,3475,2,0
test,3476,2,4
test,3477,2,1
test,3478,2,0
test,3479,2,1
test,3480,2,6
test,3481,2,4
test,3482,2,1
test,3483,2,0
test,3484,2,1
test,3485,2,0
test,3486,2,6
test,3487,2,0
test,3488,2,2
test,3489,2,1
test,3490,2,0
test,3491,2,1
test,3492,2,1
test,3493,2,0
test,3494,2,0
test,3495,2,0
test,3496,2,0
test,3497,2,1
test,3498,2,6
test,3499,2,6
test,3500,2,1
test,3501,2,1
test,3502,2,0
test,3503,2,1
test,3504,2,1
test,3505,2,1
test,3506,2,1
test,3507,2,1
test,3508,2,1
test,3509,2,0
test,3510,2,1
test,3511,2,1
test,3512,2,1
test,3513,2,1
test,3514,2,1
test,3515,2,1
test,3516,2,1
test,3517,2,0
test,3518,2,0
test,3519,2,1
test,3520,2,0
test,3521,2,0
test,3522,2,0
test,3523,2,0
test,3524,2,4
test,3525,2,4
test,3526,2,1
test,3527,2,1
test,3528,2,0
test,3529,2,1
test,3530,2,1
test,3531,2,1
test,3532,2,1
test,3533,2,1
test,3534,2,1
test,3535,2,1
test,3536,2,1
test,3537,2,1
test,3538,2,1
test,3539,2,4
test,3540,2,1
test,3541,2,1
test,3542,2,1
test,3543,2,1
test,3544,2,1
test,3545,2,1
test,3546,2,1
test,3547,2,1
test,3548,2,0
test,3549,2,4
test,3550,2,1
test,3551,2,1
test,3552,2,4
test,3553,2,1
test,3554,2,1
test,3555,2,1
test,3556,2,0
test,3557,2,4
test,3558,2,1
test,3559,2,1
test,3560,2,2
test,3561,2,1
test,3562,2,1
test,3563,2,6
test,3564,2,2
test,3565,2,4
test,3566,2,4
test,3567,2,0
test,3568,2,0
test,3569,2,1
test,3570,2,1
test,3571,2,4
test,3572,2,4
test,3573,2,2
test,3574,2,1
test,3575,2,2
test,3576,2,5
test,3577,2,1
test,3578,2,1
test,3579,2,4
test,3580,2,2
test,3581,2,1
test,3582,2,1
test,3583,2,4
test,3584,2,2
test,3585,2,1
test,3586,2,1
test,3587,2,1
test,3588,2,4
test,3589,2,1
test,3590,2,1
test,3591,2,0
test,3592,2,1
test,3593,2,4
test,3594,2,1
test,3595,2,1
test,3596,2,1
test,3597,2,1
test,3598,2,0
test,3599,2,4
test,3600,2,1
test,3601,2,1
test,3602,2,1
test,3603,2,0
test,3604,2,1
test,3605,2,6
test,3606,2,1
test,3607,2,1
test,3608,2,1
test,3609,2,1
test,3610,2,1
test,3611,2,1
test,3612,2,1
test,3613,2,1
test,3614,2,0
test,3615,2,0
test,3616,2,4
test,3617,2,1
test,3618,2,2
test,3619,2,2
test,3620,2,1
test,3621,2,1
test,3622,2,5
test,3623,2,0
test,3624,2,1
test,3625,2,1
test,3626,2,1
test,3627,2,4
test,3628,2,0
test,3629,2,0
test,3630,2,0
test,3631,2,0
test,3632,2,1
test,3633,2,0
test,3634,2,0
test,3635,2,1
test,3636,2,1
test,3637,2,1
test,3638,2,1
test,3639,2,0
test,3640,2,1
test,3641,2,2
test,3642,2,4
test,3643,2,1
test,3644,2,0
test,3645,2,1
test,3646,2,1
test,3647,2,0
test,3648,2,0
test,3649,2,0
test,3650,2,1
test,3651,2,5
test,3652,2,1
test,3653,2,0
test,3654,2,1
test,3655,2,1
test,3656,2,4
test,3657,2,1
test,3658,2,1
test,3659,2,0
test,3660,2,1
test,3661,2,1
test,3662,2,1
test,3663,2,1
test,3664,2,1
test,3665,2,1
test,3666,2,1
test,3667,2,1
test,3668,2,1
test,3669,2,1
test,3670,2,4
test,3671,2,0
test,3672,2,1
test,3673,2,1
test,3674,2,1
test,3675,2,0
test,3676,2,1
test,3677,2,2
test,3678,2,4
test,3679,2,4
test,3680,2,1
test,3681,2,1
test,3682,2,1
test,3683,2,4
test,3684,2,6
test,3685,2,2
test,3686,2,1
test,3687,2,1
test,3688,2,6
test,3689,2,4
test,3690,2,1
test,3691,2,1
test,3692,2,0
test,3693,2,1
test,3694,2,1
test,3695,2,1
test,3696,2,4
test,3697,2,1
test,3698,2,1
test,3699,2,1
test,3700,2,1
test,3701,2,4
test,3702,2,1
test,3703,2,0
test,3704,2,2
test,3705,2,1
test,3706,2,1
test,3707,2,1
test,3708,2,1
test,3709,2,0
test,3710,2,1
test,3711,2,2
test,3712,2,0
test,3713,2,1
test,3714,2,0
test,3715,2,1
test,3716,2,1
test,3717,2,4
test,3718,2,1
test,3719,2,0
test,3720,2,0
test,3721,2,1
test,3722,2,1
test,3723,2,0
test,3724,2,1
test,3725,2,0
test,3726,2,1
test,3727,2,1
test,3728,2,2
test,3729,2,1
test,3730,2,0
test,3731,2,4
test,3732,2,1
test,3733,2,4
test,3734,2,0
test,3735,2,1
test,3736,2,0
test,3737,2,1
test,3738,2,1
test,3739,2,1
test,3740,2,1
test,3741,2,4
test,3742,2,1
test,3743,2,1
test,3744,2,1
test,3745,2,1
test,3746,2,1
test,3747,2,1
test,3748,2,5
test,3749,2,1
test,3750,2,1
test,3751,2,1
test,3752,2,0
test,3753,2,1
test,3754,2,1
test,3755,2,1
test,3756,2,1
test,3757,2,6
test,3758,2,1
test,3759,2,1
test,3760,2,4
test,3761,2,6
test,3762,2,1
test,3763,2,1
test,3764,2,0
test,3765,2,6
test,3766,2,4
test,3767,2,1
test,3768,2,4
test,3769,2,0
test,3770,2,1
test,3771,2,0
test,3772,2,0
test,3773,2,4
test,3774,2,4
test,3775,2,0
test,3776,2,2
test,3777,2,6
test,3778,2,6
test,3779,2,4
test,3780,2,1
test,3781,2,1
test,3782,2,1
test,3783,2,0
test,3784,2,1
test,3785,2,1
test,3786,2,1
test,3787,2,1
test,3788,2,1
test,3789,2,0
test,3790,2,1
test,3791,2,1
test,3792,2,0
test,3793,2,1
test,3794,2,1
test,3795,2,1
test,3796,2,0
test,3797,2,6
test,3798,2,1
test,3799,2,5
test,3800,2,0
test,3801,2,1
test,3802,2,1
test,3803,2,1
test,3804,2,1
test,3805,2,1
test,3806,2,1
test,3807,2,1
test,3808,2,1
test,3809,2,4
test,3810,2,1
test,3811,2,0
test,3812,2,3
test,3813,2,0
test,3814,2,4
test,3815,2,6
test,3816,2,1
test,3817,2,1
test,3818,2,1
test,3819,2,1
test,3820,2,1
test,3821,2,1
test,3822,2,2
test,3823,2,4
test,3824,2,2
test,3825,2,4
test,3826,2,0
test,3827,2,1
test,3828,2,1
test,3829,2,0
test,3830,2,1
test,3831,2,0
test,3832,2,1
test,3833,2,1
test,3834,2,1
test,3835,2,4
test,3836,2,1
test,3837,2,1
test,3838,2,0
test,3839,2,4
test,3840,2,1
test,3841,2,2
test,3842,2,1
test,3843,2,1
test,3844,2,1
test,3845,2,0
test,3846,2,4
test,3847,2,4
test,3848,2,0
test,3849,2,1
test,3850,2,0
test,3851,2,4
test,3852,2,1
test,3853,2,1
test,3854,2,1
test,3855,2,4
test,3856,2,4
test,3857,2,0
test,3858,2,1
test,3859,2,1
test,3860,2,0
test,3861,2,4
test,3862,2,2
test,3863,2,1
test,3864,2,4
test,3865,2,4
test,3866,2,1
test,3867,2,1
test,3868,2,1
test,3869,2,4
test,3870,2,0
test,3871,2,4
test,3872,2,1
test,3873,2,1
test,3874,2,1
test,3875,2,1
test,3876,2,2
test,3877,2,2
test,3878,2,5
test,3879,2,4
test,3880,2,0
test,3881,2,0
test,3882,2,4
test,3883,2,4
test,3884,2,0
test,3885,2,0
test,3886,2,1
test,3887,2,4
test,3888,2,1
test,3889,2,0
test,3890,2,0
test,3891,2,1
test,3892,2,0
test,3893,2,1
test,3894,2,0
test,3895,2,1
test,3896,2,0
test,3897,2,1
test,3898,2,1
test,3899,2,0
test,3900,2,1
test,3901,2,1
test,3902,2,1
test,3903,2,1
test,3904,2,2
test,3905,2,0
test,3906,2,1
test,3907,2,4
test,3908,2,5
test,3909,2,2
test,3910,2,1
test,3911,2,0
test,3912,2,1
test,3913,2,0
test,3914,2,1
test,3915,2,1
test,3916,2,0
test,3917,2,0
test,3918,2,4
test,3919,2,1
test,3920,2,0
test,3921,2,1
test,3922,2,0
test,3923,2,1
test,3924,2,1
test,3925,2,1
test,3926,2,0
test,3927,2,0
test,3928,2,4
test,3929,2,4
test,3930,2,6
test,3931,2,4
test,3932,2,0
test,3933,2,4
test,3934,2,1
test,3935,2,4
test,3936,2,1
test,3937,2,1
test,3938,2,1
test,3939,2,0
test,3940,2,0
test,3941,2,0
test,3942,2,4
test,3943,2,1
test,3944,2,0
test,3945,2,4
test,3946,3,0
test,3947,3,1
test,3948,3,4
test,3949,3,1
test,3950,3,1
test,3951,3,2
test,3952,3,4
test,3953,3,1
test,3954,3,7
test,3955,3,4
test,3956,3,2
test,3957,3,2
test,3958,3,5
test,3959,3,1
test,3960,3,7
test,3961,3,1
test,3962,3,4
test,3963,3,4
test,3964,3,1
test,3965,3,1
test,3966,3,4
test,3967,3,2
test,3968,3,2
test,3969,3,4
test,3970,3,4
test,3971,3,4
test,3972,3,3
test,3973,3,1
test,3974,3,1
test,3975,3,2
test,3976,3,3
test,3977,3,7
test,3978,3,1
test,3979,3,1
test,3980,3,2
test,3981,3,1
test,3982,3,0
test,3983,3,4
test,3984,3,4
test,3985,3,7
test,3986,3,7
test,3987,3,7
test,3988,3,7
test,3989,3,1
test,3990,3,4
test,3991,3,2
test,3992,3,2
test,3993,3,7
test,3994,3,0
test,3995,3,1
test,3996,3,1
test,3997,3,1
test,3998,3,3
test,3999,3,1
test,4000,3,1
test,4001,3,1
test,4002,3,4
test,4003,3,7
test,4004,3,1
test,4005,3,1
test,4006,3,0
test,4007,3,1
test,4008,3,0
test,4009,3,2
test,4010,3,3
test,4011,3,1
test,4012,3,0
test,4013,3,0
test,4014,3,2
test,4015,3,0
test,4016,3,1
test,4017,3,1
test,4018,3,1
test,4019,3,1
test,4020,3,1
test,4021,3,0
test,4022,3,0
test,4023,3,2
test,4024,3,2
test,4025,3,1
test,4026,3,1
test,4027,3,2
test,4028,3,2
test,4029,3,0
test,4030,3,0
test,4031,3,2
test,4032,3,2
test,4033,3,0
test,4034,3,1
test,4035,3,7
test,4036,3,2
test,4037,3,5
test,4038,3,4
test,4039,3,0
test,4040,3,3
test,4041,3,1
test,4042,3,1
test,4043,3,4
test,4044,3,4
test,4045,3,1
test,4046,3,0
test,4047,3,2
test,4048,3,4
test,4049,3,2
test,4050,3,1
test,4051,3,1
test,4052,3,1
test,4053,3,2
test,4054,3,7
test,4055,3,0
test,4056,3,2
test,4057,3,1
test,4058,3,1
test,4059,3,4
test,4060,3,1
test,4061,3,2
test,4062,3,4
test,4063,3,4
test,4064,3,0
test,4065,3,1
test,4066,3,3
test,4067,3,0
test,4068,3,4
test,4069,3,4
test,4070,3,1
test,4071,3,4
test,4072,3,1
test,4073,3,2
test,4074,3,0
test,4075,3,1
test,4076,3,2
test,4077,3,4
test,4078,3,1
test,4079,3,4
test,4080,3,4
test,4081,3,3
test,4082,3,2
test,4083,3,1
test,4084,3,0
test,4085,3,1
test,4086,3,0
test,4087,3,1
test,4088,3,1
test,4089,3,4
test,4090,3,0
test,4091,3,7
test,4092,3,2
test,4093,3,2
test,4094,3,4
test,4095,3,1
test,4096,3,2
test,4097,3,0
test,4098,3,1
test,4099,3,1
test,4100,3,1
test,4101,3,1
test,4102,3,1
test,4103,3,1
test,4104,3,7
test,4105,3,1
test,4106,3,0
test,4107,3,0
test,4108,3,2
test,4109,3,4
test,4110,3,0
test,4111,3,7
test,4112,3,1
test,4113,3,0
test,4114,3,4
test,4115,3,5
test,4116,3,4
test,4117,3,5
test,4118,3,2
test,4119,3,3
test,4120,3,0
test,4121,3,4
test,4122,3,7
test,4123,3,4
test,4124,3,7
test,4125,3,0
test,4126,3,7
test,4127,3,1
test,4128,3,1
test,4129,3,1
test,4130,3,1
test,4131,3,3
test,4132,3,7
test,4133,3,2
test,4134,3,5
test,4135,3,1
test,4136,3,0
test,4137,3,0
test,4138,3,4
test,4139,3,1
test,4140,3,4
test,4141,3,3
test,4142,3,1
test,4143,3,2
test,4144,3,0
test,4145,3,4
test,4146,3,1
test,4147,3,1
test,4148,3,1
test,4149,3,1
test,4150,3,0
test,4151,3,1
test,4152,3,2
test,4153,3,1
test,4154,3,7
test,4155,3,1
test,4156,3,0
test,4157,3,0
test,4158,3,3
test,4159,3,7
test,4160,3,1
test,4161,3,0
test,4162,3,1
test,4163,3,1
test,4164,3,0
test,4165,3,1
test,4166,3,2
test,4167,3,1
test,4168,3,0
test,4169,3,4
test,4170,3,0
test,4171,3,1
test,4172,3,7
test,4173,3,4
test,4174,3,1
test,4175,3,2
test,4176,3,1
test,4177,3,2
test,4178,3,4
test,4179,3,7
test,4180,3,0
test,4181,3,2
test,4182,3,7
test,4183,3,1
test,4184,3,4
test,4185,3,1
test,4186,3,4
test,4187,3,2
test,4188,3,7
test,4189,3,2
test,4190,3,4
test,4191,3,7
test,4192,3,0
test,4193,3,1
test,4194,3,3
test,4195,3,1
test,4196,3,1
test,4197,3,0
test,4198,3,1
test,4199,3,4
test,4200,3,4
test,4201,3,1
test,4202,3,0
test,4203,3,2
test,4204,3,4
test,4205,3,1
test,4206,3,1
test,4207,3,1
test,4208,3,4
test,4209,3,4
test,4210,3,4
test,4211,3,2
test,4212,3,5
test,4213,3,4
test,4214,3,1
test,4215,3,0
test,4216,3,7
test,4217,3,0
test,4218,3,1
test,4219,3,7
test,4220,3,0
test,4221,3,1
test,4222,3,1
test,4223,3,0
test,4224,3,2
test,4225,3,2
test,4226,3,0
test,4227,3,4
test,4228,3,3
test,4229,3,2
test,4230,3,2
test,4231,3,3
test,4232,3,4
test,4233,3,2
test,4234,3,1
test,4235,3,2
test,4236,3,7
test,4237,3,1
test,4238,3,1
test,4239,3,0
test,4240,3,1
test,4241,3,1
test,4242,3,4
test,4243,3,2
test,4244,3,3
test,4245,3,4
test,4246,3,0
test,4247,3,4
test,4248,3,1
test,4249,3,0
test,4250,3,1
test,4251,3,0
test,4252,3,2
test,4253,3,1
test,4254,3,0
test,4255,3,4
test,4256,3,1
test,4257,3,4
test,4258,3,2
test,4259,3,1
test,4260,3,4
test,4261,3,2
test,4262,3,1
test,4263,3,2
test,4264,3,4
test,4265,3,4
test,4266,3,1
test,4267,3,1
test,4268,3,1
test,4269,3,4
test,4270,3,1
test,4271,3,1
test,4272,3,4
test,4273,3,1
test,4274,3,4
test,4275,3,2
test,4276,3,1
test,4277,3,1
test,4278,3,0
test,4279,3,1
test,4280,3,1
test,4281,3,2
test,4282,3,1
test,4283,3,4
test,4284,3,7
test,4285,3,1
test,4286,3,7
test,4287,3,0
test,4288,3,4
test,4289,3,2
test,4290,3,7
test,4291,3,0
test,4292,3,1
test,4293,3,1
test,4294,3,2
test,4295,3,1
test,4296,3,1
test,4297,3,5
test,4298,3,1
test,4299,3,3
test,4300,3,7
test,4301,3,4
test,4302,3,4
test,4303,3,1
test,4304,3,7
test,4305,3,5
test,4306,3,4
test,4307,3,4
test,4308,3,1
test,4309,3,0
test,4310,3,1
test,4311,3,4
test,4312,3,1
test,4313,3,7
test,4314,3,4
test,4315,3,4
test,4316,3,4
test,4317,3,1
test,4318,3,0
test,4319,3,1
test,4320,3,2
test,4321,3,1
test,4322,3,1
test,4323,3,7
test,4324,3,2
test,4325,3,7
test,4326,3,2
test,4327,3,4
test,4328,3,7
test,4329,3,2
test,4330,3,0
test,4331,3,1
test,4332,3,3
test,4333,3,4
test,4334,3,0
test,4335,3,2
test,4336,3,2
test,4337,3,1
test,4338,3,3
test,4339,3,1
test,4340,3,7
test,4341,3,7
test,4342,3,0
test,4343,3,4
test,4344,3,4
test,4345,3,2
test,4346,3,4
test,4347,3,2
test,4348,3,1
test,4349,3,1
test,4350,3,4
test,4351,3,1
test,4352,3,1
test,4353,3,1
test,4354,3,1
test,4355,3,0
test,4356,3,1
test,4357,3,2
test,4358,3,0
test,4359,3,1
test,4360,3,3
test,4361,3,5
test,4362,3,2
test,4363,3,1
test,4364,3,4
test,4365,3,3
test,4366,3,1
test,4367,3,4
test,4368,3,3
test,4369,3,1
test,4370,3,3
test,4371,3,3
test,4372,3,0
test,4373,3,1
test,4374,3,2
test,4375,3,4
test,4376,3,7
test,4377,3,0
test,4378,3,1
test,4379,3,1
test,4380,3,4
test,4381,3,1
test,4382,3,2
test,4383,3,2
test,4384,3,7
test,4385,3,7
test,4386,3,4
test,4387,3,4
test,4388,3,2
test,4389,3,1
test,4390,3,2
test,4391,3,5
test,4392,3,1
test,4393,3,1
test,4394,3,2
test,4395,3,0
test,4396,3,1
test,4397,3,1
test,4398,4,4
test,4399,4,1
test,4400,4,4
test,4401,4,0
test,4402,4,0
test,4403,4,4
test,4404,4,0
test,4405,4,1
test,4406,4,4
test,4407,4,4
test,4408,4,1
test,4409,4,0
test,4410,4,4
test,4411,4,1
test,4412,4,1
test,4413,4,0
test,4414,4,1
test,4415,4,1
test,4416,4,1
test,4417,4,1
test,4418,4,0
test,4419,4,1
test,4420,4,0
test,4421,4,1
test,4422,4,0
test,4423,4,1
test,4424,4,1
test,4425,4,0
test,4426,4,0
test,4427,4,1
test,4428,4,4
test,4429,4,0
test,4430,4,1
test,4431,4,4
test,4432,4,0
test,4433,4,1
test,4434,4,0
test,4435,4,0
test,4436,4,0
test,4437,4,4
test,4438,4,1
test,4439,4,1
test,4440,4,4
test,4441,4,1
test,4442,4,4
test,4443,4,4
test,4444,4,4
test,4445,4,1
test,4446,4,0
test,4447,4,0
test,4448,4,0
test,4449,4,4
test,4450,4,4
test,4451,4,0
test,4452,4,1
test,4453,4,4
test,4454,4,0
test,4455,4,4
test,4456,4,1
test,4457,4,0
test,4458,4,4
test,4459,4,4
test,4460,4,0
test,4461,4,1
test,4462,4,0
test,4463,4,0
test,4464,4,0
test,4465,4,1
test,4466,4,1
test,4467,4,1
test,4468,4,4
test,4469,4,0
test,4470,4,4
test,4471,4,4
test,4472,4,0
test,4473,4,1
test,4474,4,1
test,4475,4,1
test,4476,4,4
test,4477,4,1
test,4478,4,1
test,4479,4,0
test,4480,4,4
test,4481,4,1
test,4482,4,4
test,4483,4,0
test,4484,4,0
test,4485,4,4
test,4486,4,0
test,4487,4,1
test,4488,4,1
test,4489,4,1
test,4490,4,0
test,4491,4,0
test,4492,4,1
test,4493,4,1
test,4494,4,1
test,4495,4,0
test,4496,4,0
test,4497,4,4
test,4498,4,0
test,4499,4,1
test,4500,4,0
test,4501,4,1
test,4502,4,4
test,4503,4,1
test,4504,4,4
test,4505,4,0
test,4506,4,4
test,4507,4,0
test,4508,4,1
test,4509,4,1
test,4510,4,1
test,4511,4,0
test,4512,4,4
test,4513,4,1
test,4514,4,0
test,4515,4,4
test,4516,4,0
test,4517,4,4
test,4518,4,1
test,4519,4,4
test,4520,4,4
test,4521,4,1
test,4522,4,4
test,4523,4,1
test,4524,4,0
test,4525,4,1
test,4526,4,4
test,4527,4,0
test,4528,4,1
test,4529,4,4
test,4530,4,1
test,4531,4,4
test,4532,4,1
test,4533,4,0
test,4534,4,0
test,4535,4,1
test,4536,4,4
test,4537,4,1
test,4538,4,4
test,4539,4,0
test,4540,4,4
test,4541,4,4
test,4542,4,4
test,4543,4,1
test,4544,4,4
test,4545,4,1
test,4546,4,1
test,4547,4,4
test,4548,4,1
test,4549,4,1
test,4550,4,1
test,4551,4,1
test,4552,4,1
test,4553,4,1
test,4554,4,0
test,4555,4,4
test,4556,4,1
test,4557,4,0
test,4558,4,4
test,4559,4,1
test,4560,4,1
test,4561,4,4
test,4562,5,1
test,4563,5,1
test,4564,5,1
test,4565,5,1
test,4566,5,1
test,4567,5,1
test,4568,5,1
test,4569,5,1
test,4570,5,1
test,4571,5,1
test,4572,5,1
test,4573,5,1
test,4574,5,1
test,4575,5,0
test,4576,5,1
test,4577,5,1
test,4578,5,4
test,4579,5,1
test,4580,5,0
test,4581,5,1
test,4582,5,1
test,4583,5,1
test,4584,5,0
test,4585,5,1
test,4586,5,0
test,4587,5,1
test,4588,5,1
test,4589,5,1
test,4590,5,1
test,4591,5,4
test,4592,5,1
test,4593,5,1
test,4594,5,1
test,4595,5,1
test,4596,5,4
test,4597,5,1
test,4598,5,1
test,4599,5,1
test,4600,5,1
test,4601,5,1
test,4602,5,0
test,4603,5,1
test,4604,5,1
test,4605,5,4
test,4606,5,1
test,4607,5,1
test,4608,5,1
test,4609,5,0
test,4610,5,1
test,4611,5,1
test,4612,5,0
test,4613,5,1
test,4614,5,1
test,4615,5,1
test,4616,5,6
test,4617,5,1
test,4618,5,1
test,4619,5,1
test,4620,5,1
test,4621,5,1
test,4622,5,1
test,4623,5,1
test,4624,5,1
test,4625,5,0
test,4626,5,1
test,4627,5,1
test,4628,5,1
test,4629,5,1
test,4630,5,1
test,4631,5,1
test,4632,5,1
test,4633,5,1
test,4634,5,1
test,4635,5,1
test,4636,5,1
test,4637,5,1
test,4638,5,1
test,4639,5,1
test,4640,5,0
test,4641,5,1
test,4642,5,1
test,4643,5,1
test,4644,5,1
test,4645,5,1
test,4646,5,1
test,4647,5,1
test,4648,5,1
test,4649,5,1
